id,version_id,content_sha256,title,primary_topic,subtopic,secondary_topics,evidence,reason,review_status,quality_flag,validation_status
203,1,9b0cff0c66c298ccf16fbe0325611720ef780030d6d2a09440ff5a9e7f20293f,俯卧T字训练,力量与稳定性,上肢肩胛稳定,,增强肩胛胸廓关节的稳定性,俯卧侧平举配合肩胛内收保持直接服务肩胛稳定目标。,proposed,,passed
204,2,a19a88ffbc576665dfc415bee7f68bcf665cd616e6dd94d0b4b3a62e6fc10c21,俯卧Y字训练,力量与稳定性,上肢肩胛稳定,,激活肩部及肩胛骨周围肌群,Y形抬臂时收紧肩胛并短时保持以激活肩带稳定肌。,proposed,,passed
205,3,dc5b70e3b3a05b0676d3954e25338925f2d552cb42eb969a201ec543a0cee1e0,俯卧W字训练,力量与稳定性,上肢肩胛稳定,,然后双臂上抬并屈肘后拉至与躯干呈W字形,从前伸到屈肘后拉的主要要求是肩胛内收及肩带稳定。,proposed,,passed
206,4,0de95a59c233ad7c10186b401660be735202067f53ba30fedcc1d8ee82ac3633,站姿俯身T字训练,力量与稳定性,上肢肩胛稳定,,增强肩胛胸廓关节的稳定性,俯身保持髋腿固定并完成T形抬臂强调肩胛肌群控制。,proposed,,passed
207,5,483f4a0c20682af225cef8059d6b37e7278f02454b2eb7885e46ccd14e542050,站姿俯身Y字训练,力量与稳定性,上肢肩胛稳定,,双臂伸直斜向上举过头顶,正文采用踩住弹力带后俯身上举以强化肩胛周围肌群。,proposed,,passed
208,6,b4daf8fab03c21c92118ced5dd7c8e57f7f184e11688821c7ff9ce811be48040,站姿俯身W字训练,力量与稳定性,上肢肩胛稳定,,然后双臂屈肘后拉至与躯干呈W字形,俯身W形后拉以肩胛内收和稳定性为明确训练目标。,proposed,,passed
209,7,0455cd6ecf3999ad54b0fbe598b3909d02f58bd94346b86f00e20067660941ac,肩胛骨俯卧撑训练,力量与稳定性,上肢肩胛稳定,,重复向内收紧、向外打开肩胛骨至规定的次数,直臂承重下反复肩胛前伸后缩聚焦肩胛胸廓控制。,proposed,,passed
210,8,23bba186fd9716ac20b82b1cfaf7ed6eb4b1c9e1cfb691f66727b90f75cf596a,弹力带水平外展训练,力量与稳定性,肩带与上背抗阻力量,,强化肩部及上背部肌群,弹力带水平拉开以肩部和上背肌群抗阻强化为中心。,proposed,,passed
211,9,17d5442efd3c6f497c3c828f6051d43241b8f34ec75448a38f99f72b8ea574c4,弹力带45度斜向外展训练,力量与稳定性,肩带与上背抗阻力量,,强化肩部及上背部肌群,双臂斜向对拉增加肩带抗阻负荷并维持肩胛稳定。,proposed,,passed
212,10,bc41fe20241509bde50548b1ed44a57e43c86c5313717e5ce6b1e46d58a92be9,弹力带抗阻W字下拉训练,力量与稳定性,上肢肩胛稳定,,强化肩部及肩胛骨周围肌群,从Y形转W形下拉通过弹力带阻力强化肩带稳定肌群。,proposed,,passed
213,11,1c3e01b01bce6204c1e1ca511c7cefe59230172498f798619d336ffcb774f3e8,弹力带抗阻Y字训练,力量与稳定性,上肢肩胛稳定,,增强肩胛胸廓关节的稳定性,站姿抗阻上举配合躯干固定服务肩胛稳定训练。,proposed,,passed
214,12,5976527cacd14ceb305d44d162afddc6519af4ba80273a47a857abbe34c41deb,弹力带站姿俯身Y字训练,力量与稳定性,上肢肩胛稳定,,激活肩部及肩胛骨周围肌群,踩带俯身上举以肩胛收紧及抗阻抬臂为主要练习内容。,proposed,,passed
215,13,ea92d4735326f28efe15f5f2c666037e87b20c093b1cf426cd7bc840f76821ad,弹力带肩胛骨后缩训练,力量与稳定性,上肢肩胛稳定,,激活肩部及肩胛骨周围肌群,正文先后缩肩胛再双臂上举以训练肩带稳定控制。,proposed,,passed
216,14,96c238ccbea5fc7d5a3a03826f9b0eaad8e23114d3e5ea8b195bd816422d81d9,弹力带四点跪姿后顶瑞士球抬臂训练,力量与稳定性,上肢肩胛稳定,,右臂向身体正前方上抬至与躯干呈一条直线,跪撑固定下肢后单臂抗阻前抬明确以肩胛肌群激活为目标。,proposed,,passed
217,15,46f43e91057d21912579ce54e9fd92e25130912b4f2a1570aa8b02a134a86a29,弹力带肩胛骨后缩双臂上举训练,力量与稳定性,上肢肩胛稳定,,增强肩胛胸廓关节的稳定性,肩胛后缩结合双臂上举以稳定肩胛胸廓关节为主。,proposed,,passed
218,16,5ab0d202d0631b138dcf513960a734c9840e47e2539962e5c2c592165c4531c8,迷你带蚌式训练,力量与稳定性,髋外展力量与骨盆稳定,,激活并强化髋外展肌群，提高骨盆稳定性,侧卧蚌式抵抗迷你带完成开膝以强化髋外侧稳定肌。,proposed,,passed
219,17,3c82b1bcbb0ebcd873727f57e3b4c4ebec9a4786e28870253d81cd6527c9513e,迷你带站姿单腿外展训练,力量与稳定性,髋外展力量与骨盆稳定,,右腿外旋，使膝关节向外打开至最大限度,站姿浅蹲固定双脚并单侧开膝围绕髋部肌群强化。,proposed,,passed
220,18,2cdf95ddad45e1e84334e3424114027ec6dfb448d3eb60250c50d78d84e1378e,迷你带站姿双腿外展训练,力量与稳定性,髋外展力量与骨盆稳定,,双腿同时外旋，使膝关节向外打开至最大限度,双侧同步开膝抵抗迷你带负荷以提高骨盆稳定性。,proposed,,passed
221,19,d77e2d722708bb1535425794de39eec94a9f7c8ab6f5c45d82bf50a291093f1d,迷你带侧向行走训练,力量与稳定性,髋外展力量与骨盆稳定,,激活并强化髋外展肌群，提高骨盆稳定性,带阻侧向迈步在浅蹲位持续负荷髋外展肌群。,proposed,,passed
222,20,780e2748c90792525a54a4151a284dc03e8d1cbf289dda17d7c091d1546e313a,迷你带向前行走训练,力量与稳定性,髋外展力量与骨盆稳定,,激活并强化髋外展肌群，提高骨盆稳定性,前后带阻行走的明确目标是髋肌激活与骨盆稳定。,proposed,,passed
223,21,e6a83d3c12bd95a917cf8668b4fcd38ea3ed69e1985b13449c69cbc288eb8b8a,迷你带深蹲训练,力量与稳定性,下肢力量与髋膝稳定,,屈髋、屈膝下蹲至大腿平行于地面,迷你带深蹲结合膝脚对齐要求训练下肢发力及髋膝稳定。,proposed,,passed
224,22,daad135d1e38425c6a8e2605cc35193a77897b38fd9468ee6d31d78a2670c678,单腿站立训练,基础动作与身体控制,单腿静态平衡,,强化下肢平衡性及稳定性，增强动作控制能力,单腿站于平衡垫保持姿势以静态平衡控制为核心。,proposed,,passed
225,23,b164b95336b014e6667d4078cf32b9cf346f88352399823eb7d7dd024dcd92fe,闭眼单腿站立训练,基础动作与身体控制,闭眼单腿平衡,,强化下肢平衡性及稳定性，增强动作控制能力,闭眼提高单腿姿势维持难度且正文目标集中于运动平衡。,proposed,,passed
226,24,27224a14d766331198b8720a5073c9624c9899ecd7a1722aa6f1ecf6d0ac51fd,燕式平衡训练,基础动作与身体控制,单腿俯身平衡,,增强下肢平衡性和稳定性,单腿支撑配合俯身后抬腿主要训练燕式姿势平衡。,proposed,,passed
227,25,424686f0d19776669a5462a7893e8d23038f4f621654300bd8d91d1347dde61b,单腿俯身多点触摸训练,基础动作与身体控制,单腿多方向动态平衡,,分别伸够触摸身体左侧和右侧的哑铃,单腿俯身向多方向够物主要考验重心转移时的平衡控制。,proposed,,passed
228,26,6a0f4e86d974119256a16c98cbd4cc87b777090349a06bb76451dd521e4b6ca4,侧卧单腿外展训练,力量与稳定性,髋外展力量与骨盆稳定,,激活髋外展肌群，提高骨盆稳定性,侧卧直腿上抬及画圈进阶围绕髋外展肌负荷与骨盆稳定。,proposed,,passed
229,27,61b2329e2465ba7979e5c9f73ff1426a7dde425ff835fcec2c4980123d11d512,站台阶单侧提髋训练,力量与稳定性,臀肌力量与骨盆稳定,,激活并强化臀部肌群，提高骨盆稳定性,台阶单侧提髋以臀肌发力恢复两侧骨盆水平。,proposed,,passed
230,28,fadb2ffbdafbf780cb0f352f250078c910a92ff11968b2571fa47ad72a7ab3f7,弹力带向内牵拉训练,基础动作与身体控制,单腿抗扰动平衡,力量与稳定性,对抗弹力带施加的拉力,单腿站立承受向内牵拉和可变扰动主要训练姿势平衡控制。,proposed,,passed
231,29,2cedb5b8550a22cb577cea64be8bbfad9efe38363558ab427e170c141fa9d5e6,弹力带向外牵拉训练,基础动作与身体控制,单腿抗扰动平衡,力量与稳定性,强化下肢平衡性及稳定性，增强动作控制能力,向外牵拉时维持单腿姿势以抗扰动平衡为主目标。,proposed,,passed
232,30,9bb7a1739c691fc0ca62509ff1adf002a4cd1eeebf07ecb21a5a43fa822946a5,平衡垫单腿站立训练,基础动作与身体控制,单腿静态平衡,,保持身体稳定至规定时间后,平衡垫上屈髋抬腿后持续单腿支撑聚焦静态平衡。,proposed,,passed
233,31,4c5cefd3d691992a281167ccf28564d51dc63178788c8e6759099bbf9ec10947,平衡垫闭眼单腿站立训练,基础动作与身体控制,闭眼单腿平衡,,强化下肢平衡性及稳定性，增强动作控制能力,移除视觉参照后保持单腿稳定仍以平衡动作控制为教学目标。,proposed,,passed
234,32,808ef18716ee4868b2bf56320ce6c1629ad4aec53c70ac00e47baa40d1ba7625,平衡垫燕式平衡训练,基础动作与身体控制,单腿俯身平衡,,增强下肢平衡性和稳定性,在平衡垫完成燕式俯身并保持身体水平主要训练单腿平衡。,proposed,,passed
235,33,79fc519ed5bd6948e55cd40df44bf5e04806bc26b87da173ffdb5f00d9d7139a,平衡垫单腿俯身多点触摸训练,基础动作与身体控制,单腿多方向动态平衡,,双手伸够触摸中间的哑铃,单腿支撑下轮流触摸前方及左右目标训练动态重心控制。,proposed,,passed
236,34,cdc63d8805ecf54f86f85108cc9bd28fc5533350dd5490ed2a742a114d49191f,平衡垫站姿单腿外展训练,力量与稳定性,髋外展力量与骨盆稳定,基础动作与身体控制,激活并强化髋外展肌群，提高骨盆稳定性,虽在平衡垫练习但明确目标是髋外展肌强化且进阶增加外展阻力。,proposed,,passed
237,35,1dfeccf196ffe68d3104d4bcf3e30bf830f41e81d3de1f8d74447455ae4f65d0,俯卧-I字训练,力量与稳定性,上肢肩胛稳定,,双侧肩胛骨向内、向下收紧,动作规定收紧肩胛后小幅抬臂保持足以支持肩胛稳定分类。,proposed,,passed
238,36,148c54f09b9799f13711e6c4b52c00adf38263d3b7d70f4f39c804bfe5f8b203,泡沫轴俯卧T字训练,力量与稳定性,上肢肩胛稳定,,肩胛骨向内、向下收紧,单侧T形手臂从泡沫轴抬离并保持主要训练肩胛稳定肌控制。,proposed,,passed
239,37,ec5c01c8262d9a0ea8d49d2a6ce0524d34f368cfd88c429a611992e3658bfd6d,泡沫轴俯卧Y字训练,力量与稳定性,上肢肩胛稳定,,抬起左臂2～3厘米，保持3～5秒,单侧Y形抬臂结合肩胛内收下沉属于肩带肌群激活保持。,proposed,,passed
240,38,d43c506ab987cb58fb1d56b8e3a1097ecc75a425dc80f6b1d48189c4c392e0f2,瑞士球-I字训练,力量与稳定性,上肢肩胛稳定,,双侧肩胛骨收紧，双臂向前抬起,球上俯卧时收紧肩胛并向前举臂构成肩带稳定练习。,proposed,,passed
241,39,dd43900684ffeaf828e5f4df821aed3aed443df96b525c9bae7687c9d461ba0c,瑞士球-T字训练,力量与稳定性,上肢肩胛稳定,,双侧肩胛骨收紧，双臂向两侧抬起,球面支撑下T形抬臂以肩胛内收和肩部控制为重点。,proposed,,passed
242,40,ce4963c96452eeda4825526e3b7854139bf13f67f117323faaff35189bea7250,瑞士球-Y字训练,力量与稳定性,上肢肩胛稳定,,手臂伸直，双侧肩胛骨收紧,俯卧球上完成Y形抬臂重点在肩胛收紧与肩带稳定。,proposed,,passed
243,41,c09275b80c4893dfc70fbf5bd410dc194405f35e027f13a5bb1bb6787da876eb,瑞士球-W字训练,力量与稳定性,上肢肩胛稳定,,肩胛骨向内、向下收紧,屈肘W形上抬由肩胛内收下沉引导主要训练肩带稳定。,proposed,,passed
244,42,2392d2eb65c64e6699989276eaff93c4116ff495f0f7428daf7cc733efd174f7,瑞士球-L字训练,力量与稳定性,肩外旋与肩胛稳定,,双侧肩胛骨向内、向下收紧后,肩胛收紧后屈肘抬前臂构成肩外旋及肩胛稳定练习。,proposed,,passed
245,43,163174e240c02786c74ef5ba8882d1f35160300d6b2b4a935bd0fb788c718c08,瑞士球-屈伸肩训练,力量与稳定性,躯干核心抗伸展,,保持背部呈一条直线,推球前移且维持背部直线暂归核心抗伸展；双膝伸直及双肘撑起球的支撑描述需澄清。,needs_review,,passed
246,44,70ef19226589ecbc0c334df669d50d9a5d89a8403611a53f6db4f1919bdeaa95,瑞士球-俯卧撑训练,力量与稳定性,上肢推撑力量,,腹部收紧，降低躯干至胸部贴近球面,球上俯卧撑反复降低再推起躯干主要强化上肢推撑能力。,proposed,,passed
247,45,55d736c3f07206c895d7a9470b00f1887a206bf290a7e200f851aa573bae1a3a,瑞士球-仰卧侧平举训练,力量与稳定性,躯干与骨盆抗侧倾稳定,基础动作与身体控制,臀部收紧，髋部伸直,暂按伸髋保持时侧向滚球的躯干稳定分类；正文未交代肩胛控制与平衡训练的主次。,needs_review,,passed
248,46,4e29a12f9489c03ade73f292f924110c38a5fba066d1bc41160f3cf5e3e2a5ff,站姿-I字训练,力量与稳定性,上肢肩胛稳定,,双侧肩胛骨向下、向内收紧后,站姿I形上举以先收紧肩胛再抬臂为核心控制要求。,proposed,,passed
249,47,08d98e0eca803b0c1e337b6f3ca0ccfa2d6d2f0efb86e83141d218febec65d21,站姿-Y字训练,力量与稳定性,上肢肩胛稳定,,双侧肩胛骨向下、向内收紧,站姿Y形举臂强调肩胛下沉内收支持肩带稳定分类。,proposed,,passed
250,48,c5dc03019c87f856cbb6e7ec7da2f7e98ce348d6164b194cc03b41ef7f95d1b8,站姿-T字训练,力量与稳定性,上肢肩胛稳定,,双手侧向抬起与躯干形成T字,肩胛固定后侧向抬臂主要训练肩带姿势稳定。,proposed,,passed
251,49,6bff8e74d2c91a55323f3d9ae3caf56dd159cfed0f0ae63e36e15824967955b5,站姿-W字训练,力量与稳定性,上肢肩胛稳定,,抬起手臂与躯干形成W字,站立屈肘上举伴肩胛内收下沉以稳定肩带为主要任务。,proposed,,passed
252,50,e5925dd6e8229c6e2d12d8e19ec42e5a65aac24805b289b2a41696038946aebe,站姿-L字训练,力量与稳定性,肩外旋与肩胛稳定,,然后前臂向上抬起形成L字,俯身收紧肩胛并转抬前臂体现肩外旋与肩带稳定控制。,proposed,,passed
253,51,ec9bf6ef639ff7acf4baf47bc046dd56df64d440d41d28ead0bdead055803cd8,跪撑-单手撑训练,力量与稳定性,跪撑核心抗旋转,,腹部收紧，抬起右臂向对角线方向伸出,跪撑减少单手支点并对角伸臂时需腹部稳定躯干。,proposed,,passed
254,52,bb67d2ff3b3536e8de753c57e42ea8d2133a4ea77ad94bf73b3dbb645054440e,跪撑-单腿伸训练,力量与稳定性,跪撑腰盆稳定,,抬起左腿与躯干呈一条直线,腹部收紧的跪撑位伸腿要求保持腰盆及躯干对齐。,proposed,,passed
255,53,2f0e1c16685d22f5fc3d9f05d2f7172449f11e264b50f57aa833f34c7df50175,跪撑-单手单脚伸训练,力量与稳定性,对侧支撑核心抗旋转,,同时抬起右手及左脚，直至与地面平行,跪撑位对侧手脚同时离地以减少支点训练核心稳定。,proposed,,passed
256,54,9d327f67dcd9b8ab9fc7c9211fcb362c9c5c5b22222c0f6da70d11f538726675,平板支撑-俯卧撑训练,力量与稳定性,上肢推撑力量,,双手推起躯干，保持腹部收紧,反复降低身体再用双手推起构成自重上肢力量训练。,proposed,,passed
257,55,be9f9dc80c9845b3415e98472eb28be54cc31387d7931e6018748929882ded9e,平板支撑-单腿伸训练,力量与稳定性,平板支撑核心抗旋转,,保持头部、背部、下肢呈一条直线,平板位单腿抬起保持身体直线主要挑战核心抗旋转稳定。,proposed,,passed
258,56,432098d3e4274de2b9f4fb82f71a498f0ebb8c32d765f2a9f7d771e7addf667e,平板支撑-单手伸训练,力量与稳定性,平板支撑核心抗旋转,,躯干保持不动，慢慢抬起右臂,直臂平板减少一侧手支撑且固定躯干聚焦抗旋转能力。,proposed,,passed
259,57,d614e6e34be3ca9d736200b93338660f30b62f65876f5fa55cd024ecc125c9be,平板支撑-单手单脚伸训练,力量与稳定性,对侧支撑核心抗旋转,,躯干保持不动，同时抬起右手及左脚,两点对侧支撑下固定躯干主要训练核心抗旋转与抗伸展。,proposed,,passed
260,58,d70e1f722089ebb625c3c401cb621f765d13f2eb883a61a1f2b99c6ca61e62a5,俯桥训练,力量与稳定性,躯干核心等长支撑,,双肘、双脚呈支撑姿势，保持20～30秒,肘脚支撑持续保持属于躯干核心等长稳定练习。,proposed,,passed
261,59,6ffb27ae47cc57a0073ece683e44101042253c72a878599907879980f6fce0fe,俯桥-单腿伸训练,力量与稳定性,俯桥核心抗旋转,,躯干保持不动，抬起左脚保持1～2秒,肘撑位交替抬腿并固定躯干强调核心抗旋转稳定。,proposed,,passed
262,60,ab362e8152cae817c2670180246fae7fbdb985c9ab09ea0a6cd9a870e3841905,俯桥-单手伸训练,力量与稳定性,俯桥核心抗旋转,,保持身体稳定不动，慢慢抬起右手,肘撑下交替抬手使支点减少主要训练躯干稳定。,proposed,,passed
263,61,850487156c9995dbe51ec3212ece786875259de629ff26e628a48d64f6ea1071,俯桥-单手单脚伸训练,力量与稳定性,对侧支撑核心抗旋转,,保持身体稳定不动，慢慢抬起右手及左脚,肘撑位对侧手脚离地仍保持身体稳定聚焦抗旋转核心控制。,proposed,,passed
264,62,f87366735bbdd8708412bbefb18337a46559aef4e3bd4b04367c8fcf1a6d0601,瑞士球-平板屈膝训练,力量与稳定性,支撑位屈膝收腹,,屈膝尽量贴近胸部，直至脚尖触及瑞士球顶部,手撑地将球随屈膝拉近身体构成动态收腹及核心稳定练习。,proposed,,passed
265,63,951a557ffe04b7313ebdb71c64c0d52b581b0a7e047cd4f12d388aaee4d2916a,瑞士球-单手单脚伸训练,力量与稳定性,对侧伸展腰盆稳定,,保持背部平直，同时抬起右手和左脚,球上腹部支撑并对侧伸展要求维持背部平直以训练腰盆稳定。,proposed,,passed
266,64,d3b6252208b8081ea02b95fc8dbc13de34bfb0d17aec6a250f8f0f35c2cbc7f0,屈膝侧平板撑训练,力量与稳定性,躯干核心抗侧屈,,躯干保持一条直线，右手推起髋部离地,屈膝侧撑持续抬髋以抵抗躯干侧向下塌。,proposed,,passed
267,65,dbdd73055baacd92d8d348990f987ef7a9f7459ee1d1679ad5dd74d55efde224,分腿侧平板撑训练,力量与稳定性,躯干核心抗侧屈,,左手伸直推起躯干，双腿伸直保持10～15秒,分腿侧平板保持躯干直线属于侧向核心等长支撑。,proposed,,passed
268,66,221f232e39a2fefa3c8837b1be09800d2690e1554392d3325fcf03fa4d3531e1,分腿侧桥撑训练,力量与稳定性,躯干核心抗侧屈,,右肘屈肘90°推起躯干,分腿肘侧撑维持身体直线主要训练侧向躯干稳定。,proposed,,passed
269,67,efd46acaa9b0d05ff641945ad1afeb2aa68a63e4b28503e2d7f4df1d18e60609,侧桥训练,力量与稳定性,躯干核心抗侧屈,,双脚并拢伸直保持10～15秒,并腿侧桥在窄支撑条件下持续撑起躯干强化抗侧屈稳定。,proposed,,passed
270,68,d8c07810e0aa1bb7c90a22cdd29949151f7493fb268e3fd94146198e3927939c,瑞士球-卷腹训练,力量与稳定性,腹肌力量与躯干屈曲,,腹肌收紧，躯干弯曲，肩部推起，卷腹上推,球上卷腹以腹肌主动收缩和躯干屈曲为主要发力任务。,proposed,,passed
271,69,964ac40b8e58b280df24d5e7a43a3fcf58be5f6be5e8fe443502c1c5ce7d906f,瑞士球-俄罗斯旋转训练,力量与稳定性,躯干旋转与腰盆稳定,,腹部收紧，伸髋保持躯干、大腿与地面平行,伸髋支撑同时左右转体训练躯干旋转发力和腰盆稳定。,proposed,,passed
272,70,079b765d125c4443a6369d99943966a208136342f51c42ef912901555c50f4a1,臀肌桥-双腿训练,力量与稳定性,臀肌伸髋力量,,臀部收缩抬起髋部,双腿臀桥由臀肌收缩抬髋并保持对齐主要训练伸髋力量。,proposed,,passed
273,71,a242b2d5a27e0df10bee7b03dc53434d7d9ac0d50e515ecc6cf0fd47fe4162d7,臀肌桥-单腿直膝训练,力量与稳定性,臀肌力量与单侧骨盆稳定,,保持臀肌桥姿势，右腿伸直,臀桥后单腿伸直使另一腿承担伸髋支撑并稳定骨盆。,proposed,,passed
274,72,d6928bd7b7ec2fa88789155afe8537738e38f0fb3a357d705b605bab73380cea,臀肌桥-屈膝军步训练,力量与稳定性,臀肌力量与单侧骨盆稳定,,保持臀肌桥姿势，屈膝抬起右腿,臀桥位交替屈膝抬腿以支撑侧臀肌维持伸髋和骨盆稳定。,proposed,,passed
275,73,b637b5b4be5e19b62d4f42fc6b81e18d19ed7450c8328bf7c3a58f2258fdabdf,臀肌桥-迷你带训练,力量与稳定性,臀肌伸髋力量,,臀部收缩抬起髋部,双腿套带完成臀桥以臀肌伸髋发力及髋部稳定为主。,proposed,,passed
276,74,97fb0cebaf85d98a809a1ff9fc4c7fc85caa65850da8ff150d50197352eba1fd,臀肌桥-药球训练,力量与稳定性,臀肌伸髋力量,,臀部收缩抬起髋部,夹球为附加任务而主体是臀肌收缩抬髋与桥式保持。,proposed,,passed
277,75,b889e89316a641fb5154983cdea31715985b195c5a5fa710b5b7b4cd4e074bca,瑞士球-夹球屈髋训练,力量与稳定性,腹肌力量与骨盆卷起,,夹球屈髋，直至骨盆离地、膝关节与胸部贴紧,仰卧夹球屈髋并卷起骨盆构成反向卷腹式核心力量练习。,proposed,,passed
278,76,00f7e72bc0b0fe5708eeb771455e2bc0710a5334c35a5631d6ce910034a5bee7,瑞士球-夹球转髋训练,力量与稳定性,躯干旋转控制,柔韧与活动度,夹球向左转髋，回到起始姿势,暂按夹球转髋的躯干旋转控制归类；缺少收紧保持及幅度要求使力量与活动度目标难分。,needs_review,,passed
279,77,00d2c27e4b287c78b8510607908b7a74626b2626d3e86ff0f80391c3f66abf04,瑞士球-臀肌桥训练,力量与稳定性,臀肌与下肢后侧链力量,,臀部收缩且髋部抬起,足跟支球且双腿伸直抬髋主要强化臀肌和后侧链支撑。,proposed,,passed
280,78,a81ab6aa9766db51100b2287f9efb2562be7cc943b1f3ee0c957b2473a88a779,瑞士球-单腿臀肌桥训练,力量与稳定性,臀肌力量与单侧骨盆稳定,,直膝抬起右腿，保持3～5秒,球上臀桥再抬单腿增加支撑侧伸髋及骨盆稳定负荷。,proposed,,passed
281,79,76d8c520fa562db6fc2ff424b2980c92aada725ecccdca9e210f3ac6a6283783,瑞士球-军步臀肌桥训练,力量与稳定性,臀肌力量与单侧骨盆稳定,,屈膝抬起右腿，保持3～5秒,足跟支球臀桥中交替屈膝抬腿主要维持单侧伸髋稳定。,proposed,,passed
282,80,ccd097c95789dd956e143e26a96f56daeca0021bcba726b3d227fe304132bea5,直膝髋外展训练,力量与稳定性,髋外展抗阻力量,,双腿套住迷你带，置于膝关节上方,正文在侧卧位直腿抗带抬起直接训练髋外展肌群。,proposed,,passed
283,81,0152e2c3cbf5569d0512a0a7284e5fa8f9b485a0ddcac1139b81fc55207ee1c7,屈膝髋外展训练,力量与稳定性,髋外展与外旋力量,,双脚勾住，脚跟并拢，左膝上抬,侧卧屈膝并夹住脚跟后抗带开膝以髋外展外旋发力为主。,proposed,,passed
284,82,38161a1aea6a209ce12c706d211bf9f908d54c14c55e60aca9e6cfbc97e91cbb,直膝髋外展-迷你带训练,力量与稳定性,髋外展抗阻力量,,躯干保持一条直线，双腿伸直,迷你带阻力下侧卧直腿上抬构成髋外展力量练习。,proposed,,passed
285,83,1749d8177ad3ef4e98687d0b27fe08b37abe5e60531034ef93e5c9cef3d13cd2,屈膝髋外展-迷你带训练,力量与稳定性,髋外展与外旋力量,,双脚勾住，脚跟并拢，左膝上抬,套带屈膝侧卧开膝主要负荷髋外侧及外旋肌群。,proposed,,passed
286,84,55b12f9dcc86a01b8804aeba4d8b195a8ae3d5ff1c31aebff21a2cbbb5e17dd9,跪撑一伸髋训练,力量与稳定性,臀肌伸髋力量,,保持双膝屈膝，向上举起右脚,跪撑屈膝向后上抬脚以伸髋发力为主要动作且腹部辅助稳定。,proposed,,passed
287,85,1256b8f3e2245cc068a163ec721684785799d7d90bddd0a4bfd4f2d34d4c2e8d,跪撑一髋外展训练,力量与稳定性,髋外展力量与骨盆稳定,,保持双膝屈膝，侧向慢慢抬起右腿,跪撑侧向抬屈膝腿集中训练髋外展及腰盆稳定。,proposed,,passed
288,86,f0bb2a3bf6f3d24ad19841ebbbd6229ad1da73aaf5cf7c0818002fce48dc09ae,瑞士球-交替伸髋训练,力量与稳定性,臀肌伸髋力量,,保持背部平直，向上抬起左腿,腹部贴球时交替向上抬腿主要完成伸髋发力与腰部稳定。,proposed,,passed
289,87,772ca1a51ff2ebabd00e18f5ee1e593d9bc1935bb047c61440dabc04b3b251cd,瑞士球-双腿伸髋训练,力量与稳定性,臀肌伸髋力量,,臀部收紧且屈肘，使双脚抬起至更高高度,正文明确要求臀部收紧并双腿抬高支持双侧伸髋力量分类。,proposed,,passed
290,88,e6d49dd6ef0e53675a04d97d5b69544cee7987534f2ebe2f1b2541887b503f88,对墙支撑训练,力量与稳定性,上肢推撑力量,,手掌撑墙，手臂做屈伸动作,墙面屈伸推撑并以距离调整负荷主要训练上肢力量。,proposed,,passed
291,89,12fd3d67213668289e4daa39952c37baa39000e497f445261e6d5d6d39a3e679,螃蟹举训练,力量与稳定性,仰撑腰盆稳定,,仰撑于垫子上，髋关节挺直，做举腿动作,仰撑位保持伸髋并交替举腿主要挑战腰盆及支撑肌群稳定。,proposed,,passed
292,90,6850a392dd528b43a6d3270e6dcee7c96231d0776e925addc11c0a18ec0943d9,螃蟹走训练,基础动作与身体控制,仰撑多方向移动,力量与稳定性,屈腿仰撑，胸、腹、大腿成一直线，横行,正文集中描述仰撑横行及前后移动暂归移动协调；缺少目标使核心稳定与位移教学主次待定。,needs_review,,passed
293,91,c6a70c5b0d0d6e87d759b146163952379cba0eed6d85613d3ce6154bb09021bc,首尾相接训练,柔韧与活动度,躯干后伸柔韧,安全防护与健康边界,练习者俯卧直臂撑地面，屈腿仰头，头足相触,头足相触体现大幅后伸柔韧任务；极限腰颈后伸仅配热身提示需专业核查适龄与安全。,proposed,专业复核,passed
294,92,1824520cd403317fe39a69ec9ba73ad99f1db424ef9c3ef996d14d046df00408,俯桥支撑训练,力量与稳定性,上肢推撑与核心支撑,,手肘弯曲的时候身体匀速下降至鼻尖触地,主体为反复屈伸臂推撑并附静态俯桥变式共同服务支撑力量。,proposed,,passed
295,93,d8d9640e02685b7372ecfed562171f5df61e22fac189382ac1230db95b05be08,捡贝壳训练,力量与稳定性,俯撑核心抗旋转,,身体挺直，手向前伸出捡回一定数量的贝壳,脚固定且俯撑单手前伸取物主要增加核心和支撑肩稳定要求。,proposed,,passed
296,94,8f3026e90fc34fb8a98a9b45984155997dd4709f190dbb984fa05c7e988f4787,跪立前行训练,同伴互动与社会性,集体协作移动,基础动作与身体控制,每人双手扶住前者的腰部成一路纵趴,串联扶腰集体前行暂归同伴协作；目标缺失且队形文字含糊使协作与运动控制主次待核。,needs_review,,passed
297,95,be4b08428dc595e8ae94bde9a2a85b631a54d21a8f3acced47d032dc4a3089ef,侧桥支撑训练,力量与稳定性,躯干核心抗侧屈,,身体要保持在同一平面,侧撑保持躯干和骨盆对齐主要训练抗侧屈；声称髋部旋转便无锻炼作用过于绝对需专业复核。,proposed,专业复核,passed
298,96,3e1ad065f919093dbbb61052dfff932924d321f29828e78ae27fc59636538ae9,肩侧撑训练,力量与稳定性,侧撑核心与肩带稳定,,动作过程中腰、臀部不可下塌,单手单脚侧撑并上侧触脚要求肩带承重和腰盆抗侧屈稳定。,proposed,,passed
299,97,fac087631ad8f3d052552ecc241afefb9e0688c2edbc0ed553480e905522a996,小猫弓背训练,柔韧与活动度,脊柱屈伸活动度,基础动作与身体控制,呼气、低头、含胸、拱背,跪撑配合呼吸交替塌腰拱背以脊柱屈伸活动控制为主要内容。,proposed,,passed
300,98,e56e1ed6d1ab465d36c4fb516dbcacaf83c274e5310da976031909851c11b060,顶峰式训练,柔韧与活动度,肩带与下肢后侧链伸展,安全防护与健康边界,双肩下压，尽量将额头和双脚脚跟着地,倒V位压肩直膝落跟体现伸展目标；保持3次语句残缺且极限着地及充分压肩提示需专业复核。,needs_review,专业复核,passed
301,99,aec07cb2a487059e51f32e20b53a44c1a13522fc95ddd5c3c0c4023954636ecb,凯旋门训练,力量与稳定性,桥式伸髋与腰盆稳定,柔韧与活动度,双手虎口向上叉腰支撑，髋关节上顶成桥形,暂按抬髋桥式保持归腰盆稳定；手托腰支撑及准备拉伸提示使伸髋力量与后伸柔韧主目标待核。,needs_review,,passed
302,100,0d43601bf0b14fdef893bba8929a67c1dfae489352a1a73e5ff6ae83a2de11bf,海狗行训练,力量与稳定性,上肢支撑行进力量,基础动作与身体控制,两臂交替行进靠手臂力量使身体向前移动,正文直接指定靠手臂力量拖动身体前进以上肢承重发力为主。,proposed,,passed
303,101,c02b877b16e73cf631c308c5c67d0f88d3e43f526a6358765b8a7c37db39ecf4,大象走训练,基础动作与身体控制,四肢支撑移动,柔韧与活动度;力量与稳定性,行走距离逐渐加长,正文以支撑姿势模仿行走及增加距离为线索暂归移动控制；缺少手脚行进步骤和主目标需复核。,needs_review,,passed
304,102,63dc3eb5542f90205a0b559684f28407e45dec1bf079425c66a2d3263574302d,小兔跳训练,基础动作与身体控制,支撑蹬跳与落地协调,力量与稳定性,双腿屈膝后摆，双脚落地成蹲撑,前伸撑手接蹬地提臀再落回蹲撑构成连续蹬跳动作学习。,proposed,,passed
305,103,9f6c81d705d8334d0e8e0d94f27600fec53e1e8f8badb0570303f74e83ed2eda,袋鼠跳训练,基础动作与身体控制,单腿蹬摆与支撑移动,力量与稳定性,左腿蹬，右腿后摆，重心前移同时两手推地两臂前伸,单腿蹬地配合异侧后摆和双手前撑主要训练上下肢衔接协调。,proposed,,passed
306,104,fed94a1e73f060313ba3cec32279fbcefab85d3d5cbec40e149f9b1408414ed8,支撑拍脚训练,基础动作与身体控制,支撑腾空与双脚协调,力量与稳定性,两腿后摆分腿，两脚对拍，两脚并拢落地,手撑下腾空分腿拍脚再并脚落地重点是空中动作及落地配合。,proposed,,passed
307,105,6405af97b7c8af15316d68bbafd976d5451e3e5533f1ba3c9f9b252f84aac9e4,跪撑摆腿训练,力量与稳定性,伸髋力量与跪撑腰盆稳定,柔韧与活动度,另一腿由腹前摆踢至后上方，再收于腹前,暂按跪撑反复伸髋负荷归力量稳定；同时以摆幅进阶且缺少目标使柔韧与力量主次待核。,needs_review,,passed
308,106,a119886fd33caae9af19418fc883d74b3cbb70b6c6a7f35e373b411788365b76,蚂蚁搬家训练,力量与稳定性,双人支撑核心稳定,同伴互动与社会性,一人跪撑，一人俯撑，并将双脚搭于前者臀部,双人搭脚保持支撑暂归核心稳定；练习建议在教师应讲解处中断且起始站位与支撑转换不全。,needs_review,,passed
309,107,97c69b71976b70a823f0689347bd75562cde3907b88a21f8f799328d1abb2282,连续跳上单杠支撑训练,专项运动技能,体操单杠上撑与下法,力量与稳定性,直臂顶肩撑杠跳下,正文完整讲解跳上单杠挺身支撑和后摆跳下属于器械体操技术。,proposed,,passed
310,108,447db251c3b348ee9c13ec5d1fecaf8348b285d96743e2a34cef3a330165fd10,穿越隧道训练,力量与稳定性,静态支撑保持,基础动作与身体控制;同伴互动与社会性,在所有“列车”全部通过之前，一定要撑住,暂以搭隧道持续支撑为主；穿行角色训练爬行且未明确两种角色的教学主次需复核。,needs_review,,passed
311,109,ff02ade3732c77428773e64ce6e487f35cb850974f7828afcedffa3d51d56098,手推车训练,力量与稳定性,上肢支撑行进与核心稳定,同伴互动与社会性,练习者不要塌腰，练习者两臂必须伸直,同伴托腿后双臂承重行进并维持腰部稳定是主要身体任务。,proposed,,passed
312,110,e628f05542996388305e85981bcd680c74161462f33939dbc5298365b022923e,肩肘倒立训练,专项运动技能,体操肩肘倒立,基础动作与身体控制,教师应帮助练习者克服屈髋的错误动作,通过向上伸腿和纠正屈髋教授肩肘倒立的技术姿势。,proposed,,passed
313,111,b61b266f83109b0e0f9037171502e95007463782620a094919d111d275d99d0b,毛虫行训练,基础动作与身体控制,手脚顺序移动,力量与稳定性,两脚先向前移动，然后两手向前移动再成俯撑姿势,动作明确规定先脚后手及地面距离标记主要教授四肢移动顺序。,proposed,,passed
314,112,76dd4a1bce0b34c31f3c6c773dd4ed486e1e2a28b2fce4c6ee5dceefc98a86cd,仰撑屈膝四方移动训练,基础动作与身体控制,仰撑多方向移动,力量与稳定性,两手两脚交替前行或横行,正文集中于仰撑交替行进与方向变化；缺少主目标使协调学习与核心稳定主次待核。,needs_review,,passed
315,113,af810bca2899fb63992074565897ee843d05b6e6ffc23120412251ccedcfe2d7,弓步行进前后摆手,柔韧与活动度,肩髋联合活动度,,增加肩关节活动幅度,明确目标同时增加肩关节和髋关节活动幅度足以支持联合活动度分类。,proposed,,passed
316,114,498786a8e5c4ddfa3b86066a39fcd943f26170d68afe8cc362aa449f500928e1,弓步行进扩胸,柔韧与活动度,肩髋联合活动度,,增加髋关节活动幅度,正文两项训练目标均为肩髋活动范围扩展支持柔韧活动度主题。,proposed,,passed
317,115,a7b9fd029244e4914d4cfffb268cae3019cf6ad19da72693c7be46f1a7ea548d,行进双臂环绕,柔韧与活动度,肩关节活动度,,增加肩关节活动幅度,正文唯一实质训练目标为肩关节活动幅度增加。,proposed,,passed
318,116,5017d60ec0b0ae13e75be62fc70554a5d9b201a41dbb2e3cee01c8b19e6c80dc,行进间正踢腿,柔韧与活动度,大腿后侧动态伸展,力量与稳定性;基础动作与身体控制,踢腿幅度逐渐增加，骨盆不能后倾,直膝踢腿逐步加幅支持后侧肌群拉伸；并列爆发力和平衡目标且缺少主次暂待复核。,needs_review,,passed
319,117,e1cd4ea3877bdcc62addd12ab824a375b9730ac6291a5da70c403851a3d1ee38,行进燕式平衡,柔韧与活动度,大腿后侧伸展,基础动作与身体控制,拉伸腿部后侧肌肉,正文将后侧肌肉拉伸列为目标且以直膝俯身配合后抬腿实施。,proposed,,passed
320,118,dda1c18cb32e532c0ced490b37149856dcd02f24daabf484bce7fbc3d2254515,行进弓步压腿,柔韧与活动度,髋关节活动度,力量与稳定性,增加髋关节的活动幅度,暂以增加髋活动范围为主；仅并列活动度与稳定性目标且无步骤难以判断主次。,needs_review,,passed
321,119,5b2924aa60c32e729f25810f4d8244749d6cff8d57aee0aaa450c4151986f2e5,横向侧跨步,柔韧与活动度,髋横向活动与内收肌伸展,,增加髋关节的横向活动幅度,两个目标分别指向髋横向活动和大腿内侧拉伸且方向一致。,proposed,,passed
322,120,1228b181277134269e53fb772329929fe8db9222f68d385a7eb8520e3375de08,前倾弓步压腿,柔韧与活动度,髋部与背部伸展,,增加髋关节的活动幅度,正文以髋关节活动范围及背部肌肉拉伸共同构成主要目标。,proposed,,passed
323,121,fbb2b6733e20d0abded3917e4a6aaec2a776a4bfe9b7344c11b2468914b7c6d8,手足前爬,力量与稳定性,上下肢综合力量,柔韧与活动度;基础动作与身体控制,增加上肢及下肢肌肉力量,暂依首项明确目标归综合力量；同时列拉伸和平衡协调且无动作步骤需复核主次。,needs_review,,passed
324,122,6e0fd92081efabbd2f23fe30632012d7cde31640aa4655fc6cfd71a17e9db449,前摆腿,柔韧与活动度,髋活动度与大腿后侧伸展,力量与稳定性,拉伸大腿后侧肌肉,髋活动范围与后侧肌肉拉伸构成两项主要目标并辅以下肢激活。,proposed,,passed
325,123,5d49de921843b74110cc344f9c8bc3c61da967fc8ce210ce262e8cdf8c411ad5,横向侧踢腿,柔韧与活动度,髋横向活动与内收肌伸展,力量与稳定性,增加髋关节的横向活动幅度,侧向活动范围及内侧肌肉拉伸主导正文目标并伴随肌肉激活。,proposed,,passed
326,124,e570e13c2a9eab509984342ff8aaf862fcf63eabec9db817feb2fbb54a5e44c3,行进间抱膝提踵,柔韧与活动度,臀部伸展与髋活动度,基础动作与身体控制,双手抱膝，使大腿尽可能贴近胸部,抱膝贴胸并逐渐加幅主要服务臀部拉伸和髋活动度；提踵附加踝平衡任务。,proposed,,passed
327,125,c5feab0f796f5bf196f28f82560e4e5359422f4fe8ea9a21232f57ee79742548,行进间髋外旋提踵,柔韧与活动度,臀部及髋外侧动态伸展,基础动作与身体控制,在行走中进行动态拉伸,外旋抱膝踝上提的核心是臀部及大腿外侧动态拉伸并附提踵稳定。,proposed,,passed
328,126,202151f60542e30b40fc0780954187132a8fef6123a9259637a071a95430f7e2,反向屈膝提踵,柔韧与活动度,大腿前侧伸展,基础动作与身体控制,将脚后跟轻轻拉向臀部，同时支撑腿提踵,后跟拉臀明确针对大腿前侧伸展；踝关节十字韧带的解剖表述需专业复核。,proposed,专业复核,passed
329,127,cbabaf9b9da52711786e752e42c8d6e4ad0cf6487e6b94cd3c84d1db51afc3b1,坐姿屈膝后撑,柔韧与活动度,肩前侧与肱二头肌伸展,,拉伸前三角肌、肱二头肌,坐姿双手后移增加肩后伸幅度以拉伸肩前侧和上臂前侧肌肉。,proposed,,passed
330,128,9ddb7e3464e43c89577ebdc9f2189cd495fcfb8c566fbed97fc0a6ced25f7a4c,上肢向后伸展上提,柔韧与活动度,肩前侧动态伸展,,拉伸三角肌前侧肌肉,背后扣手再抬臂是以肩前侧拉伸为目标的动态活动。,proposed,,passed
331,129,79c5fe6a870671f8bbe36372f54697839bcd4e742053c85a64e2dce0ef5c1bac,跪姿推肩,柔韧与活动度,肩前侧伸展,,将一侧肩膀向地面推动,跪位单肩下推并释放的操作围绕明确的肩前侧肌肉拉伸目标。,proposed,,passed
332,130,e20518c628f23a7d5ff95ab5725e3ea0f66511810c7126c046d1e6b5600192fa,上肢后拉,柔韧与活动度,肩后伸活动度,,将训练者上肢向斜后方拉伸,辅助者握上臂向后牵拉用于扩大肩关节活动范围。,proposed,,passed
333,131,de0a023334b4fec89309e212d368ebfcc97296bd9f88a0f88d983523f9bed016,头部斜下转动,柔韧与活动度,颈部侧向伸展,安全防护与健康边界,将头部下压，使另一侧侧耳朵向肩膀靠,正文意图拉伸颈部肌群；手置同侧脸却压向另一侧的方向含糊且缺少颈部施力边界需专业复核。,proposed,专业复核,passed
334,132,9d49c0b0af72b2705d315d25a42325091afdeaac95efaa1e885294af863c17d5,反手屈肘侧拉,柔韧与活动度,肩部背后横向伸展,,将左手向右侧拉伸,屈肘背手后通过对侧牵拉增加肩部伸展幅度。,proposed,,passed
335,133,1f201975c34fe3dcb94e0ccb1eb9538cddef0b3e8574780a6e7c64913dfa12df,反手屈肘侧上拉,柔韧与活动度,肩部背后横向伸展,,将左手向右侧斜上方拉伸,辅助者固定肩膀并斜上牵腕实施背后肩部拉伸。,proposed,,passed
336,134,af568d27d169054bf331b91f80d77615c6b3b905eab146b0d4ed402964dce6f6,抱肘直臂侧压,柔韧与活动度,肩后侧伸展,,拉伸后三角肌、肱三头肌,直臂横过身体由对侧手拉肘主要伸展肩后侧组织。,proposed,,passed
337,135,3e2c80d3e516e1a1985f946535c45d82edce4b4d262b863afc31b5d9fb83e215,抱肘屈臂侧压,柔韧与活动度,肩旋转活动度,,拉伸大圆肌、肩胛下肌,固定前臂且上臂贴身后拉用于肩旋转相关肌群的拉伸。,proposed,,passed
338,136,c4432829b55d2da2d3b7963324af6b2d1911f16c7539940c9cb6c968409427b2,侧卧屈肘压前臂,柔韧与活动度,肩内旋活动度,,用力慢慢将左前臂向前推向垫子方向,侧卧屈肘下压前臂表现为肩内旋活动练习；所列肩胛下肌等靶肌对应及上臂位置矛盾需专业复核。,proposed,专业复核,passed
339,137,2e18b1f1d4a01f8b97add6ca3f1dabafd096559b6e1fcb9faa7f36ee4eaff7e8,双手背部向下拉伸,柔韧与活动度,肩上举与肱三头肌伸展,,双手分别在背部反向握住毛巾两头,下侧手牵毛巾使上侧屈肘臂拉伸服务肩上举及上臂后侧柔韧。,proposed,,passed
340,138,4d55d3a7f363c33c5845ff901335ba3785195cb53c05e49038b845e9079a8ec0,仰卧屈肘臂后倒,柔韧与活动度,肩旋转辅助伸展,,将训练者前臂推向垫子方向,固定肩后借前臂转动实施被动肩部拉伸；肱二头肌及肱桡肌等靶肌对应需专业复核。,proposed,专业复核,passed
341,139,a977db958b1d9b1c5fb5e6c057334f970f46752890e9b86ffc9014a48f837c10,坐姿反手撑腰内夹,柔韧与活动度,肩内旋活动度,,大腿内收使肩关节内旋幅度增加,坐姿夹肘直接增加肩内旋角度以伸展肩后侧肌群。,proposed,,passed
342,140,17f365c6c15614091c7fbdc5e70f72783744d662418b890bc2e9c74151eece6f,侧卧屈肘前倒,柔韧与活动度,肩内旋活动度,,右手握住左手腕，将左前臂推向垫子方向,肩肘固定角度后推动前臂主要是肩旋转拉伸；腕伸肌及肩胛下肌的靶肌对应存疑。,proposed,专业复核,passed
343,141,91209dd92b9fb4e237edf08c8fbf6e1996742c9bbbd9d5e55fe2c3ed36047a54,双手背部向上拉伸,柔韧与活动度,肩背后伸展活动度,,右手用力将毛巾上拉,背后上侧手牵毛巾带动下侧臂伸展以增加肩部活动范围。,proposed,,passed
344,142,d865892b4e2b91a8c9b2c72841408a2f2fc324b3611a615012fcb4c7b5e06c07,仰卧屈肘前倒,柔韧与活动度,肩旋转辅助伸展,,将训练者前臂向下方推向垫子方向,暂按固定肩后旋转前臂归肩活动度；安全句断裂及残句错位需补全且所列靶肌需专业复核。,needs_review,专业复核,passed
345,143,509cc4c0fa2bcf167538f5d50ab33d70e88ca4fc9076e73de20d8255d98a1c47,直臂后旋,柔韧与活动度,肱二头肌伸展,,上肢向斜后方抬的时候，前臂内旋,直肘后伸配合前臂转动按明确目标用于上臂前侧肌肉拉伸。,proposed,,passed
346,144,b4e2d6c591c73a31f9c37ebc54f685e4ccea170ff0f3fed27353dac332513692,直臂后撑下蹲,柔韧与活动度,肱二头肌与肩前侧伸展,,左手位置始终保持不变，屈膝降低上身高度,固定身后手臂再下蹲增加肩后伸以拉伸上臂前侧。,proposed,,passed
347,145,02560f82fe06dd6815520c6f9b39b0fc404ccf276513b2dfcbe391ca71e6a610,坐姿双臂后夹,柔韧与活动度,肩前侧与胸部辅助伸展,安全防护与健康边界,先向上提拉训练者双臂至最大幅度后将两臂向中间靠拢,后拉并夹拢双臂以伸展胸肩和上臂；最大幅度提拉与限幅提示冲突需专业审查。,proposed,专业复核,passed
348,146,ef16dfa3503a1f16fd8a8fa8bd89ae98aee5e5c916ab1bf949c371cc2559bbe2,坐姿屈肘后拉,柔韧与活动度,肱三头肌伸展,,拉伸肱三头肌肌群,上举屈肘置于脑后并由对侧手推肘直接拉伸上臂后侧。,proposed,,passed
349,147,950a94afee720bc9cfb4f8120ee5f82031b58acf1e97298d6f2434bf42035d57,站姿靠墙拉肘,柔韧与活动度,肱三头肌伸展,,右手加压使左肘关节屈度增加,靠墙固定上臂再增加屈肘角度以拉伸肱三头肌。,proposed,,passed
350,148,d3fac21e8e90c8264c131096ed17e017c1b31b14e4f030b1036c3d150d8beb37,肩上屈臂拉肘,柔韧与活动度,肱三头肌辅助伸展,,左前臂置于头部后方,辅助者固定高举手臂并增加屈肘幅度服务肱三头肌拉伸。,proposed,,passed
351,149,d71b7d88199af735586db035218f231c59c7a6cda457364c3c9b997022c0df54,五指交叉腹前反压,柔韧与活动度,前臂屈肌与腕伸展,,拉伸前臂屈肌肌群,十指交叉反掌前推至伸肘主要牵拉前臂屈肌。,proposed,,passed
352,150,b82728342f112376bd7922fa03807e62722470933cc45c5077edd70cb6bf3f04,压手掌,柔韧与活动度,前臂屈肌与腕伸展,,右手握住左手掌向下向后进行拉伸,对侧手带动掌心上向的手掌后压用于前臂屈肌伸展。,proposed,,passed
353,151,fee2ab66d57c4edb9ea4198f9dd6ce8856c65ed9319cef13bd60faa6607fcf4b,跪姿双手反压,柔韧与活动度,前臂屈肌与腕伸展,,五指向后指向自己，大拇指朝外,反向手指撑地并后移重心通过腕背伸牵拉前臂屈肌。,proposed,,passed
354,152,564c1ba10ced8eb9bcc56a5bd247dc6fc992040b92d4be2d5fa48767181a0849,辅助直臂压掌,柔韧与活动度,前臂屈肌辅助伸展,,将手掌向下、向后压，向内旋转,辅助者固定手腕并压掌形成前臂屈肌的被动拉伸。,proposed,,passed
355,153,dcce303e447a0f1463bc9b198d12442090820ee5a6be0fc3dc400e85cb34d1c5,握拳直臂下压,柔韧与活动度,前臂伸肌与腕屈曲,,将左拳向下向后拉伸,伸肘握拳后屈腕下压针对前臂伸肌伸展。,proposed,,passed
356,154,cbe3d50369e525d06bbcdae2193cc037983a1c7ffa6528fecd42f59e0f325165,前臂内旋,柔韧与活动度,前臂伸肌与腕旋转伸展,,使左手手腕屈并向内旋转拉伸,屈腕配合旋转的拉伸动作围绕前臂伸肌柔韧目标。,proposed,,passed
357,155,a5125850db5c477f0327bb13fbf5b8e9af025f1d92f4f294b42f35c833aa991e,辅助前臂下压,柔韧与活动度,前臂伸肌辅助伸展,,将训练者左手掌心向下、向后拉伸,辅助者固定前臂后压掌并旋转以完成前臂伸肌被动伸展。,proposed,,passed
358,156,e58076fb3d1ed99d6ddcd98182fce749e3d44f7f3ab94dc1fe4211498d515358,前臂高抬屈肘外旋,柔韧与活动度,高位胸肌与肩部伸展,安全防护与健康边界,肩关节外旋向外打开，外旋应大于90°,高位固定前臂后开肩意在拉伸胸肌；统一要求肩外旋超过90度的适用性需专业复核。,proposed,专业复核,passed
359,157,d0e9c33e70f57c844416a1160cac66624fa31205038ef83a3e179edae1a42e3b,前臂平抬屈肘外旋,柔韧与活动度,平位胸肌与肩部伸展,安全防护与健康边界,肘关节与肩膀平齐,平肩固定前臂再打开肩部实施胸肌拉伸；统一外旋角度门槛及下束定位需专业复核。,proposed,专业复核,passed
360,158,6ef57605c06187372618f4a7553b4013f62445ba3cc53a466a5a13cfa72cf8f3,前臂低位屈肘外旋,柔韧与活动度,低位胸肌与肩部伸展,安全防护与健康边界,肩关节外旋向外打开，外旋应大于90°,低肘位固定前臂开肩服务胸肌伸展；强制外旋角度及靶肌束对应需专业复核。,proposed,专业复核,passed
361,159,4ce806f45d7c1c647c9c72c309197b67ac4bd723430377f7d9311e2d5f902f23,双手脑后抱头扩胸,柔韧与活动度,胸肌辅助伸展,安全防护与健康边界,双手握住其上臂并单腿抵住训练者脊柱,后拉双臂的主旨为扩胸拉伸；辅助者单腿直接抵住脊柱施力且无保护说明需专业复核。,proposed,专业复核,passed
362,160,b0ec5a6665e7c7572fd34f1d667c7d0055d65dc2749ff72bf4fcbdcb69ebd7d6,屈肘抱头外展,柔韧与活动度,胸肌伸展,,两侧肩胛骨向中紧压，肘部向后拉伸,抱头开肘的肩胛内收用于实现正文明确的胸部拉伸目标。,proposed,,passed
363,161,20122944d588e7f71803cecd4b29fe776a259f2801e00993f46d4e50f5fa0bc0,卧式伸展,柔韧与活动度,胸肌伸展,,训练时上臂用力向后伸展,背部支球后双臂后伸形成胸部牵拉且正文给出动静态拉伸剂量。,proposed,,passed
364,162,635a16ec0457fd47ec466c50dfa426c12358e76a55d41c34ed70e832bb78d6e3,屈肘支撑外展,柔韧与活动度,胸肌与肩部伸展,,训练时上半身慢慢旋转至原来固定前臂的位置,目标明确指向胸部拉伸但躯干转向描述无法清楚确定伸展方向需补正文复核。,needs_review,,passed
365,163,698c736a15159d880b3d0ee917c267d514ead7e03cc30f3f5958cf07daa6f610,坐姿后拉上臂,柔韧与活动度,胸肌辅助伸展,,将训练者上臂往后上方拉伸,坐姿抱头由辅助者后拉上臂以拉伸胸部并按反应调整力度。,proposed,,passed
366,164,6ee32e3c0545cba27fb94fdbe514504395f9f73ddd598f2d789f8ef841208afb,盘腿前倾,柔韧与活动度,背部屈曲伸展,,上半身向前弯曲，直至最大拉伸限度,坐姿抱踝前屈以背部肌群伸展为明确目标。,proposed,,passed
367,165,ef3c58e9adfb4d173598b7a9cad4c657c3e62e12052ff607fd2d95b981b318bc,仰卧屈膝外旋,柔韧与活动度,躯干旋转与背部伸展,,右手用力下压左膝，使之贴近垫子,仰卧交叉屈腿并压膝形成躯干扭转以完成背部肌群拉伸。,proposed,,passed
368,166,becee85543b4eac5174d95e44c57cbc031162917f6d826fbaa0777625166de0b,坐姿前倾抱腿,柔韧与活动度,上背与斜方肌伸展,,拉伸斜方肌及相关背部肌群,坐姿抱大腿前倾并低头以伸展上背肌群为明确任务。,proposed,,passed
369,167,59a0bc6d53fa2fd683a8bedf805fa93d64a32cfc9c84eab6afb35da8fc3244a4,动态合掌环绕,柔韧与活动度,中背与肩胛间肌群伸展,,同时挤压胸部，拉伸中背部,合手含胸与打开双臂交替用于菱形肌及中背动态伸展。,proposed,,passed
370,168,572f8b7ef72835e902e79d9a4ef5653dffcf6b50a8e7c9e55c3cc15f74c4067f,动态骨盆前倾,柔韧与活动度,腰盆屈伸活动度,基础动作与身体控制,首先收缩腹肌，收拢脊椎下尾,腹部与下背交替收缩带动骨盆倾转以动态拉伸躯干伸肌。,proposed,,passed
371,169,8c15c1460b285f50e9c9fb8fb8baac5f5825e74a473479d30e5e3f33cfeca46e,侧向伸展,柔韧与活动度,腰方肌与躯干侧屈伸展,,身体向右侧倾，左手尽量向右下压,分腿坐姿侧倾加上举臂延伸主要牵拉腰侧肌群。,proposed,,passed
372,170,5d5c291cd99c10ace552e811426f1a7856d8006ebd4163747505d0efb7cf67ab,坐姿屈膝扭转,柔韧与活动度,胸腰椎旋转活动度,,以此借力将上体扭转至一侧,坐姿借手支撑转体围绕回旋肌拉伸及脊柱旋转活动。,proposed,,passed
373,171,845a5aaf85075324481d6a6c3491cb5ea00ba4bb6a7931becbf336187283a080,坐姿侧向伸展,柔韧与活动度,腰方肌与躯干侧屈伸展,,左手上举，上臂尽可能贴近耳旁,上举臂配合躯干侧倾增加腰方肌及侧躯干伸展。,proposed,,passed
374,172,553568008ee5490bea43f285e7b04104e872bc290791550def1c3ee931e40eb7,仰卧屈膝外压腿,柔韧与活动度,躯干旋转辅助伸展,,左手固定训练者右肩贴在垫上,固定肩部并压交叉腿用于背部拉伸；仰卧步骤与上体垂直安全要求互相矛盾需补正和专业复核。,needs_review,专业复核,passed
375,173,6a006b38b171a93764aeab0d89c3dbba5a5a413d548ceff593915a9f3dfc6c5b,弓形卧姿,柔韧与活动度,腹部与躯干前侧伸展,,下背部离开垫面缓缓呈拱形,仰卧伸长四肢并缓慢拱起躯干以腹肌静态拉伸为明确目标。,proposed,,passed
376,174,2755ca59646a57a75212f3f12f46506481115bc094dce2ec07649ef1d268e98c,动态眼镜蛇式,柔韧与活动度,腹部动态伸展,,将胸部和肋部从垫上抬起,俯卧主动抬胸后复位用于反复牵拉腹部肌群。,proposed,,passed
377,175,5a1d57a18792bfded8af1008204c05aafe5e7bd0fcda2a87fbfd37a9a9a2c7ca,静态眼镜蛇式,柔韧与活动度,腹部静态伸展,,将胸部和肋骨最大限度地从地板上抬起,双手撑起上身后保持的任务服务腹部肌肉静态拉伸。,proposed,,passed
378,176,7efce9af9e3062f6bcd97af8e7a53435a0616bd100a499510216f0255d7ac443,仰卧回滚,柔韧与活动度,腹部动态伸展,,一次训练后恢复至起始姿势，释放拉伸运动,背部随球回滚伸展再释放以腹部柔韧为明确目标。,proposed,,passed
379,177,c92386385c1646c5ebee5d90567c17f3e6a78bcdb02d926285a3bd5be774a22a,卧球下压,柔韧与活动度,腹部辅助后伸,安全防护与健康边界,右手用力，将训练者上身压向地面,固定骨盆压低上身意在拉伸腹部；球上被动后伸施力缺少边界且主动拉伸标签与步骤不符需复核。,proposed,专业复核,passed
380,178,83f82c272102b282d923f391ccfa2999baf14b21449b1438f8016a74c9072280,动态推髋,柔韧与活动度,臀部与髋外侧伸展,,训练时，直腿侧髋部向外推,握支撑物后侧推髋再释放用于臀部肌群动态拉伸。,proposed,,passed
381,179,8005411a0d04931a57793368e5ac81be3c8a824a0eec36b369fd381b4341ff0d,盘腿前压,柔韧与活动度,臀部与梨状肌伸展,,上半身向前靠近前侧大腿,前腿屈膝后腿伸展并前压躯干以牵拉前腿侧臀部组织。,proposed,,passed
382,180,d2c907ad463f0eb1e653082a437c0198e6485035e35070aaa5f07a3dabb52de4,卧式“4”字拉伸,柔韧与活动度,臀部与梨状肌伸展,,双手将左侧大腿向胸部方向拉近,仰卧四字交叉腿后抱腿近胸以伸展臀部和髋外旋相关肌群。,proposed,,passed
383,181,6f2bf83d94b7a2d8c5bdb3b519e27c1397037bf32cda164cccf63a4a5767bd68,仰卧前推大腿,柔韧与活动度,臀部辅助伸展,,将训练者左侧大腿向内及前上方推,辅助屈髋内收方向推大腿实现明确的臀部肌肉拉伸目标。,proposed,,passed
384,182,82f48372c9c6bd7179a0f7fd1fc8a52dd0f4a79d125698fe0dbceec0bc0d2202,跪姿弓步下压,柔韧与活动度,髋屈肌伸展,,身体重心前移，使双腿打开幅度增加,半跪弓步前移重心增加后侧髋伸展以拉伸髋屈肌。,proposed,,passed
385,183,487a3948b71e216d20443ce3be042a2477df818cca5cc2850712eaa9a27133c2,俯卧抬腿,柔韧与活动度,髋屈肌辅助伸展,,一手按住训练者骨盆，固定骨盆使其平行贴于垫上,辅助者固定骨盆再抬大腿构成被动髋伸展以牵拉髋屈肌。,proposed,,passed
386,184,32c595676dc3bb215fa3628f71afdae7ff3aa312041d60049ea8269fb2595721,坐姿蝶形拉伸,柔韧与活动度,大腿内收肌伸展,,收缩大腿外侧，使双膝靠近垫面,坐姿脚心相对主动开膝以下肢内收肌拉伸为明确目标。,proposed,,passed
387,185,ee02fafc2c16cdc835ef759cf188b468640da8f51831b9889f0f1cc88b0ffa62,仰卧蝶形拉伸,柔韧与活动度,大腿内收肌辅助伸展,,将训练者大腿逐渐推向垫面,仰卧蝶式由辅助者下推两侧大腿扩大髋外展以伸展内收肌。,proposed,,passed
388,186,943cd3c09d5d85f4353efeaa9a6b8606c0d7e30699bbd6614db2f11aa18220da,侧卧屈膝,柔韧与活动度,股四头肌伸展,,拉动脚踝使脚后跟向臀部靠近,侧卧屈膝拉跟向臀通过增加膝屈曲牵拉大腿前侧肌群。,proposed,,passed
389,187,43bbe19bd9fe56075fb9365da0d2a2718e29462ebefea24c7891e84286742b1a,俯卧屈膝下压,柔韧与活动度,股四头肌辅助伸展,,将训练者小腿向前下方按压，使之靠向大腿后侧,俯卧固定骨盆与大腿后辅助屈膝以拉伸股四头肌。,proposed,,passed
390,188,e6c25d92f2df119f59e9a0e20642792e5bd99f0c19364595f6040a597038938f,提膝前踢,柔韧与活动度,腘绳肌伸展与膝活动度,,拉伸腘绳肌。2)提高膝关节灵活性,固定抬高的大腿再伸膝保持以伸展腘绳肌并增加膝活动范围。,proposed,,passed
391,189,d123a3e675c48248b1d8e83449b9f858adfb9e12b8cbaaa8623cbf0f670b1fa5,仰卧举腿伸膝,柔韧与活动度,腘绳肌辅助伸展,安全防护与健康边界,固定大腿，将训练者膝关节最大限度伸直,屈髋固定后伸膝主要牵拉腘绳肌；辅助者追求最大伸膝且无施力停止边界需专业复核。,proposed,专业复核,passed
392,190,76f592416a542710bea4ac13fe8fe16cb41083ba43615bf0ec222c808158d370,脚跟下压,柔韧与活动度,小腿后侧与踝背屈活动度,,拉伸腓肠肌、跟腱及小腿肌群,台阶直膝沉跟通过踝背屈拉伸小腿后侧且正文以拉伸为首要目标。,proposed,,passed
393,191,ef028e360656b1eb255b3d1db68441c76a12e3e2c0840b5f44e7b0d8da0231bb,仰卧抬腿压脚掌,柔韧与活动度,小腿后侧辅助伸展,安全防护与健康边界,利用身体重量按压脚掌,借脚掌后压牵拉小腿后侧；辅助者用体重追求最大范围且缺少限力规则需专业复核。,proposed,专业复核,passed
394,192,beb19eb08c21974ff0ba9f427397cb4424b6f9da4858eb43a4d402da85d392f9,坐姿下压或后仰,柔韧与活动度,胫骨前肌与踝跖屈伸展,,重心向后移，使膝关节离地,跪姿后移并抬膝使踝前侧延长以胫骨前肌静态拉伸为目标。,proposed,,passed
395,193,673107de0520e5ea9327bfbf5e4451b53a656dc71145db885cef76c8366e8de2,脚背下压,柔韧与活动度,胫骨前肌辅助伸展,,右手握住脚背向下用力按压,固定小腿后下压脚背形成踝跖屈以牵拉胫骨前肌。,proposed,,passed
396,194,2077ad330f0eedaeb5638a14c4e7cf4c23d59315374660862da79871d4d75258,侧卧脊椎扭转,柔韧与活动度,躯干旋转与胸臀联合伸展,,拉伸臀肌、胸肌和躯干伸肌,侧卧开臂配合头与髋反向转动用于胸臀及躯干的联合拉伸。,proposed,,passed
397,195,fbe81f48e003c25f5d5813665041f66a56494582c3ac513b9985b01704c007f0,站姿三角式,柔韧与活动度,内收肌与躯干联合伸展,,拉伸大腿内收肌、胸腰椎回旋肌和躯干伸肌,宽站位侧倾转体牵拉大腿内侧与躯干并增加扭转活动。,proposed,,passed
398,196,bbb21b5f3717e4a075d8ae916dd9088902275bfb8c9006505a8b90277c5be036,弓步旋转,柔韧与活动度,髋部与躯干旋转伸展,,拉伸臀肌、腹肌与髋部屈肌,弓步举臂转体用于髋屈肌及躯干前侧伸展与旋转活动。,proposed,,passed
399,197,1689a85ed61b9c844464821dc806126f962091fed33660c1a1573cbb0a2202af,立位体前屈,柔韧与活动度,腘绳肌与背部伸展,,拉伸腘绳肌和躯干伸肌,站姿屈髋前倾抱腿以大腿后侧和背部伸展为明确目的。,proposed,,passed
400,198,9e71f3d327b7bf04666ef242219c3fd1e34d08d94b0c52eb53bc77564d4a3ee6,反式平板,柔韧与活动度,肩前侧与腕屈肌伸展,力量与稳定性,拉伸三角肌、腕部屈肌与肱二头肌,虽采用抬髋仰撑姿势但目标和训练建议明确以肩臂静态拉伸为主。,proposed,,passed
401,199,563d92a31a00ebcf6440cecccfa030f6fd065bbd1534277fba2154623e7909cb,跪姿后仰,柔韧与活动度,身体前侧联合伸展,安全防护与健康边界,头部缓慢后仰放低，形成拱形，最大限度向后倾,跪姿后仰意在腹部肩部及髋前侧拉伸；最大后倾同时头后仰的儿童适用范围需专业复核。,proposed,专业复核,passed
402,200,f4a7ea9a2c4253c427afed5f565497622091d21efb900e9c3d1281e615351ca2,行进间弓步转体,柔韧与活动度,髋活动度与脊柱旋转,力量与稳定性,增加脊椎旋转的活动幅度,正文三项目标中两项为髋及脊柱活动范围扩展并辅以髋稳定。,proposed,,passed
403,201,7bf57aca5722d04b49bbbcf1e7197d39a6479c7a77950a27e843999b79da1611,双脚跳（纵向）,力量与稳定性,下肢爆发力与跳箱落地,基础动作与身体控制,以手臂带动身体快速伸髋、伸膝,快速蹬伸跳箱体现下肢爆发力；双脚与单脚落地描述矛盾需核对,needs_review,内容矛盾,passed
404,202,bd25471c12f30fcd64c73161afd3d48a0ceda2144cbca53677204f38f42485d0,双脚跳（横向）,力量与稳定性,下肢侧向爆发力,基础动作与身体控制,双脚蹬离地面，从栏架上方跳过,侧向快速蹬伸越栏并缓冲定住以爆发发力为主,proposed,无,passed
405,203,66bc32c9de21af6f1ddc15d3b96b8028889da44a7ee47e406a33fa0491018ed9,交换跳（纵向）,力量与稳定性,单腿爆发力与换脚落地,基础动作与身体控制,落地时，另一侧脚着地,单腿快速起跳接异侧稳定着地是单腿发力和承重训练,proposed,无,passed
406,204,c47ad6385f3129eca8f8dfb7a3cbd71abe9c11c457a357debb70a0f189cfcf5a,交换跳（横向）,力量与稳定性,侧向落跳与反应力量,基础动作与身体控制,做好快速起跳的准备,侧向跳下后立即单腿越栏体现落地再发力的快速伸缩训练,proposed,无,passed
407,205,afc20d6d81869372a8d4a40c0688394422f45c7fd129914b897eb0c57a322d74,单脚跳（纵向）,力量与稳定性,单腿纵向爆发力,基础动作与身体控制,起跳脚蹬离地面，向前跳上跳箱,同侧单腿快速蹬伸上箱并稳定承重构成主要练习,proposed,无,passed
408,206,5d649bd695e113499aad7873f7adb0d1535afbfc7a4f117f890c884efddda3cc,单脚跳（横向）,力量与稳定性,单腿侧向爆发力,基础动作与身体控制,起跳脚蹬离地面，侧向跳上跳箱,单腿侧向快速上箱主要发展方向性蹬伸能力,proposed,无,passed
409,207,7bfa5b90564f605d89918b5f7b085848d85da22c2fe733a71fd0ff03ba0e5656,单脚跳（旋转）,力量与稳定性,单腿旋转起跳力量,基础动作与身体控制,身体逆时针旋转90°跳跃,快速单腿蹬伸后转体定住属于旋转起跳训练；正文未设感觉调节目标,proposed,无,passed
410,208,aeaacf26c09c07d3683e5fcb5646777c2c00a2435adb4e42ce3ae1f8543e9795,推球,力量与稳定性,上肢胸前推掷爆发力,安全防护与健康边界,尽可能用最大力量快速把药球推还给同伴,仰卧接下落药球再快速推回训练上肢发力；头胸上方落球缺重量与保护条件需专业复核,proposed,专业复核,passed
411,209,44cc8603844cd0e07007201eac2b752813d74bc16fb4f14c706b8ab99c6382e4,药球-胸前推球-仰卧姿,力量与稳定性,上肢胸前推掷爆发力,安全防护与健康边界,练习者屈肘缓冲抓住药球拉至胸前,接球缓冲后最大力量推回体现上肢快速伸缩；与410正文重复且落球保护条件不足,proposed,专业复核,passed
412,210,80f7e355a62b70667bfae4bf8884ff456f114b82f8ed036f3b36f4d161fb80b9,头上扔球,力量与稳定性,上肢过顶投掷与肩部稳定,基础动作与身体控制,提高上肢动作的力量与爆发力,正文明确以肩臂力量和发力速率为目标并采用过顶药球投掷,proposed,无,passed
413,211,38dee0aafe88a3b12f9c99e8cf4656443c6e486942d99b7301193bbe067adafa,平行扔球,力量与稳定性,髋躯干旋转爆发力,基础动作与身体控制,提高躯干旋转动作的力量与爆发力,髋部驱动躯干向药球传递动力是旋转力量训练核心,proposed,无,passed
414,212,37418bdb8e2adc7d5522b0b1e049032bd33432ad0c7b6488bc7f95e73080ec53,垂直扔球,力量与稳定性,髋躯干旋转爆发力,基础动作与身体控制,通过髋部发力，带动躯干、肩部及手臂,侧向墙壁旋转投球的主要负荷落在髋部和躯干发力链,proposed,无,passed
415,213,366dff1bc26b06dc7de0143e1a25747d9570e238f8234c631aca6d2048240095,过顶砸球,力量与稳定性,肩腹协同砸球爆发力,基础动作与身体控制,提高上肢和躯干动作的力量与爆发力,收腹与肩臂协同砸球服务于上肢和躯干快速发力,proposed,无,passed
416,214,57d71b06641384c3c6cacd2a050ed8104742a6ff193d22f9b712e875feda6696,旋转过顶砸球,力量与稳定性,旋转过顶砸球力量,基础动作与身体控制,通过收缩腹部和上背部肌肉,从身体一侧举球向另一侧砸地训练旋转力量传递；与415正文重复,proposed,重复内容,passed
417,215,a9763e74bb3b08cf7e17c5b2972aa95e9ce4fdb648d580322b9c5fa56dc68b74,俯卧撑,力量与稳定性,上肢推撑爆发力,安全防护与健康边界,尽可能用最大力量快速推起自己的身体离开地面,离地推撑及落地再推直接训练胸肩臂爆发力,proposed,无,passed
418,216,1567ed1d89bb1a65bb12965d5c77897f8b05bcb2833ef6026be2cd7041cd0b0a,药球-快速伸缩复合训练-仰卧起坐,力量与稳定性,躯干屈曲与核心爆发力,基础动作与身体控制,有助于强化腹部力量以及发展核心力量,后仰接球再屈髋收腹推球以腹部和核心快速发力为主,proposed,无,passed
419,217,9d44c1acd452bf8e8478cd5ae37734e3f4a85f25ce0784ead4775fd9ed34c049,药球-快速伸缩复合训练-俄罗斯旋转,力量与稳定性,坐姿躯干旋转爆发力,基础动作与身体控制,练习者迅速且最大力量旋转躯干将药球推还给同伴,抬脚坐姿接球后反向推回突出躯干旋转发力和稳定,proposed,无,passed
420,218,729f61b8c1d0da74118b68a1a2fb1b979a4a07d6f03e4338d2beba296868bebf,不摆臂跳,基础动作与身体控制,立定跳远的下肢动作分解,,途中左右脚与正规立定跳远姿势一样,正文用固定手臂分解立定跳远动作且未明确力量负荷目标,proposed,无,passed
421,219,9f0ee93877967c50ffb1ddbf93a7143402ab2bcaeb4403613a14a854d6372e52,旋转跳,基础动作与身体控制,空中转体与落地控制,安全防护与健康边界,练习者按照顺时针或逆时针方向进行不同角度,不同方向角度的转体跳主要练习身体定向；证据不足以支持感觉统合目标,proposed,无,passed
422,220,3fcfa9672b5a0d5e6a5cc2de5efc8b08025dc434ff5f5898bd4e795e921d2efa,单脚跳楼梯,基础动作与身体控制,单脚连续上阶跳跃,力量与稳定性,练习者以单脚进行跳楼梯练习,正文给出单脚上阶及双脚过渡方式可定位跳跃动作学习,proposed,无,passed
423,221,c9ccd744a60f460ac190ce3904543de47daa27c776243e385dc5d4e58e79cb42,抱膝蹲跳,力量与稳定性,下肢蹲跳爆发力,基础动作与身体控制,练习者在沙坑中由腿部发力,明确腿部发力结合重复蹲跳组数主要训练下肢力量,proposed,无,passed
424,222,cadcac2a13fb4112798f3de5d7b935705343c86f12fe3ae10944968f2498c4dc,兔子跳,基础动作与身体控制,手脚交替支撑跳跃,力量与稳定性,落地时前肢先着地，使后半身体腾空,手撑与后腿蹬地交替衔接体现四肢支撑移动协调,proposed,无,passed
425,223,ec36cf5ced7409f1ec710ba19b2e8f9bc5f99272ddd10c41e8e5778d9c78e3e0,夹球跳,基础动作与身体控制,夹物双脚跳协调,,两小腿处夹住一个排球向前跳跃,夹球稳定与小幅双脚移动构成主要动作控制任务,proposed,无,passed
426,224,b83d93a3ae1faa7c37591eb20018325f43597901812dca354d8372e9562a4c2d,多级跳,专项运动技能,田径三级跳与多级跳衔接,基础动作与身体控制,进而过渡到多级跳,正文围绕三级跳动作序列教学；结尾动作说明中断需补全后确认,needs_review,内容残缺,passed
427,225,ef6faf0522b613f6d0db33ec471fe4d87c60fb326a3f89d128008ae1722277f1,花样跳箱,专项运动技能,体操跳箱助跑与踏跳,基础动作与身体控制,指导学生用标准的踏跳动作起跳,助跑踏板起跳及跳箱落地技术串联具有器械体操教学特征,proposed,无,passed
428,226,2288b7b31263291578d4123036e7a38302f128adaf805f1d3fdd207e45126715,摸高跳,力量与稳定性,纵跳摸高与下肢爆发力,基础动作与身体控制,学生尽力跳才有可能用手触到的位置,通过提高触点要求尽力纵跳以弹跳输出为主要挑战；篮球是目标物,proposed,无,passed
429,227,59a0b7d762035b84927b14a5caddfaa84291ba4f39badc9c4faefad9f61ad704,趣味立定跳远,教学设计与教练方法,立定跳远的分层目标激励,基础动作与身体控制,可画若干条目标线,正文主要讲动物图片与间距目标线如何提升练习兴趣,proposed,无,passed
430,228,67f403e3cd5ded92955dedd5ee63f850bff918afcf814b441fcdc45b47fc5ce8,跳轮胎,基础动作与身体控制,多方向跳跃与落点控制,安全防护与健康边界,锻炼学生跳上跳下的控制能力及协调能力,明确跳跃控制目标；安全段落错位残缺且轻轮胎稳定性说法需核验,needs_review,专业复核,passed
431,229,fecdc996eb01f2ba0193835e2cf94b71dfc90e6b7b1ac2fe282c416973c8cf70,龟兔赛跑,基础动作与身体控制,单双脚跳跃协调与缓冲,,单脚跳要全身动作协调，从双脚过渡到单脚,正文重点是摆臂蹬地和落地缓冲的动作学习,proposed,无,passed
432,230,6f92cb71863797abca4f71ec2cd351e033609a2878e4bfbb713e0bbb4105548f,麻雀偷食,速度敏捷与反应,单脚跳中的追捕躲避,基础动作与身体控制,另一人站在线外缘并捕捉试图踩线的同学,踩线与捕捉对抗要求根据对手动作及时接近或躲避,proposed,无,passed
433,231,d9e1e7e8881390d4896bdaeea02ca2ed4d2cd03b44a578066c2148e86e9a9eb8,过河取宝,基础动作与身体控制,助跑跨跳与纵跳组合,,到达魔法树后高跳取小红旗,跨越地面距离后向上取旗练习两种跳跃方式衔接,proposed,无,passed
434,232,e081ce88882108c0ead8d89ba37e27bbf0f0cc8a9ab071ab4e8511f7948a49e1,大灰狼来了,基础动作与身体控制,台阶上下跳跃协调,,全身协调，动作幅度要大,正文给出的目标是全身协调完成双脚上下台阶,proposed,无,passed
435,233,d6d2debc12caea599c765c3a169f63f11599e9d6b800d254b5ab0a761037af3c,双人跳绳,专项运动技能,跳绳双人同步摇跳,同伴互动与社会性,两人摆臂相互配合，并连续跳,教学要点落在双人共绳的摇绳与起跳配合,proposed,无,passed
436,234,1cf2ec407f48fce215f5d68bf81bd09a1bb90fff48ddfd33cc0e5602029a9745,左右脚交换跳,基础动作与身体控制,单脚绕障碍跳与换侧,,然后采用右(左)脚单脚跳绕开路障跳回,固定路线绕障碍并换脚返回主要练习单腿移动控制,proposed,无,passed
437,235,9678323f3e23c1a5a9d6086733916d7607249a97d21e97f74b118aa4d01f4eee,莲花转,基础动作与身体控制,多人连接单脚跳协调,同伴互动与社会性,并用单脚跳跃按顺时针方向转圈,勾腿连接下的集体转圈要求同步单脚跳与动态平衡,proposed,无,passed
438,236,97e56e44d54adc7f8ea6d09157bee417e4b4fe90fa692ab4a9fb1c124ffa25f2,穿越防火线,基础动作与身体控制,单脚跨跳纵跳组合,,到达终点向上纵跳敲响上方的锣,不同区域分别要求单脚跳跨河和纵跳构成复合跳跃路线,proposed,无,passed
439,237,16fe227334273f4dd1b0131981182e302ce1f85a1cbe1782114e62d1e2457d8f,小青蛙过河,基础动作与身体控制,双脚连续定点跳跃,,双脚并拢跳过河面上的“荷叶”到达对岸,以呼啦圈限定落点训练连续双脚跳和缓冲控制,proposed,无,passed
440,238,c9d1d99b48560e23b11ad5e4f6f6a317e8f52807b2f03f56d1a8ad81b45de1aa,8字跳绳,专项运动技能,长绳八字穿行跳,同伴互动与社会性,剩下的人排成一列，成8字样跳绳,进入长绳连续八字跳的技术与配合构成主要内容,proposed,无,passed
441,239,1f1c67f6c1f0cfa1b1d6cf6b218c7fccb0204b0210167391101e13abb7652d22,谁最快,基础动作与身体控制,跑跳组合与绕圈跳协调,速度敏捷与反应,拿起呼啦圈像跳绳一样双脚跳10次,短程跑衔接固定次数绕圈跳主要要求跑跳和手脚动作转换,proposed,无,passed
442,240,83165b2486b0b1a775412047f3cd1ad19ed44ddc6db5860c080f3f0c1a18cc3c,袋鼠跳,基础动作与身体控制,套袋双脚跳与身体协调,,双手握紧带口进行跳跃练习,套袋限制双腿分离后需协调上肢和身体完成跳跃移动,proposed,无,passed
443,241,b1e002a8279ff392a77608ab199cbda177c9029c78b7e9b407a0f12dd2d6b13e,铺桥过河,基础动作与身体控制,自主落点规划与连续跳圈,认知注意与执行功能,将另一呼啦圈放到前面，再跳进第二个呼啦圈内,交替移动圈并跳入要求距离判断与落点控制,proposed,无,passed
444,242,02cdff239b91093b543461ae09b6c111a0f1db9ba03f9314abcddef53233cbd4,双人蹲跳起接力赛,基础动作与身体控制,双人背靠背同步蹲跳,同伴互动与社会性,学生背靠背挽住手臂侧向蹲在起点线后,连接姿势下同时蹲跳重点是两人运动节奏协调,proposed,无,passed
445,243,b1c69db80c4c59ac700f93ddff08a000a45ee43035fe81bd46fd8a718c734b68,筑高台,基础动作与身体控制,持物跨步跳移动,,将小体操垫双手抱在胸前，跨步跳至指定地点,持垫往返主要练习限制摆臂条件下的跨步跳,proposed,无,passed
446,244,f60582fb09599854d14d4c36bdc8c6df6ddc670062cf06ff9ef0fdae1a184012,双脚掷沙包,基础动作与身体控制,双脚夹物跳掷协调,,跳起后小腿前甩，将沙包向前上方掷出,夹物起跳和甩腿释放需要下肢操控物体与跳跃时序配合,proposed,无,passed
447,245,0e02b5d385b56ff4b19d44c9d8145e10e36d6647b9c6dc2805e594bd5a15a9e3,跳高台（蚂蚱跳或蛐蛐儿跳）,基础动作与身体控制,双脚向高处跳与高度进阶,教学设计与教练方法,该练习的目的是锻炼学生向高处跳的能力,明示上台跳跃能力目标并通过逐步加高组织动作学习,proposed,无,passed
448,246,72cc21641a94c0341f9d144e5c7049d1a93d3abe2ab64754265a40b7fb503eff,障碍跳,基础动作与身体控制,双脚越障跳跃进阶,,根据学生练习情况逐渐升高障碍物的高度,用体操垫作障碍发展双脚越障动作和高度适应,proposed,无,passed
449,247,ddef65aa3c34aff2da0756a30ff350aed8d9bc99f374f7834688228b75b64170,跳摸手铃,基础动作与身体控制,台上跳下与空中触物,情绪与心理支持,可通过触摸老师手持的手铃增加跳下的难度,主要练习从台上跳下并触物；消除恐惧是辅助教学步骤,proposed,无,passed
450,248,f688caf10029730ebbb982d8fe41e69f9164c2020214a69299191eeb6bc2240c,跳来跳去,基础动作与身体控制,多方向节奏跳跃,,适应后通过鸣哨或击掌等方式让学生有节奏地跳来跳去,按节奏前后左右跳强调动作方向和节律控制,proposed,无,passed
451,249,2bdb651c3aa068b38ac49b1172163d2a98dfed2c86e8e9cdd0fdd92ae4994b24,往返跳,基础动作与身体控制,左右单脚交替跳跃,,左、右脚轮流单脚跳，全身动作协调,动作要领直接指向交替单脚跳及全身协调,proposed,无,passed
452,250,8d2f5d452c53516ebade465e45de87f78eb4ccdb1a043db82eaaffc939c49d65,篮球打板接龙,专项运动技能,篮球打板与跳起接球,基础动作与身体控制,后一人需跳起接住前一人的球并打中篮板,围绕篮球篮板反弹球的接球和再打板练习专项控球技术,proposed,无,passed
453,251,e7da190258ee90921bf531f70215366889d1623f2fceef103f479a15504d1683,蹦蹦跳跳小兔子,基础动作与身体控制,双脚差异动作与转球避让,,右脚进行转动球，左脚进行躲避,一脚转球一脚避让并向前移动以双侧分工协调为核心,proposed,无,passed
454,252,c7fa7072783cc2ce529ba07240f004a0712600b0fbaf0ef667754a93b208c243,斗鸡跳,基础动作与身体控制,单腿夹球跳与平衡,,把排球放在拐腿内，跳步前进,单腿支撑且另一腿固定夹球要求动态平衡和跳步控制,proposed,无,passed
455,253,402c5c8afe9536c8d0492f1f3b8451e82f208e13411b4d9e16d40e27f09f1db9,膝顶牛,基础动作与身体控制,双人夹球单腿跳协调,同伴互动与社会性,两人面对面拉手跳步前进,双方保持夹球和单腿支撑共同前进突出运动同步,proposed,无,passed
456,254,eed8358474f756b023df603be9f72e1fdb6adedb7c9a34e54fa0100b2ec25be7,转圈跳,基础动作与身体控制,多种越障跳跃转换,专项运动技能,第二根皮筋用双脚跳动作跳过,同一路线切换跨越式双脚及左右单脚跳主要训练动作组合,proposed,无,passed
457,255,795c5f5eef178ddf35d53a7f25693b03532809f0278582856225425f42f5e521,背靠背夹球蹲跳,基础动作与身体控制,双人侧向夹球蹲跳,同伴互动与社会性,在两人后背夹住一个软式排球,侧向蹲跳时持续夹球要求双方姿态和移动节奏协调,proposed,无,passed
458,256,8e3cf6aa21ebbf949f9a5121b0e8f2a0e180ac3682e52e538e4d647612091e33,脚尖勾球单足跳运输,基础动作与身体控制,单足跳中的脚部持球控制,,用脚尖勾住软式排球，单足跳前行,脚尖保持球的位置并单腿跳行以动态平衡和下肢控物为主,proposed,无,passed
459,257,8336631fafea4e7c3081b43c91865aa7a76818b3b7c0d53959f30eeff2d3e74d,开拖拉机,基础动作与身体控制,三人连接支撑与移动,同伴互动与社会性,同侧的腿向后抬起，由后面的一人双手抓住踝关节,正文仅写组合准备姿势缺少移动动作；暂归连接支撑需补全文确认,needs_review,内容不足,passed
460,258,ee2cd566f7ca706375d96e70b7cb84c48ec1ddb0e0a4088a24859ea8bdf73af0,计时直膝跳,力量与稳定性,踝跖屈连续弹跳力量,安全防护与健康边界,主要用脚掌和踝关节完成跳跃,刻意限制膝关节以强化踝部发力；禁止膝缓冲并尽量跳高的要求需专业复核,proposed,专业复核,passed
461,259,4cfc6038a270f505a742cf9acaa61d1e9a92fbac81aa27f32bf859ccc4fb99a0,跳动猜拳练习,速度敏捷与反应,规则判断后的转身追逐,认知注意与执行功能;课堂组织与行为支持,输的去追赢的，赢的转身跑过15米的边线,依据猜拳结果立即切换追逃角色主要训练选择反应与启动；蹲起惩罚安排需教学复核,proposed,教学方式复核,passed
462,260,0f67ac96d0ec263d6fc3d65df2d0f33380fa7bf4c5a3a158d08ff1274bdcac3f,患难与共,基础动作与身体控制,双人连接单腿跳,同伴互动与社会性,两人各用剩下的外侧腿一起跳跃前进,内侧腿被连接后共同单脚跳要求同步节奏和动态平衡,proposed,无,passed
463,261,d8b226eb48a693ddcd59ba323b50c07b10c04b5fd9e5c3cd58deb1ee2f2b8ede,步步高升,专项运动技能,跳皮筋的圈内外跳跃,安全防护与健康边界,在皮筋圈外向圈内跳跃，再从圈内向圈外跳跃,正文是跳皮筋高度晋级；升至颈部及头顶的做法缺适龄限制需专业复核,proposed,专业复核,passed
464,262,0ffca3778b25243c3478d2b6460de970dd244fefb73e9f59f5ddf9e627705961,横扫落叶（跳体操棒）,基础动作与身体控制,持棒连续跳越协调,,做原地跳越体操棒的动作，快速连续做,持棒跳进跳出主要要求上肢摆放与双脚越障同步,proposed,无,passed
465,263,95bc0f146b65868661647e719e794b588728cf1bd692755d002ef6d7872aff6e,跳波浪绳,速度敏捷与反应,移动绳索的时机判断与避让,基础动作与身体控制,同学们依次敏捷地从上跳过,绳形持续变化要求及时判断起跳时机并躲避接触,proposed,无,passed
466,264,0dc0b58e373d388ef5352ff9d8c88e6c125488fbc61c3815e82241d214aff852,跳房子,基础动作与身体控制,单脚跳与定向踢物,认知注意与执行功能,用一只脚将石块轻轻踢进第一格内,在格内单脚跳并控制石块落点主要训练平衡和足部操控,proposed,无,passed
467,265,7c56263a8b2aa3ee7945ab4b6f09f751296f395ab3290739c264c3d0482c9a57,一跳千里（跳沙坑）,力量与稳定性,单腿水平跳跃爆发力,基础动作与身体控制,比赛谁能跳得最远,单次单腿起跳以最大水平距离为挑战主要体现下肢爆发输出,proposed,无,passed
468,266,cb095ff705571019928ebf0671e38428ba0ecc1cbb89a814d1b625b3934fda17,我是“头”球王,专项运动技能,足球跳起头球射门,安全防护与健康边界,让学生跳起头球射门,核心是足球头球射门技术；儿童头球接触的适龄与头部风险边界缺失需专业复核,proposed,专业复核,passed
469,267,f374c08f90055f2f3deaf2ffe5ff791f367f01da68c74e31e2c8f0b129e14cbc,跳上跳下转体动作,专项运动技能,体操踏箱腾空转体,基础动作与身体控制,两腿的快速用力夹并，加速身体的转动,详细教授踏箱后的头肩与腿部配合以完成多角度空中转体,proposed,无,passed
470,268,710f4d453d0b96a31b2e92bc443dfb535f3d98952fc6a0e296d5516bf11a46d1,跳上跳下燕式转体动作,专项运动技能,体操燕式转体跳下,基础动作与身体控制,教师要提醒学生注意通过摆动腿的高度来控制身体的平衡,踏箱腾空形成燕式转体并并腿落地属于特定体操技术学习,proposed,无,passed
471,269,24b0269c445322c6cccd8eb010588ad5d072a3946d372e36b3cb7448cf1eda32,跳上屈体跳下动作,专项运动技能,体操屈体击足与挺身落地,基础动作与身体控制,立即屈髋举腿，上体稍用力前屈,腾空屈体击足再挺身落地是体操技术序列；末尾转体提示与步骤不符需内容核对,proposed,内容矛盾,passed
472,270,3990760808b8c5d5b476e0fac424cd88de6e1382abe47afa2979dc404edafb10,步步高,专项运动技能,跳皮筋的圈内外跳跃,安全防护与健康边界,皮筋由脚踝一点点移至脖颈，甚至用手举过头顶,与463相同的跳皮筋晋级内容；过高绳位缺年龄能力边界需专业复核,proposed,专业复核,passed
473,271,590b6feb7e219741781c641d41436261b48fc1e09aa6bf37f2577c65251cf0ed,连续跳接力,力量与稳定性,下肢连续蹬伸爆发力,基础动作与身体控制,然后迅速蹬伸两腿，充分伸展髋、膝、踝,正文突出迅速三关节蹬伸并连续起跳的发力技术,proposed,无,passed
474,272,b480e3d593c7c2c8a301359c5e98ced0f279badc81e9d3ee8faba67a5cb5666e,跨越低跳箱,专项运动技能,体操助跑跨越低跳箱,基础动作与身体控制,学生有节奏地助跑，跨过横放稍高的跳箱,助跳板距离与跳箱高度调整服务于器械助跑跨越技术,proposed,无,passed
475,273,b6c6725053b71c6e40a60880846fa734229520544732d488cf5eff6e51f4c7ee,单脚踏跳的跳远,专项运动技能,体操单脚踏箱与挺身跳下,基础动作与身体控制,另一只脚蹬横放的低跳箱，向上跳,正文实际教授助跳板踏箱和挺身跳下的器械动作序列,proposed,无,passed
476,274,9da71e5637cce302efae405c8dd992d02db75e1c427a016a2523a82eda85f1f7,混合踏跳的跨跳,专项运动技能,体操连续踏箱跨跳,基础动作与身体控制,单脚起跳后，两脚依次踏两箱,两个器械之间依次踏跳并蜷腿落地构成特定器械技术,proposed,无,passed
477,275,5552a21c990f027d173343cf0a1955b0730463eec00fc233d06b328b91afcffd,小马过河跳,基础动作与身体控制,双脚连续跨距跳,,练习者依次双脚跳过这10条“河”,固定宽度连续跳越主要练习双脚起落与跨距控制,proposed,无,passed
478,276,8832f70176f02fb1376ccf813e7d1a4cd8d44a23ead0a73e260f419259806d3b,双人循环跳山羊,专项运动技能,体操双人跳背越障,同伴互动与社会性;安全防护与健康边界,另一人跳起从其背上跨过,轮流以同伴为器械完成跳背体现体操越障动作；人体支撑保护和能力门槛需复核,proposed,专业复核,passed
479,277,c7f3526936ead192754ca3cef2b1619af471b9d7984b65fb711aebd1d37fb416,踢石子,基础动作与身体控制,单脚跳中的踢物落点控制,认知注意与执行功能,按顺序单脚跳过程中,边单脚跳边将石子踢入指定格突出足部操控与平衡,proposed,无,passed
480,278,c886e5f23152a8b0aa79e1821d0c5417d711651901f68f71125523259d34b17c,侧跳台阶,基础动作与身体控制,侧向台阶跳与单双脚转换,力量与稳定性,以双脚跳逐渐过渡到单脚跳,侧身上台阶配合单双脚进阶主要教授方向性跳跃协调,proposed,无,passed
481,279,66aeeb3467644d22193f0a84e089c6651335d3546fb860e49faf875321747084,双人贴背跳绳,专项运动技能,跳绳双人贴背同步跳,同伴互动与社会性,一人负责摇绳，两人同时起跳,摇绳者与搭档同步起跳的共绳技术是主要教学内容,proposed,无,passed
482,280,fde7477600fe71f13f97208b024bbcde27b5825538b332ab53931e4f55a3a675,后仰跳,基础动作与身体控制,后向起跳与落垫,安全防护与健康边界,练习者背对海绵垫，向后起跳,仅有后跳落垫未说明落地部位和技术目标；基础跳跃与专项动作边界待核对,needs_review,内容不足,passed
483,281,9ffab7c807fac97aec270e0bf2d2d629f53d2e12b4dbb5af97c70ee51d887f48,双脚连续跨越栏架,力量与稳定性,下肢连续越栏反应力量,基础动作与身体控制;安全防护与健康边界,每次落地时脚跟不要着地，动作连贯，速度要快,快速连续越栏体现反应力量；原文与审计警示的栏高及落地要求须专业复核,proposed,专业复核,passed
484,282,5c62b5b17ec47c46016ff88670dc73690ffde52a82da9710642a12d3d2a0541c,小腿勾棒跳,基础动作与身体控制,双人单腿跳中的共同持物,同伴互动与社会性,各队两人按照统一节奏向前跳,膝窝托同一根棒并同步单腿跳主要练习运动节奏协同,proposed,无,passed
485,283,71f36ea75f13e3c1fa3e962a6995e68eb9da28b4c970b8599bd9c1114ab20049,熊样爬行,基础动作与身体控制,手脚交叉支撑爬行,力量与稳定性,处于对角线位置上的手和脚同时向前行进,从异侧到同侧的手脚配合变化突出爬行协调模式,proposed,无,passed
486,284,17ae2b9a87df58216b595ba1904ab15168c0283d0c50c55dae27a22ec421cb26,壁虎爬行,基础动作与身体控制,贴地爬行与同侧屈伸协调,,右手向上，右膝贴地向上提,头转向及同侧手膝提进交替推进构成贴地爬行动作学习,proposed,无,passed
487,285,fa49daa6082bece536e486310f5326f6ab1e1bdeb2711bb42c100ba2bdb13d11,毛毛虫爬行,基础动作与身体控制,低姿屈膝推进爬行,安全防护与健康边界,两肩触地，然后两膝向前跟进成开始姿势,肩膝交替接触地面推进是低姿爬行模式；背手肩部承重涉及头颈保护需专业复核,proposed,专业复核,passed
488,286,542d1b50862df4eaa392fb72aa56f1ebd3b24698d13070a953b706c51b5d6270,推小车,力量与稳定性,上肢支撑行走与肩带稳定,同伴互动与社会性,两手撑地，其双脚被另一人双手握于体侧,双脚离地由同伴托住使上肢承担移动支撑负荷,proposed,无,passed
489,287,3fe590fcc36b5c10fb4252f2e9025951aab9623c39269af9fef90324bb048ef4,动物爬行大赛,基础动作与身体控制,多样爬行姿势与移动,,每组至少要模仿5种动物的爬行姿势,通过多种动物姿态体验不同爬行模式是核心运动任务,proposed,无,passed
490,288,3714e8f8f791f694018fee44bc4a804514bf4ca9f926c5f4b8e41df51b69eb98,爬越过箱,基础动作与身体控制,分腿骑撑与器械爬越,力量与稳定性,双手前撑，上体前移，带动身体前行,以手撑带动身体沿箱移动主要练习支撑与爬越衔接,proposed,无,passed
491,289,8c825afca0e40d51a97ef6d2316173f5982bd046367b40972f9ceb0971b59897,原地爬跳,专项运动技能,体操横木支撑蹲越,基础动作与身体控制,双手用力撑横木，成横木上单脚蹲撑,横木上蹲撑再摆腿越过属于器械支撑跳越技术,proposed,无,passed
492,290,c8d4e2a7e831e60cd3739d881dda765b2d9a55fe0dcdc56aefa08e44e457f861,蜘蛛行,基础动作与身体控制,肋木垂直攀爬,力量与稳定性,手脚并用依次向上爬行至最高点,手脚依次向上配合及下行顺序是基本攀爬技能,proposed,无,passed
493,291,2fd3e330717b3e8554353a8a7e2e6f3966ac05625a5494f7a86e2aa29f3d44ee,走钢丝,基础动作与身体控制,肋木侧向攀移与交叉步,,同侧手脚先侧移，然后异侧手脚侧移,正文实际练习肋木上的侧向手脚移动与交叉行进,proposed,无,passed
494,292,1234ba6d2c9f256ac0d3de1a25f6d7236fa6a7a7db4818f0bc6b33b23a4d5ee1,爬冰山,基础动作与身体控制,斜面交替攀爬,力量与稳定性,双脚蹬板，手脚依次交替向上爬行,斜面上手脚交替推进并调节坡度主要发展攀爬运动控制,proposed,无,passed
495,293,1867e4f95feb0840cb62089a967d3ad1586fdcbb9c3db2afcb7543abc0e21b94,网上翻越,基础动作与身体控制,肋木顶部翻越与下攀,安全防护与健康边界,从肋木上端翻越肋木，然后从另一侧爬下,顶部翻越属于攀爬动作；分组建议中断且顶部保护条件不足需补充复核,needs_review,专业复核,passed
496,294,7de40f1876bf5dcc58e818c6e2253a0ec7065efc212967cc1d7f7cbea7b3852d,匍匐前进,基础动作与身体控制,异侧手脚匍匐协调,,用右腿和左臂的力量使身体前移,交叉手脚依次推进及不同身体姿势是匍匐移动的关键,proposed,无,passed
497,295,34cd2b28cb3f2a0c2aed4264737b1665ff700981be7b1765964a1270c6d240fd,万马奔腾,基础动作与身体控制,双手前移与双脚跟进爬行,,两手同时向前移动，两脚跟上,同步手部前移后双脚跟进体现爬行中的前后肢协调,proposed,无,passed
498,296,ecc7f92f1d1ae35ea8bd135c34028ca168c59325212ea7b5722d66666c861230,小小搬运工,力量与稳定性,移动支撑中的躯干稳定,基础动作与身体控制,尽量保持身体平衡不能让球掉下来,俯撑或仰撑移动时维持腰腹上的球要求躯干持续稳定,proposed,无,passed
499,297,5f752feb2feedb4b25d307aa971f6ad40831d7e57e2da378b5ca021ea749538c,叫号夺旗,速度敏捷与反应,听号启动与爬行追夺,认知注意与执行功能;基础动作与身体控制,教师叫到几号，两队相应编号的队员从白线出发,听编号选择启动并抢旗追逃强调信号反应和快速移动,proposed,无,passed
500,298,6c6878a4699844101a6657150c55e8fab4d6303e9cae4c0a6b7b420c6cdea0e5,开火车,力量与稳定性,多人连接爬行的上肢支撑,同伴互动与社会性;基础动作与身体控制,前一名学生将自己的两腿分别搭在后一名学生的两肩上,搭腿俯撑爬行以肩臂负重支撑为基础；增加人数的承重和保护边界需专业复核,proposed,专业复核,passed
501,299,6b364ce4d145ef2c63d234ad8df430154ea1fccfbc02a00075b583a6544cceb5,翻越过墙,基础动作与身体控制,助跑蹬墙与支撑翻越,安全防护与健康边界,同时双手撑墙顶成墙上蹲撑,助跑蹬墙支撑翻越是障碍移动技能；固定高墙建议缺年龄能力及保护边界需专业复核,proposed,专业复核,passed
502,300,8ea034b11921a00fa63db05245484f81e65e90585919a20756e05151cae072bf,网上打滚,基础动作与身体控制,肋木换握转体与支撑转换,安全防护与健康边界,左手反握肋木，左脚踩肋木成背向肋木站立姿势,换手脚支点完成面向背向转换属于攀爬身体控制；高处转体保护条件需专业复核,proposed,专业复核,passed
503,301,dd272dee8d17d1d5db1d0065b59173b047be1a5197a28184308bd8ff16a4b1e2,绕网爬行,基础动作与身体控制,肋木侧爬与绕越,,绕行至另一侧继续侧爬,重点是肋木侧端换面时的移动与身体协调。,proposed,无,passed
504,302,0f9b5fe89d83f803e6854ab7150033e475350b1cad352a2a853887d196fa2c7d,悬垂下行,力量与稳定性,上肢拉力与悬垂离心控制,基础动作与身体控制,然后身体慢慢落至双臂伸直,逐节下行依赖屈臂承重及缓慢伸臂控制。,proposed,无,passed
505,303,b4be2fc8cdfc451136a8f698157f024445690936c57b4592281241b0fdca2003,悬垂爬绳,力量与稳定性,上肢交替引体与握力,基础动作与身体控制,双手依次交替屈臂引体向上,核心负荷是悬垂状态下交替拉起身体。,proposed,无,passed
506,304,38dbedc13597e3a95e7b7d8d176707a2168ed320c2dd2fa28ce481ab7822a4d5,爬横梯,基础动作与身体控制,横梯爬行与支撑转换,同伴互动与社会性,排尾的两人依次从横梯的一端爬到另一端,主体任务为横梯爬越；同伴持棒承重的可靠性需专业评估。,proposed,专业复核,passed
507,305,1e1554f94c7aef13dad62a626b67a022e67ca1c89a351115ce2df35c98e6dd8f,平行梯爬行,基础动作与身体控制,四点支撑爬行,,可采用交换支撑点的方式进行练习,主要教授手脚配合及支撑点转换。,proposed,无,passed
508,306,762752afdf7c98471d56824d73129c02f8978398d6ac1426e18876c01d548d09,横爬轮胎,基础动作与身体控制,爬行路线与重心控制,,爬行时，要控制好身体的行进路线,重点是保持爬行方向及两侧支撑协调。,proposed,无,passed
509,307,470ae3c23ae552081144eb939dd6888797cd6b281a735d99441875e4ae9b21a6,螃蟹过网,基础动作与身体控制,仰撑侧向爬行,力量与稳定性,把同侧的手和腿同时向一侧移动,主要教授仰撑侧移及重心转移；铁丝网环境需核查防护。,proposed,专业复核,passed
510,308,cbd0d00d50ceb5980f3557550abb3fd9ac0463cbb00e26ab125dda2babb299d6,钴滚筒,基础动作与身体控制,通道爬行与姿势适应,,练习者顺着滚筒用不同姿势爬出,任务是随通道起伏调整爬行姿势，缺少明确感觉调节目标。,proposed,无,passed
511,309,54f51d8e2fbd686b0f55f723e37240704c18987b10d7c9f05e48d1d1c6f52cb1,倒立爬行,基础动作与身体控制,绳网倒向下爬,,头朝下，向下爬行,核心是倒向爬行的抓握与脚勾配合；头朝下高处移动需专业防护复核。,proposed,专业复核,passed
512,310,32da4e515d79aa4fd6e9fde585a051d0292a579b18d93cebfcec60da7bcaa4c9,两人三足攀爬,同伴互动与社会性,双人同步合作攀爬,基础动作与身体控制,两人一起合作攀爬,约束双人共同行进突出配合任务；绑腿向上攀爬存在跌落连带风险。,proposed,专业复核,passed
513,311,8cd531c1e776d6d4917e3277126d8d950ab30499dab722c91424d77e9ff62d89,直体水平支撑行进,力量与稳定性,上肢支撑与腰腹稳定,基础动作与身体控制,用上肢力量支撑起整个身体重量,正文明确以上肢和腰腹力量维持身体离地并移动。,proposed,无,passed
514,312,bcf08d18bdf99c558c0b2813c01049010c8ab3a008aa559a6514b16be73046dd,爬行足球,基础动作与身体控制,仰撑移动与脚部控球,专项运动技能,用双手和双脚撑地，其他部位不允许着地,仰撑约束贯穿踢球比赛，暂按身体控制归类；正文未明确支撑训练与足球技能的主次。,needs_review,无,passed
515,313,87bc5ed6e2fecf0102cf1907527f5dbbb88aa0e84b9e779ea71f678606906ff7,悬垂攀爬,力量与稳定性,上肢引体与换握承重,基础动作与身体控制,双臂引体至胸前，左手换握至上一节肋木,上攀的关键是双臂引体和单手换握时维持承重。,proposed,无,passed
516,314,fa6adb325b7531b8a32f581d737239c3b15bbbf6024a81c7223c07b6ee156887,翻越追逐,专项运动技能,体操双杠摆越与下法,基础动作与身体控制,双腿前后摆动各一次至前摆越杠跳下,正文教授双杠摆动越杠动作；保护与先备技能交代不足需专业复核。,proposed,专业复核,passed
517,315,ef8e87ee8fa845f0c6edcd7db15a29b343e5fd09af94974b38b92b06c9cd00ca,蹬高倒立,专项运动技能,体操靠墙手倒立,力量与稳定性,两脚掌依次向上蹬墙壁(肋木),重点为从俯撑过渡到手倒立的体操技术；倒立保护条件需复核。,proposed,专业复核,passed
518,316,c4bb41ddb862cc1aed8d50d8e955bbbafc4a4d71a6ccfe8eb399d279de63169b,过泸定桥,基础动作与身体控制,软梯水平爬行,,从俯撑开始，手脚并用，依次向前爬行,主要是软梯上的四肢爬行与支撑适应。,proposed,无,passed
519,317,1167e33f85d508b4ecaf98a7484c8077f7e47c0039763b10e7f95ee6685f6d5d,软梯爬行,基础动作与身体控制,软梯向上攀爬,,从双手抓绳，两脚踩绳开始，向上攀爬,动作围绕手抓脚踩的攀爬技巧展开。,proposed,无,passed
520,318,a0b615d96b72395c79e125c7a634d057a6d239fc965e39724035db6b8137a7b7,爬天坑,基础动作与身体控制,轮胎串攀爬与障碍通过,,手脚并用，向上逐个爬过轮胎,重点是逐个跨越轮胎的身体移动与四肢协调。,proposed,无,passed
521,319,7e71fc488ab2ee1c7816d05dd8fd601525a1980f62309f5a627d206a1cbf1aef,绳索攀越,基础动作与身体控制,悬挂横越与交叉协调,力量与稳定性,两臂、两腿依次协调配合，交替向前移动,详细步骤聚焦手腿异侧换挂与前移时序。,proposed,无,passed
522,320,d79f58e943af6723b4aa473e29f7dfa48b9a2f2f6199fd657e1d75ab098760e8,连续爬越跳箱,专项运动技能,体操跳箱爬越与落地,基础动作与身体控制,一脚蹬箱，另一腿摆动成箱上分腿俯卧,内容教授助跑蹬箱与箱上姿势衔接的跳箱入门技能。,proposed,无,passed
523,321,f5608ba7ea4a07d533b3f53ad6d7a98dcad49b7d85ccb8b75023682297583aa5,拔绳攀登,专项运动技能,攀岩绳索辅助蹬壁,力量与稳定性,用手拉、脚蹬的合力使身体向上移动,现有步骤指向绳索辅助攀壁；练习建议在句中截断且保护信息不足。,needs_review,专业复核,passed
524,322,5fbf3a3e0aa27ce251b7ebc1625e82b9d20d08af6127d786bf22c3279e939df6,裂缝攀登,专项运动技能,攀岩裂缝对撑技术,基础动作与身体控制,也可以用背顶住一面墙壁,主要教授双墙裂缝中的手脚对撑及背顶攀登。,proposed,无,passed
525,323,36b57c1d9d22df42c39de29450a44274f3f1c5a4da6e8d1a8a72779163c0b09c,骑桥斗智,基础动作与身体控制,助跑骑撑与落体控制,力量与稳定性,练习者助跑跳上“桥”背成骑撑,主要任务是助跑跳上同伴背部并骑撑；人体承重和冲击风险需专业复核。,proposed,专业复核,passed
526,324,f3d057ade8c7e509ca91bbad8c6a29df11417b3c420a936dd5a7e5d578b36c25,30米计时跑,体测与观察评估,短距离计时与速度达标,速度敏捷与反应,全速30米计时跑，要求事先规定速度标准,以全速计时对照预设标准为核心，归入速度测评。,proposed,无,passed
527,325,1913ef32fd163ac5b7f8dfd95568352a6581d41c00e1bb27db6fa1487299ecd3,摆臂,速度敏捷与反应,俯卧撑转摆臂动作速度,力量与稳定性,整组练习速度越快越好,正文实际为俯卧撑和摆臂组合，以整组快速完成为要求。,proposed,无,passed
528,326,c909b396dc9f5d0af2f07c52f861a7d0b2495a570bdea1b2a1c18086bbe8d21c,变速跑,耐力与体适能,循环变速跑与速度耐力,速度敏捷与反应,循环进行，绕400米场地1周为1组，重复练习3组,多轮加速与惯性跑累计成较长循环，主负荷为反复维持跑动能力。,proposed,无,passed
529,327,dd747fc21474ac9140167750aaa5b25bebe9f5118235b69545d3a5a76a3ec61d,变向起跑,速度敏捷与反应,转体反应与起跑加速,基础动作与身体控制,听信号迅速转体成蹲踞式起跑,核心为听信号快速转向后衔接疾跑。,proposed,无,passed
530,328,ae6d57f689e875c969912980f46161e279f56cb5432612ce18f7b18b9856f187,不同强度反复跑,耐力与体适能,分强度反复跑与恢复,速度敏捷与反应,注意控制好休息时间，反复练习,同时涵盖中长距离反复跑与短距全速跑，暂归反复负荷训练；主目标随组别变化需复核。,needs_review,无,passed
531,329,0a2e790619eef95191ab4212ff55467bcfe9c0f1984f7615885ca247b562fe30,测验式比赛,体测与观察评估,短跑多距离全力测验,速度敏捷与反应,60米、100米、200米等距离测验,正文明确以不同短跑距离开展全力测验。,proposed,无,passed
532,330,965a53adbf6a426bb92703a400e00a79d89d066480d61087d8ef045c6d223bd1,车轮跑,速度敏捷与反应,跑动步频与扒地速度,专项运动技能,落地时积极扒地，频率越快越好,技术要求服务于快速循环摆腿及步频提升。,proposed,无,passed
533,331,3dc7a48f6fb393afa241329ef529923fc7847d5cf06c7798672cc54b2061b2bc,持竿助跑起跳,专项运动技能,田径撑竿助跑与插竿起跳,速度敏捷与反应,手持撑竿做30米加速助跑后接插竿起跳,专项插竿起跳和悬垂摆体为核心；落地区与保护条件需专业复核。,proposed,专业复核,passed
534,332,accd47a22ebef1678e25e29de054bf85af7a3760ffcfdda90d6475934b2721e9,持铃高抬腿跑,速度敏捷与反应,持铃高抬腿动作频率,力量与稳定性,要求保持高抬腿跑的正确姿势，跑动速度越快越好,负重是增加难度的手段，重点仍是快速跑动；固定哑铃重量缺少适龄依据。,proposed,专业复核,passed
535,333,04f4a7d36b3a7d416573cb83476cb6039c0fd54eadecb7d4731d8345f25431c2,持球往返跑,速度敏捷与反应,持物折返与变向加速,力量与稳定性,由一端迅疾跑向另一端,实心球交换增加折返要求，主任务是短距快速往返。,proposed,无,passed
536,334,2653e00903c722618fef1ff3615c4384122ac4f227189adcd07b42b5ad76f3ca,穿沙背心上下坡跑,速度敏捷与反应,负重坡道冲刺,力量与稳定性,立即转身下坡冲刺跑30米,明确要求最快速度完成坡道冲刺；陡坡配合固定负重需专业安全复核。,proposed,专业复核,passed
537,335,7bd186c08f04393d9a5ea56e45f5283cbbba94fb197975134915ac0c98cce64c,倒退跑接疾跑,速度敏捷与反应,前后换向与急停反应,基础动作与身体控制,再听信号后急停接向前疾跑10米,训练随信号由倒退切换到向前加速的敏捷反应。,proposed,无,passed
538,336,f6b1b230baec849ba54a5a56710573b3ea57f29e6cc409af2807549b94282fcb,对墙跑动踢球,专项运动技能,足球移动踢球与连续控球,速度敏捷与反应,球在脚下不能有停顿,对墙连续踢球与跑动衔接构成足球带球配合技能。,proposed,无,passed
539,337,6e38ca8edf53bc9defc4dcb798cd887524097c954415564680dc59e72f1c946b,对墙掷棒球,专项运动技能,田径标枪交叉步投掷辅助,速度敏捷与反应,运用掷标枪交叉步助跑,器材虽为棒球，实际教授标枪式交叉步与快速出手。,proposed,无,passed
540,338,1b32d3062583f73726ad275a68e490f46ee6e820fb2224c63f2cb5774aa939e5,蹲踞式起跑,速度敏捷与反应,蹲踞起跑听令反应,专项运动技能,听口令迅速起动跑出,以既定起跑姿势练习听令快速启动，重点为反应速度。,proposed,无,passed
541,339,fa41af5b2df10514b7e5529a1a8c379d16bb2edc0dfe17d039bb4bfe0736f1be,反复跑,耐力与体适能,分强度反复跑与恢复,速度敏捷与反应,85%～90%强度做100～200米反复跑,同段同时给出速度与耐力区间，暂归反复负荷训练；训练组别主次需复核。,needs_review,无,passed
542,340,c47e01dae290872b0832b26b1aeb2988df0ae1ba93d6a22e53a2fbbab21ee414,扶竿接力,速度敏捷与反应,短距接力启动与时机反应,同伴互动与社会性,要求竹竿始终不倒地,赶在竿倒前到位要求快速起动；使用标枪作为扶竿器材需专业复核。,proposed,专业复核,passed
543,341,34308e42c6fec4bffa676ac748c072dbca13ea3298e3d7a67450acc6a0b66959,扶助木后蹬跑,速度敏捷与反应,扶撑后蹬动作频率,专项运动技能,听信号后做快速后蹬跑,扶撑用于固定姿势，主要练习快速后蹬动作。,proposed,无,passed
544,342,6d7cc4afb3195f24c2499860cc9862b7df05f097ee177df40e53ef9afdc83f7e,俯撑起跑接后蹬跑→冲刺跑,速度敏捷与反应,俯撑启动与后蹬冲刺衔接,基础动作与身体控制,紧接着做冲刺跑30米,组合围绕迅速起跑与后蹬转冲刺的速度衔接。,proposed,无,passed
545,343,6cf3d356355c0f21bd5935d10d30b38d4aaa9c7189b68c34998e92806aa17517,负重高抬腿,速度敏捷与反应,绑腿负重高抬腿频率,力量与稳定性,听信号后做原地快速高抬腿跑20秒,限时计数体现动作频率目标；腿部负重和年龄适配未说明需专业复核。,proposed,专业复核,passed
546,344,c2b8ea09433875ab59b9cea4afbe64af342a76dac66f66ed0ee68801bb99aaaa,高抬腿,耐力与体适能,循环变速跑与速度耐力,速度敏捷与反应,循环进行，绕400米场地1周为1组，重复练习3组,全文涵盖多轮加速与惯性跑，应按完整循环负荷分类。,proposed,无,passed
547,345,388407df7bb4657ddc9b993c22b8198250fe57a5e38f74558cebd03cce43a565,高抬腿接疾跑→快速起跳,专项运动技能,田径跳远助跑与腾空步,速度敏捷与反应,用跳远-腾空步技术落入沙坑,疾跑后的起跳板起跳和腾空步明确指向跳远专项。,proposed,无,passed
548,346,b7e748262df62f28510810a08a443fce14f602f7667aee41b2c3bb36de5af0f3,高抬腿接加速跑→变速跑,耐力与体适能,循环变速跑与速度耐力,速度敏捷与反应,然后惯性跑40米，再接做30米加速跑,交替速度并反复完成400米循环，主要训练速度维持与恢复。,proposed,无,passed
549,347,c014b53adecb0725b62c5477e3b574abec0f269e489a8b14c0f141eee5588082,高抬腿接跑,速度敏捷与反应,高抬腿转启动反应,,听信号后迅速起动跑出10～15米,目标是从原地动作迅速转换为短距离启动。,proposed,无,passed
550,348,8718b076e4e023adb068586f45d4b5ab94ef25568a3eb9f282fbe3142c925df2,高抬腿跳绳,速度敏捷与反应,高抬腿跳绳动作频率,专项运动技能,连续进行10～20秒，计数进行,限时快速高抬腿计数突出动作频率，跳绳为承载练习的技能形式。,proposed,无,passed
551,349,30a2c8d6dae2369003f84372d6a1604fb3ab214f645d2488aea7dc19a7923bc6,固定步数跑,速度敏捷与反应,加速跑步幅与步点调控,基础动作与身体控制,用事先规定的步数进行30～60米加速跑,固定步数约束服务于加速中的步幅和速度控制。,proposed,无,passed
552,350,4bfeb41aaf26bf920bc518799230273245dab901364fbcefc4e3cdd8d4a04cdb,后蹬跑,速度敏捷与反应,俯撑启动与后蹬冲刺衔接,基础动作与身体控制,听信号后迅速起跑，然后做快速后蹬跑20米,全文包含后蹬及冲刺组合，主线为快速启动与加速。,proposed,无,passed
553,351,41949cba1f5e5c96b45531f65f012e6f66e912c25f525a95742fbec782812870,加大难度跑,速度敏捷与反应,负重跳后步频步长训练,力量与稳定性,重点是提高步频，同时加大步长,正文直接给出步频和步长目标；负重跳与冲刺衔接的适用条件需专业复核。,proposed,专业复核,passed
554,352,6b86ebc4064706fd072e5d5755e5a2daf25cdc3942006b9ab9044086e7be65c7,加速到最高速度距,速度敏捷与反应,分段加速与速度感,,要求加速明显，注意体会速度感,重点是逐级提高跑速并辨识不同速度阶段。,proposed,无,passed
555,353,e72c218e1d4742a83631a330db34767c6888d398b61854aa1c17230a6dee748a,加速跑,速度敏捷与反应,快速推掷与加速跑衔接,专项运动技能,向前快速掷出，紧接着做加速跑,全文为跳推棒和投掷后加速组合，按连续快速动作的共同目标归类。,proposed,无,passed
556,354,d43d7809097654a53b0eb90433142ecf459d5d8653c20a74ca05c1a63d1d6265,交叉步推铅球,专项运动技能,田径铅球交叉步推掷,速度敏捷与反应,做快速交叉步推铅球练习,持球位置和交叉步推球构成铅球专项；器材重量与场地防护需专业复核。,proposed,专业复核,passed
557,355,858e38e738d152f4141d4439c342e676a163772d905571bc6b941a0ad6a973eb,交叉步掷球,专项运动技能,田径标枪助跑与交叉步衔接,速度敏捷与反应,做投掷标枪动作将球掷出,以实心球替代标枪学习助跑转交叉步和专项出手。,proposed,无,passed
558,356,ea6440ca30f523fde972d5227418eabb8fd24feef1c705ed34787a7db88b368b,脚传沙袋,速度敏捷与反应,跳起传物与摆腿速度,基础动作与身体控制;同伴互动与社会性,要求动作协调，摆腿速度越快越好,脚夹沙袋对传的主要要求是快速摆腿与协调发力。,proposed,无,passed
559,357,5360a0a213fe9ddc8977a03ef52b874bddfeab29aadfc95bfcdc71e6199b423a,快节奏跑接加速跑→跨步跳,速度敏捷与反应,快步转加速与跨跳频率,力量与稳定性,然后做快节奏跨步跳10～15步,三个环节均围绕快节奏动作与最快跑速衔接。,proposed,无,passed
560,358,9da2f3216b96d85ec53e88dae0f38d9bac4ef917a77efecc551fb19fa034b536,快速俯卧撑接原地摆臂,速度敏捷与反应,俯卧撑转摆臂动作速度,力量与稳定性,整组练习速度越快越好,明确按整体动作完成速度评价俯卧撑转摆臂组合。,proposed,无,passed
561,359,9b32f96311a235a9b41f0c0a8cd61614bad3c0b7fd638b7c07dcacc9f90e79b2,快速弓箭步交换跳,速度敏捷与反应,弓步交换腿动作速度,力量与稳定性;基础动作与身体控制,原地向上跳起做弓箭步快速交换腿跳练习,以快速交替双腿为主，同时要求持续维持弓步姿势。,proposed,无,passed
562,360,d2feeb3b113f29f7934ebc2a1b262e85746c6ddb14a85d917a72590067898f2c,快速挥臂,速度敏捷与反应,挥臂击球频率与反应,基础动作与身体控制,连续击球速度越快越好,借反弹球练连续快速挥臂，正文未限定球类专项技术。,proposed,无,passed
563,361,ecf5de41906436ca192b7975bd4244acdae6a4ff686d55a4025cfedc84d43e70,快速挥臂击球,速度敏捷与反应,挥臂击球频率与反应,基础动作与身体控制,连续挥臂用手掌拍击碰墙反弹回来的球,反复拍击目标用于提高挥臂频率及追随反弹的反应。,proposed,无,passed
564,362,8e4c7bcaa2deb3bd7039bf6653344d2440a4523276f0406454ddd9ddbacad44b,快速跑,速度敏捷与反应,短距启动与最大跑速,,一开始即发挥最大跑速,多种短距离反复跑都以尽快发挥跑速为核心。,proposed,无,passed
565,363,2d42f69698e50d2b81e6cac6a90aba906ff4ed5f6b4a613f36306bb9afeab831,捆沙袋加速跑,速度敏捷与反应,绑腿负重加速跑,力量与稳定性,听信号做加速跑20～30米,计时加速体现位移速度目标；绑腿负重的剂量与适用对象需专业复核。,proposed,专业复核,passed
566,364,888d5463d4572dd2be312e18bd2ded61ac2a0e20df9bb401f06962a2490f3bca,捆沙袋抬腿跑,速度敏捷与反应,绑腿负重高抬腿频率,力量与稳定性,听信号后做原地快速高抬腿跑20秒,快速限时高抬腿计数为主；未说明沙袋重量和适龄边界需专业复核。,proposed,专业复核,passed
567,365,e47042fc938abd236289a9812996320a289173f002c9486fddeec0e2d54bc10d,连续掷棒球,速度敏捷与反应,连续胯下投掷出手速度,基础动作与身体控制,要求掷出速度越快越好，球必须碰墙,棒球用于连续胯下快掷，主要要求为快速出手而非棒球专项技术。,proposed,无,passed
568,366,d6014e4d1bf5fb5116960692f196a7eb0d93d539f0a8d2e8db1ecda3a505bd07,跑动跨跳,基础动作与身体控制,跑跳衔接与节奏协调,速度敏捷与反应,每跑3步跨步跳1次,重点是保持三步一跨跳及匀速节奏的动作衔接。,proposed,无,passed
569,367,ef4a7f2d8cc66dcc067b4c0b39983e6fa111f6f693279ac9b5f2df53a30503b0,跑动起跳用头触球,速度敏捷与反应,助跑单脚快速起跳,基础动作与身体控制,要求动作协调，起跳速度快,头触吊球充当起跳目标，主要要求为快速起跳；重复头部触球需专业安全复核。,proposed,专业复核,passed
570,368,8523135c0355adf940f4cc091414597b44882e2bbdb0036f037ec5ac4f849838,起动跑,速度敏捷与反应,弓步启动与听令反应,,听信号快速起动跑出10～20米,静态或交换弓步后的信号启动为核心训练环节。,proposed,无,passed
571,369,a395b27ee5ee6e63b7bdc3d17ab1ece9bbd0f58b27312265b805346d449a261a,起跑接后蹬跑,速度敏捷与反应,俯撑启动与后蹬冲刺衔接,基础动作与身体控制,要求后蹬跑、冲刺跑技术正确,全文以快速启动接后蹬再冲刺组成速度练习链。,proposed,无,passed
572,370,3765a8e25f8857b573394f74eb813633692911ed2156f054dc3dbc2ca7d6467c,起跑撞线,专项运动技能,田径短跑终点撞线,速度敏捷与反应,接做冲刺撞线动作,疾跑后专门衔接终点撞线，具有明确短跑专项技术目标。,proposed,无,passed
573,371,66edc5cbf13828b122311529df0e258d46b1d0fd7dfa6149f61c84e98496cba4,起跳快速转体,速度敏捷与反应,起跳转体动作速度,基础动作与身体控制,要求起跳、转体速度越快越好,正文明确强调起跳与转体速度，未提出前庭调节目标。,proposed,无,passed
574,372,136e80fd8237a5e690d44eb888ca0684749c8e877a84d477a18c1f4fcbdf7ea0,牵引跑,速度敏捷与反应,辅助牵引超速跑,,尽力跟上牵引速度,外部牵引用于提升全速跑速度；人车牵引及腰部固定的失控风险需专业复核。,proposed,专业复核,passed
575,373,995b1ae0b1267a47162e0dec56e1d091ec408fafd68099b296264b6eff3bb6e9,牵引上坡跑接下坡跑,速度敏捷与反应,牵引上坡与下坡加速,,然后做快速下坡跑50米,主任务为全速上坡和快速下坡；陡坡牵引与下坡跑防护需专业复核。,proposed,专业复核,passed
576,374,83f71c5ba2f39a61383264fabeb4bd2a9d1aff3d2c900317693f6da7b7f0ca72,前滚翻起跑,速度敏捷与反应,滚翻转起跑反应,专项运动技能;基础动作与身体控制,听信号后做前滚翻接蹲踞式起跑20米,滚翻为启动前的体位转换，整体要求为迅速衔接起跑。,proposed,无,passed
577,375,e529bbbff1208f6f92a9b2704237c62ca51390a6ea54e16fd08b83f98407e7a6,前后摆小腿,速度敏捷与反应,弹力阻力下小腿摆动速度,力量与稳定性,大腿高抬，快速做小腿前后屈伸练习,弹力带提供阻力，直接评价指标是小腿摆动速度。,proposed,无,passed
578,376,6ade389408b70dd673d74c6cc9eee8093cfb03487cc482dc143799f4034ccb00,拳击重沙袋,速度敏捷与反应,连续出拳动作频率,专项运动技能,以最快的频率做前后挥臂以拳击沙袋的动作,限时次数强调出拳频率；重沙袋击打的手腕防护未交代需专业复核。,proposed,专业复核,passed
579,377,0c981c1471d0a90e50f108dca53d1faa6c3e46ad9e27725b6f455b783d869976,让距接力跑,速度敏捷与反应,让距接力与追赶跑,同伴互动与社会性;教学设计与教练方法,最快一个组在最后，最慢一个组在最前,按速度差设置追赶距离，以接力竞跑提升短距跑动表现。,proposed,无,passed
580,378,a28c8cfb0ecb6f513b00f4d1d7226ab08a18e06bd9b26b4abcdcd96dd8c47aba,上坡跑,速度敏捷与反应,牵引上坡与下坡加速,,做全速牵引上坡跑30米,全文包含上坡和下坡的快速跑组合；陡坡和牵引条件需专业复核。,proposed,专业复核,passed
581,379,a78670b1f450c311f53f8a7affaee8cbdd3d434aa75291dee9e0124c97899d98,手抓棒球,速度敏捷与反应,落球抓握反应,基础动作与身体控制,不等球落地，持球手再次抓住球,以球下落的短时间窗训练手部再抓握反应。,proposed,无,passed
582,380,d67439ce4614e353abf81f5eb64a26d782555a20e638fbfef06d63b8dfb2dec6,双臂支撑扒地,速度敏捷与反应,前脚掌扒地动作频率,力量与稳定性,两脚交替做前脚掌快速扒地练习,双杠支撑用于稳定躯干，主要练习双脚交替快速扒地。,proposed,无,passed
583,381,ed0da29d80ee8c4ad8735cb55c06e9da29efc534571f599906cb517f9bf9823c,双人摆臂,速度敏捷与反应,弹力带双人快速摆臂,力量与稳定性;同伴互动与社会性,两人同时以最快速度和最大幅度做前后摆臂练习,直接目标为双人抗阻快速摆臂；组内人数表述含糊不影响主题识别。,proposed,无,passed
584,382,6a8e9e8a43df3fa32beefefbdfb2463c254277c69cccb809eacc37f8521276c1,双手掷球,力量与稳定性,躯干上肢协同爆发力,速度敏捷与反应;基础动作与身体控制,运用腰腹快速摆振和手臂力量将球向前掷出,正文明确以腰腹和手臂合力驱动负重球快速抛掷，主归爆发力。,proposed,无,passed
585,383,173cbd9b8c827ba0e0040fd4a0907451358897d7a348ea42dc969c9b76190041,顺风或下坡跑,速度敏捷与反应,顺风下坡辅助步频步幅,,要求加大步幅、加快步频,利用外部条件提高跑动步频和步幅；下坡坡度和减速边界需专业复核。,proposed,专业复核,passed
586,384,b86d5e0b428a5094b669e6740f1b7f5ba516a98891d381cef9eea33fa0552c05,踏标记跑接拍踝跨步跳,速度敏捷与反应,快速步点命中与跨跳协调,基础动作与身体控制,以最快速度完成脚踏标记,主任务是在高速下准确踏点并衔接快速跨跳。,proposed,无,passed
587,385,1620ff6f1319d0ca649f482ba1c51b8f679c473978b5817e069f7965c2783b60,跳推体操棒,速度敏捷与反应,快速推掷与加速跑衔接,专项运动技能,快速向前平推体操棒，连续20次,正文为完整推棒投掷和加速组合，各环节强调快速动作。,proposed,无,passed
588,386,ccef751a3349edb03777697a11624d59ef3f312fce6ca1c1929dc89f0b02599f,跳推体操棒接掷沙袋→加速跑,速度敏捷与反应,快速推掷与加速跑衔接,专项运动技能,向前快速掷出，紧接着做加速跑,连续快速推掷及跑动转换构成主要训练目标。,proposed,无,passed
589,387,0add99103c34d382274e6ec98517471dcaea6bbf7c8d10b16caf2526391e322b,投掷沙袋,专项运动技能,田径标枪原地引枪与鞭打,速度敏捷与反应,做原地向后引标枪动作,沙袋替代器材承载标枪引枪与鞭打出手技术。,proposed,无,passed
590,388,c5c8e3a818594291f17302f74c0684eb99073c2c80c2196b24c3e549ee75b559,投掷铁球,专项运动技能,田径标枪上步鞭打投掷,速度敏捷与反应,呈向后引标枪姿势,正文明确模拟标枪上步出手；铁球投掷的场地隔离和器材适用性需专业复核。,proposed,专业复核,passed
591,389,65eb49584aa02f65f115b62e3bce93c9d0b6438fdeb67e044c56df085c272751,卧跳→折返,速度敏捷与反应,卧起触高与折返敏捷,基础动作与身体控制,并立即折返跑到端线,主体为快速卧起触高和变向冲跑，篮板只是目标器材。,proposed,无,passed
592,390,30c2fb3fc0071f9a8188c2fce2e102a53fee92eb97606151edd5f0e7ccd384cf,小步跑,速度敏捷与反应,小步频率转加速跑,,做快频率行进间小步跑10米,小步跑后接两段加速，重点为步频与加速转换。,proposed,无,passed
593,391,6f83ccdf4e960cff4384e5804e78fa517f9feea5d407db6db66225a51238b067,小步跑变加速跑→计时跑,速度敏捷与反应,小步频率转加速跑,,听信号后变加速跑20米,计时用于速度练习反馈，主体仍是小步跑转加速。,proposed,无,passed
594,392,82ec8ce165b68f749bb626ebadfecbe1e1f4a45d59f16beb8e8c5e55f8fbd5f4,小步跑跳绳,专项运动技能,跳绳小步行进与手脚配合,速度敏捷与反应;基础动作与身体控制,手脚配合协调一致,向前小步跑中维持摇绳和脚步协调是明确技能要求。,proposed,无,passed
595,393,8704c89febbcf4e78a395eddd0aed19dcabea9e1f6fa49134a1eb6d5987f2675,行进间跑,速度敏捷与反应,行进间短距跑速练习,体测与观察评估,行进间跑30米、60米、80米等距离，并计时,以短距行进跑的动作与跑速练习为主，计时兼具观察功能。,proposed,无,passed
596,394,8b549c9146e0723fd4fe5356042fbadf304ce8a5e364dae96e10bab2f3f004f2,仰卧起跑,速度敏捷与反应,仰卧翻转启动反应,基础动作与身体控制,听信号后迅速转体成俯撑,重点为听信号迅速换体位再衔接疾跑。,proposed,无,passed
597,395,4fa7bd542c0c8ebb2c06f430aacc5bd76126c831b2c3cd5ad4a08d5260a1091f,移动触吊球接扣球,专项运动技能,排球移动衔接扣球鞭打,速度敏捷与反应,上步快速挥臂扣悬挂在一定高度的吊球20次,触球折返后衔接扣球鞭打动作，专项击球技术是关键教学内容。,proposed,无,passed
598,396,82e075f15876094b3bd559e845ec8373adae9eae062c70700cce43b2be8e646c,原地摆臂,速度敏捷与反应,俯卧撑转摆臂动作速度,力量与稳定性,然后迅速起立，两臂前后摆动50次,全文以快速俯卧撑转摆臂构成计时组合，按整体动作速度归类。,proposed,无,passed
599,397,34a1bb5eb6206cc58db39344a596bf49cb6949ca9e0843a783495950fe71a7c6,站立式起跑,速度敏捷与反应,站立起跑听令反应,专项运动技能,听口令迅速起动跑出10～15米,主要任务是从站立或半蹲姿势听令迅速启动。,proposed,无,passed
600,398,113b1e1c4390c9abef8814ddfb80d87e464b94eee13fec7fd87d743963e7675a,直腿跑,专项运动技能,田径直腿跑摆腿技术,基础动作与身体控制,跑出时摆动腿伸直，以足跟擦着地面向前摆动,内容聚焦特定跑步摆腿技术；足跟擦地的技术表述需专业核查。,proposed,专业复核,passed
601,399,d7fe854b139cd4d7b4783f33ad92ac83b074119cfeba8cfe7dbde7d7c744baa2,掷铁棒,专项运动技能,田径铁饼旋转投掷辅助,速度敏捷与反应,做掷铁饼的旋转和出手动作练习,使用铁棒模拟铁饼旋转出手；器材及释放区域安全条件需专业复核。,proposed,专业复核,passed
602,400,adaae6a7e3335ab18bf59b23f4aa63f57e6694aaafb88ac0c238fc83fbe7b7ef,中等强度跑,耐力与体适能,中等强度持续跑与配速,,按中等强度跑300～500米,按规定时间维持中等强度跑动，主要目标为持续跑与配速控制。,proposed,无,passed
603,401,b555a0232ef5b7cb46632a6f1aa602cb01d800f9729a0de0362c093ce27d62f8,转身起跳击球,速度敏捷与反应,反应与转体跳跃,基础动作与身体控制,空中转体180°落地,训练核心是起跳后快速转体并控制落地，主要解决反应与方向转换能力。 ,proposed,,passed
604,402,c9e7dde2811769188a47eee2bed32c83135b37bf945fe7bda76c08df4a46e375,组合跑,耐力与体适能,间歇跑与速度耐力,速度敏捷与反应,每组间隔10～15秒,内容以多距离组合跑和短间歇组织为核心，主要解决重复跑能力。 ,proposed,,passed
605,403,f4afe2e6ba1818f51d6492e5e4ce7c5b0040851fc051f2195834f076611aaadf,“之”字跑,速度敏捷与反应,变向跑,基础动作与身体控制,发展青少年在跑动中改变方向的能力,训练目标明确指向跑动中的方向改变和灵敏性。 ,proposed,,passed
606,404,cf5ab75f682e8bebe649da081ba5966532fc820c2721be82a101ba76ff0d9376,持球过杆,速度敏捷与反应,持器材绕杆协调,专项运动技能,持拍向上颠羽毛球,主要解决持球器材与绕杆跑的协调配合。 ,proposed,,passed
607,405,f0dd24c3fa5e3631557fcae88814e84882702535ca18aec0f5ebd1e4f3a47b97,带球过人,专项运动技能,足球传球与拦截,同伴互动与社会性,力争将足球踢过丙由对方接住球,核心是足球传递、接球和拦截的专项配合。 ,proposed,,passed
608,406,9972d4c10bae6f29630cb017e2f34b778005562c0313acb7841ffdafd9521d6a,单、双数互追,速度敏捷与反应,听信号追逐反应,基础动作与身体控制,当教师喊“单数”时,主要训练听觉信号反应和短距离追跑。 ,proposed,,passed
609,407,6df0ef865d590385e2e0770f9ca44ad25cbf43c523216232f40e010aa63dc320,倒退跳远,基础动作与身体控制,方向变化中的身体控制,速度敏捷与反应,失去方向时对身体的控制能力,主教学目标是方向受扰后的身体控制。 ,proposed,,passed
610,408,8ea3171005ef50aa709886341aab4d30ed573111755dcfd0be4b9c75de2c1015,躲闪摸肩,速度敏捷与反应,反应躲闪与防守,同伴互动与社会性,设法拍到对方的肩膀,以双人攻防躲闪为形式，主要解决快速反应和躲闪。 ,proposed,,passed
611,409,03a27df9f9bb55b5ab0f737b97af54d2ae59d8b8b3dc1f770192d7771d533356,弓字步转体,速度敏捷与反应,口令转体跳跃,基础动作与身体控制,在空中完成转体方向,核心是口令引导下的跳跃转体和方向控制。 ,proposed,,passed
612,410,cd2a071e500ce1017122365abeb4b0a0147601e6fb70fdc3151fd0a84bae0ef6,篮球(1)“M”形绕障碍折返跑,专项运动技能,篮球专项移动,速度敏捷与反应,1.篮球(,正文仅剩项目残片，无法据正文准确判断具体动作和主题。 ,needs_review,,passed
613,411,9fcb1cc61787b7779ac95d46898f80d107a80501a81e1c75aeb8376ea3ec79be,立卧撑跳,速度敏捷与反应,快速撑跳,力量与稳定性,提高青少年快速撑跳的能力,主要目标是连续支撑、收腿和起跳的快速转换。 ,proposed,,passed
614,412,b4b8079c73769f0e430e64faae10ec9bac249b68c162b19a999444b22a6d1aa4,排球(1)进二退一式移动,专项运动技能,排球专项移动,速度敏捷与反应,4.排球(,正文仅剩项目残片，无法据正文准确判断具体移动内容。 ,needs_review,,passed
615,413,18420143ee2cfe43a08ed3ca5d2952b84501d208f3f0de1d3c807e76cfc63d6c,扫地跳跃,速度敏捷与反应,跳跃反应,基础动作与身体控制,跳跃过程中的快速反应能力,核心是对扫地绳刺激作出连续跳跃反应。 ,proposed,,passed
616,414,060f11dc0f12db07fbb255cf9908e8be4f8aa2d48c1c75a02a827e13843f3209,双人传球跑,专项运动技能,篮球移动传球,同伴互动与社会性,在30米跑道中并排跑,主要解决跑动中的传球配合和反应。 ,proposed,,passed
617,415,ca25e9314d1abe953592c8ea4c7ce7ed40b5fb1fff39eed6832cecb9e88fff19,双摇跳绳,速度敏捷与反应,快速弹跳与跳绳,基础动作与身体控制,从脚下连续通过两次,核心是双摇跳绳带来的快速弹跳能力。 ,proposed,,passed
618,416,bb244033f1320ee01139ab204fa3023f228c4e1e39df7f1285407fbcf40ce30f,羽毛球(1)半场半边的前后场交叉步,专项运动技能,羽毛球专项步法,速度敏捷与反应,3.羽毛球(,正文仅剩项目残片，无法据正文判断交叉步的具体教学目标。 ,needs_review,,passed
619,417,3ff1b7db92d8f9514c7d2f87b89e5b13fdb6bdba5fd13354ed3c0ec309e3ab40,足球(1)禁区4角绕障碍变向跑,专项运动技能,足球专项变向跑,速度敏捷与反应,2.足球(,正文仅剩项目残片，无法据正文判断具体变向跑内容。 ,needs_review,,passed
620,418,8b66bfd4744e5f422b6ad0ba0fe501a2f14cef6943706d927161fe603f536e94,标准俯卧撑,力量与稳定性,上肢胸部力量,基础动作与身体控制,增强上肢和胸部肌肉力量,训练目标直接指向上肢和胸部力量。 ,proposed,,passed
621,419,142ea01a42446153fe593946afdfdadf3b73fb6cc5fde03768d2c6e29e3318fb,撑地开腿跳,力量与稳定性,上肢力量与下肢协调,基础动作与身体控制,上肢和胸部肌群力量以及下肢协调性,主要目标同时包含上肢力量和动作协调。 ,proposed,,passed
622,420,3d30ccb2e6398e53381daacda500c06dd2136e69f8ba7c1545910891f27b4c45,触碰墙俯卧撑,力量与稳定性,上肢胸部力量,基础动作与身体控制,增强上肢和胸部肌肉力量,训练目标直接指向上肢和胸部力量。 ,proposed,,passed
623,421,e6e688602d6f6f7d09f7a7e045cea14c62102b9b480c7e06a51c15550048cb13,鳄鱼爬,力量与稳定性,全身力量与协调,基础动作与身体控制,腰背与下肢肌群的力量及协调性,动作目标覆盖多部位力量及协调控制。 ,proposed,,passed
624,422,76d909b912540dd6a59b8f338f7aa51fae7a9e2dcf247bdd351adaad27372597,飞升式撑地俯卧撑,力量与稳定性,全身力量与协调,基础动作与身体控制,增强上肢、胸部、下肢、腰背部肌肉力量以及身体的协调性,待复核：正文支持肌肉力量与协调性；原理由中的爆发力缺少正文依据，且动作步骤未说明。,needs_review,,passed
625,423,c2c9f73bb7e389a6498bcfd9be45924639ecabc5c6440986ce0f47a70ebcf9eb,飞升式肘碰膝盖撑地,力量与稳定性,上肢力量与下肢协调,基础动作与身体控制,下肢的协调性,正文将上肢胸部力量与下肢协调作为主要目标。 ,proposed,,passed
626,424,67e1e0f1906ee748dd6f935f4875a6e33481153984c70edf1dcec5722507b92b,俯撑手走,力量与稳定性,肩臂推撑力量,,增强三角肌、肱三头肌、胸大肌力量,目标集中于肩部、肱三头肌和胸大肌力量。 ,proposed,,passed
627,425,377d844b2aab555400cf58fddebf3e9dbd86ea3c933e7e5f99b13e4ef9b22bd9,俯卧撑转平板支撑,力量与稳定性,上肢与躯干支撑力量,,增强手臂肌肉群、胸部肌肉群,主要目标是推撑相关上肢和背部力量。 ,proposed,,passed
628,426,34a2a65105fc49d7d59879e777739e4e4d4757dd04943529588db657c32d8f15,双手支撑平移,力量与稳定性,上肢支撑稳定,,下肢肌肉的稳定性,动作重点为支撑平移中的上肢力量和身体稳定。 ,proposed,,passed
629,427,a68adf004c38301b7a15fc1f26120b8b35377827c65c127d5027b436d277543f,双膝跪地俯卧撑,力量与稳定性,上肢胸部力量,,增强上肢和胸部肌肉力量,目标直接指向上肢和胸部力量。 ,proposed,,passed
630,428,981c8dcb38393820aedc0884549ca31feec6510f77cddba0b38d9f0baef3dbb4,小狗跑爬,力量与稳定性,上肢稳定,,增强上肢稳定性,核心是上肢及胸部力量发育和稳定。 ,proposed,,passed
631,429,6c6bdaefa010eeff34db01efb1577e9afd752f2f06fdd97fbdf0f52a86f7fc97,原地支撑,力量与稳定性,上肢稳定,,促进上肢和胸部肌肉力量发育,核心是支撑姿势中的上肢稳定。 ,proposed,,passed
632,430,a446f13a36ed98d83458e91eb174b8ce16c4f6cec7edb03153ce6593797740d5,杠铃-高拉,力量与稳定性,全身爆发力与动力链,,提高动力链能量传递效率,动作目标是全身动力链和爆发力。 ,proposed,,passed
633,431,3452299bf83da82e2ffe4a1ad675c609364c53e2e43d3922ba67c6965f19b0a6,杠铃一高翻,力量与稳定性,全身爆发力与动力链,,提升全面爆发力,高翻主要训练全身动力链的爆发力量。 ,proposed,,passed
634,432,34c692510eb8cce0613202fe7035214317c4988051ee73426208b0f96480e3db,杠铃一悬垂抓举,力量与稳定性,全身爆发力与动力链,,快速伸髋、伸膝，同时迅速耸肩,动作核心是下肢到上肢的爆发传递。 ,proposed,,passed
635,433,c66581911ac9bb5b1d4cbf5f6ef08154bf2597bd26bbb406ebaaa12d8dba616e,哑铃-单臂抓举,力量与稳定性,全身爆发力与动力链,,换至对侧练习,单臂抓举以全身动力链和爆发力为主。 ,proposed,,passed
636,434,679eda52aef063c9b629c90d28fe8fa26ccd0ccb44aa449316daa7eb441504ed,杠铃-挺举,力量与稳定性,全身爆发力与动力链,,将杠铃推举过头顶,挺举核心是下肢爆发与上肢推举衔接。 ,proposed,,passed
637,435,b4aaf55dde716fa41d1f4d425585164dc85b1692023818bcc802deac082ce0af,哑铃-前蹲至过顶推举,力量与稳定性,全身力量与动力链,,提升全面爆发力和力量,前蹲推举结合下肢力量和上肢推举。 ,proposed,,passed
638,436,cb168ca1a2416a18d7e1dea733bfd9929115f6a4c7dab13f182c99edef193793,哑铃-单臂分腿蹲至过顶推举,力量与稳定性,单侧全身力量,,提升全面爆发力和力量,分腿蹲推举以单侧下肢和上肢全身发力为主。 ,proposed,,passed
639,437,2f86590b03bfb21c38b4cc46235e4fed8cc1a0aaaa28197e2a2544399814aad4,哑铃一交替侧弓步至过顶推举,力量与稳定性,侧向全身力量,,提升全身力量,侧弓步推举重点是侧向下肢与上肢协同。 ,proposed,,passed
640,438,a0735f8c3407473b6a79a1283414b12784be0dde72a72736973f16d896cfc9a3,哑铃-单臂登阶推举,力量与稳定性,单侧下肢与上肢力量,,左脚用力下蹬,登阶推举核心是单侧蹬阶和推举的力量传递。 ,proposed,,passed
641,439,1116483a3ff058cb1e4fba5d2fcf00bd77ee9fb4620c50eae4d55c12df3bd658,哑铃-土耳其起身,力量与稳定性,躯干核心与全身力量,,提升全身综合力量,土耳其起身以核心稳定和多关节起身力量为主。 ,proposed,,passed
642,440,6538dbef47aead6a394784d26edd531004524f4b942748f46034e78d4eb19cf2,正握引体向上,力量与稳定性,上肢拉力与肩胛稳定,,主要发展背阔肌、大圆肌,引体向上主要训练背部和上肢拉力。 ,proposed,,passed
643,441,bf5959b8ba2bf52e055b8c054e4e76d57e1eba4f3398931b42b0a027bab5f2e1,杠铃一站姿反握肱二头肌弯举,力量与稳定性,上肢肘屈肌力量,,主要发展肱二头肌,弯举目标集中于肱二头肌及相关屈肘肌群。 ,proposed,,passed
644,442,0d82109fd0b8732b6ecb97df40249f9668617782da2473456c3e1ef11bf9a776,杠铃一仰卧直臂下拉,力量与稳定性,上肢背部拉力,,主要发展背阔肌和大圆肌,直臂下拉主要训练背部拉力肌群。 ,proposed,,passed
645,443,71ca7499ffc78cf7a45b96943af8c87ae96300fb8e0a14906ac2664b8e0a8b26,哑铃一站姿侧平举,力量与稳定性,肩部力量,,主要发展斜方肌上束和三角肌中束,侧平举的主要目标是肩部肌群力量。 ,proposed,,passed
646,444,7e262ee1456cb38da93b96f755cbefbc9ee05f930163454f7088205aff1a2cc6,哑铃一站姿前平举,力量与稳定性,肩部力量,,主要发展三角肌前束,前平举聚焦三角肌前束和斜方肌。 ,proposed,,passed
647,445,fb673776beec13947f6bace131ad31d641328378b557a2024a7f9590fbf2ab00,哑铃-俯身姿直握侧平举,力量与稳定性,肩胛与肩袖稳定,,主要发展斜方肌、三角肌、肩袖肌群,俯身侧平举主要解决肩胛和肩袖相关力量。 ,proposed,,passed
648,446,56cb7a25b65134204a282760d2387b4f30171608c65e76ae01c816d62040fa31,哑铃-俯身姿后拉,力量与稳定性,背部拉力,,主要发展斜方肌、背阔肌,俯身后拉目标是背部和上肢拉力。 ,proposed,,passed
649,447,71a822bcd187e725837c30670de91b755a5f83a37b7b03023573b335bfb12b6a,哑铃一俯身姿单臂单腿对侧后拉,力量与稳定性,单侧背部与髋稳定,,左腿向后伸直抬高,动作结合单臂划拉与单腿支撑，核心是单侧力量和稳定。 ,proposed,,passed
650,448,ee08c806aebc1291903b23bd28327b3924d5258e4c1f246840c75f0fb3c278d2,屈膝悬垂后拉,力量与稳定性,水平拉力与肩胛稳定,,身体从头到膝呈一条直线,悬垂后拉主要训练背部拉力并要求躯干稳定。 ,proposed,,passed
651,449,58a93d620c9fe5610bcb2816e080f487e8ff175ba72939f42eac8421b47a3211,壶铃-俯桥交替后拉,力量与稳定性,躯干稳定与背部拉力,,保持躯干稳定,俯桥交替后拉兼顾背部拉力和抗旋稳定。 ,proposed,,passed
652,450,c469425f16909fd9e2df3640741997a4115dfc49037267bb529ad71719a60ecb,杠铃-卧推,力量与稳定性,胸部推力,,主要发展胸大肌、肱三头肌,卧推主要训练胸部和上肢推力。 ,proposed,,passed
653,451,6816ee3ba9fd5129c27e21777621e0225da33e1c0e33e20ed3f8dd2e63926645,俯卧撑,力量与稳定性,胸部推力与核心稳定,,身体从头到踝呈一条直线,俯卧撑主要是上肢推力并要求躯干稳定。 ,proposed,,passed
654,452,4be318b60b8f51a175aac8eafb4d6fdfc38aa35d2aadb59d5d57d0a5277087a8,T字俯卧撑,力量与稳定性,胸部推力与抗旋稳定,,身体向左侧旋转,T字俯卧撑在推撑基础上加入旋转控制。 ,proposed,,passed
655,453,9bc40a4aab4ed6c1154d41566642bdcd84844589df17f2f29c410431d58d5aec,哑铃-低分腿姿交替过顶推举,力量与稳定性,单侧肩部与下肢力量,,双臂伸直,分腿姿交替推举主要训练单侧全身力量。 ,proposed,,passed
656,454,9d29f64887b5feb71010b4313df073939ea05f8922e3ed1931db5fed812d8093,哑铃一站姿肱三头肌伸展,力量与稳定性,肱三头肌力量,,主要发展肱三头肌,动作目标集中于肱三头肌伸肘力量。 ,proposed,,passed
657,455,e1aa069f83ed4d420751583b0cd0adf15b2e9bb3db2d63060b1fe143d334485e,深蹲,力量与稳定性,下肢力量,,主要发展股四头肌、臀大肌,深蹲主要训练下肢蹲起力量。 ,proposed,,passed
658,456,3a97189b1a227f3308b0bb4bef9a8e4d73998126ff00450ac04335314d81ba38,杠铃一前蹲,力量与稳定性,下肢力量,,直至大腿与地面平行,前蹲主要解决负重下蹲的下肢力量。 ,proposed,,passed
659,457,44a8f963305ca5e4d4e875475a63cfb1fa547b69e6fa1314f072595ef0a3a660,杠铃一过顶深蹲,力量与稳定性,下肢力量与肩部稳定,,保持杠铃在肩部正上方,过顶深蹲结合下肢蹲起和肩部稳定。 ,proposed,,passed
660,458,f2f89e366823f6b0e5acf36ec7b6e886bc12cf59789b83d3c8aea0034f113387,哑铃-捧杯式深蹲,力量与稳定性,下肢力量,,主要发展股四头肌、臀大肌,捧杯深蹲核心是下肢力量。 ,proposed,,passed
661,459,04a9d69675bb3681f916db7ae02ea8453f7b0b52720133723f23b99a27ed5d52,杠铃一相扑式深蹲,力量与稳定性,下肢力量与内收肌,,主要发展股四头肌、臀大肌,相扑深蹲强调下肢及内收肌群。 ,proposed,,passed
662,460,cce4ea3dcc838b4f29814254d5d81c95c73b914052ab5002e2dd1d677e32b92a,哑铃一侧向深蹲,力量与稳定性,侧向下肢力量,,左腿向外跨一大步,侧向深蹲主要训练单侧和内收肌相关力量。 ,proposed,,passed
663,461,3196a0ba76e4a5fcc9f4f95806abe3b24514760ec3df17e56657ac498b864bd9,分腿蹲,力量与稳定性,单侧下肢力量,,低分腿蹲姿,分腿蹲以单侧下肢蹲起力量为主。 ,proposed,,passed
664,462,470c3eb0eee50e4e5f25ac0fa2912377ba9b36bf87e0127ff747f40f78d2c277,杠铃-旋转分腿蹲,力量与稳定性,下肢力量与躯干旋转,,躯干右转至侧面,旋转分腿蹲结合下肢力量和躯干旋转控制。 ,proposed,,passed
665,463,7809e0c2c6dfabfb4d5983cbcc70b235c5603a3666b3c2cc2950602cf7c5141c,哑铃-后向弓步,力量与稳定性,单侧下肢力量,,右腿向后迈步成低分腿蹲姿,后向弓步主要训练臀腿力量。 ,proposed,,passed
666,464,4ba28c2346cb0388f0302795eddb5d05a488063d306695cb00c14fc070088c8e,前向弓步,力量与稳定性,单侧下肢力量,,左腿向前迈步成低分腿姿,前向弓步主要训练臀腿和小腿力量。 ,proposed,,passed
667,465,2837344528038ac806db169d1b3344c51238d9e9b14e853a278eb76f652c2758,杠铃一弓步前进,力量与稳定性,行进弓步与下肢力量,,右腿向前迈步,弓步前进以连续单侧下肢力量为核心。 ,proposed,,passed
668,466,4a7543b07ed5922e27c32745adfb76b10cf12bd9035250a6d956ac69072832b6,单腿深蹲,力量与稳定性,单腿下肢力量与平衡,,直立姿单腿站立,单腿深蹲主要解决单腿力量和身体平衡控制。 ,proposed,,passed
669,467,af61107cdf4e30193e62deda76b1e38439c44021f3d18af510ccb7ea97ddbc00,杠铃一正向蹬箱,力量与稳定性,单侧下肢蹬阶力量,,右脚下蹬、站上跳箱,蹬箱核心是单侧下肢蹬阶力量。 ,proposed,,passed
670,468,2162f526ee3f5f3d7b64cd6f6267b8b9566c17f14d06245819f28912c7a0476d,杠铃-硬拉,力量与稳定性,髋主导下肢力量,,主要发展臀大肌、竖脊肌和腘绳肌,硬拉主要训练后侧链力量。 ,proposed,,passed
671,469,745b0e8465eaf6150428e5c49cdc017581d358997b0bf4b22ff0ba2ac07f3c16,哑铃一罗马尼亚硬拉,力量与稳定性,髋主导下肢力量,,向后屈髋,罗马尼亚硬拉主要训练臀腿后侧链。 ,proposed,,passed
672,470,f7da9267faf3cf683ac77fbff27396f6f23c481e94bc99bb4c97e64559b601d2,哑铃-单腿罗马尼亚硬拉,力量与稳定性,单腿髋主导力量与平衡,,右腿伸直向后抬起,单腿罗马尼亚硬拉结合后侧链力量和平衡。 ,proposed,,passed
673,471,3241bd026f180de49013dce47bea2b7cef22bbc8a5cf0dc5145f6f92c3807617,壶铃-甩摆,力量与稳定性,髋主导爆发力,,快速伸髋站直,壶铃甩摆核心是髋部爆发和后侧链力量。 ,proposed,,passed
674,472,d99bfda184cdab06578070cbefc1ce0c2623c173ec70687acd1a717227c6090b,瑞士球一仰卧弯腿,力量与稳定性,腘绳肌与髋稳定,,将臀部抬离地面,仰卧弯腿主要训练臀腿后侧并要求髋部稳定。 ,proposed,,passed
675,473,a66e33f9c3756f582b45664b1097bc066092b3f3bcb4822dae984ca77ee884cf,药球-站姿旋转推举,力量与稳定性,旋转稳定与动力链,,加强身体的旋转稳定性,站姿旋转推举的主要目标是躯干旋转稳定。 ,proposed,,passed
676,474,8119871ca103c48dc760270f83ce147c5002e313b0c12dda5f0d85460ce2b5c3,悬吊带一简式侧桥至髋部下沉,力量与稳定性,抗旋核心稳定,,身体从肩到踝呈一条直线,侧桥髋部下沉主要训练核心和抗旋稳定。 ,proposed,,passed
677,475,dbf93fb1687b50137ffd93fce39bff115565a413311db4a227ddaba7613bfabb,篮球球性练习动作族,专项运动技能,篮球球感与手部控制,认知注意与执行功能,建立手对球的控制与空间感,核心是篮球球感、手眼协调和手部控制。 ,proposed,,passed
678,476,7b3a5a841fec10e273fa1c9837237006ffd7475aa746f866acf1e9982fd6f1ca,原地拍球动作,专项运动技能,篮球原地控球,认知注意与执行功能,建立手对球的按压控制,核心是原地拍球控球和节奏。 ,proposed,,passed
679,477,32f2379150d16ab40e559ad2065cd189d25e4811b34fba126d818404983ec396,行进间运球动作,专项运动技能,篮球行进间运球,速度敏捷与反应,在移动中保持球的控制,主要教学目标是移动中的人球结合。 ,proposed,,passed
680,478,a3033a5ca406a3b443016cf8279da3744e7b600f1667cf4bb09a896dcf1d49a6,体前变向运球动作,专项运动技能,篮球体前变向运球,速度敏捷与反应,掌握运球换手与变向节奏,核心是体前换手变向和重心转移。 ,proposed,,passed
681,479,f4451089d2c2209dd8b2d4684663fe1898732f56c2eea72ea8a35233bb5621ab,胯下变向运球动作,专项运动技能,篮球胯下变向运球,速度敏捷与反应,球从两腿之间穿过,核心是胯下换手和突破变向。 ,proposed,,passed
682,480,3afbc8cb8facb06af5cf8ec42ee581db67f0a4b264b795efbd642a8e482c1a38,背后变向运球动作,专项运动技能,篮球背后变向运球,速度敏捷与反应,由身后绕至另一侧,核心是体后换手和护球变向。 ,proposed,,passed
683,481,a8a00ed16ddf110e42b1123d62765a564c8c71ee5500aef4c5c1be4f512b449a,运球转身动作,专项运动技能,篮球运球转身,速度敏捷与反应,掌握运球时以脚为轴的转身变向,核心是运球中的轴心脚转身变向。 ,proposed,,passed
684,482,18217aeda83ac3fb77cd50383ec9f29e92b5d4b0cdad9626f7906a54de1485b5,四大变向组合动作,专项运动技能,篮球复合变向,速度敏捷与反应,将多种变向动作流畅串联,内容重点是四类篮球变向的综合运用。 ,proposed,,passed
685,483,ffb36af0f189d75834b5f2b17fdfbb123f236368d1743e8199a1c387a978fa64,运球收球与跳步停球动作,专项运动技能,篮球收球与停球,基础动作与身体控制,掌握运球过程中收球停步,核心是运球到停球的脚步衔接。 ,proposed,,passed
686,484,6a9d324160620a81e082e856785a104f7b7ab848e5e3a0215c93dc86dd2c0b2d,运球一步投篮动作,专项运动技能,篮球一步投篮,基础动作与身体控制,运球-收球-一步起跳投篮,核心是运球后一步起跳投篮的衔接。 ,proposed,,passed
687,485,223653137041b62992af6ca7623bfb110e4fbcd276ac15a539928a10a7b5c5b4,三步上篮动作,专项运动技能,篮球三步上篮,基础动作与身体控制,两大步+起跳,核心是运球收球后上篮终结节奏。 ,proposed,,passed
688,486,74b25f54e71b9aa765994e392d33e0860690e72dc702c10a7fc6891b669490ce,投篮动作,专项运动技能,篮球投篮,认知注意与执行功能,提高投篮力量、方向控制,内容围绕不同投篮手位和出手控制。 ,proposed,,passed
689,487,efe9b430383a1b869ab15628413ae4ec753f3846aaa5efa478a280bb320c8ec8,传接球动作,专项运动技能,篮球传接球,同伴互动与社会性,胸前直传,核心是不同传球方式、接球和团队配合。 ,proposed,,passed
690,488,9295905d52367cd33af9c7d205bfd0ca1e3bef0df6ebd40174e9480e21ddce12,移动接球投篮动作,专项运动技能,篮球移动接球投篮,同伴互动与社会性,跑动接球→运球→一步投篮,主要解决移动接球和投篮衔接。 ,proposed,,passed
691,489,61deee70423442f4b550c20b8d69aa783fc9dea77f71349e1589c20d18a9f0ad,运球顺步突破动作,专项运动技能,篮球顺步突破,速度敏捷与反应,同侧脚先迈出,核心是顺步脚步与运球突破的结合。 ,proposed,,passed
692,490,3a03ef1b945e55f25e0dd0e36b03c61a30a6dbaab3adc1529136ea1121c11478,运球交叉步突破动作,专项运动技能,篮球交叉步突破,速度敏捷与反应,异侧脚向突破方向交叉迈出,核心是交叉步和运球突破摆脱。 ,proposed,,passed
693,491,f56a2c2518fd5bec5b7334bc03a692317d3f563a3c50776d86742bdf337f2553,防守脚步动作,专项运动技能,篮球防守脚步,速度敏捷与反应,跟随进攻者的脚步移动,主要教学目标是防守站位、跟防脚步和判断。 ,proposed,,passed
694,492,39189f1e515eb4aa99be861f31afb09f6b830015d2f1b003608cf7972fe59621,转身投篮动作,专项运动技能,篮球转身投篮,同伴互动与社会性,背对篮筐卡位接传球,核心是背身卡位、轴心脚转身和近篮终结。 ,proposed,,passed
695,493,7947acf874065f2af6a213177b4a692aa7bdbb541538a8e81c5a1c145bf6bc1f,侧步与后撤步停球/投篮动作,专项运动技能,篮球侧步与后撤步投篮,速度敏捷与反应,拉开与防守人的距离,核心是急停脚步创造投篮空间。 ,proposed,,passed
696,494,58f42f3e8e0287062348130645e1f5524270bfc18dc0a4cfc913eadc20eddd19,双变向运球动作,专项运动技能,篮球双变向运球,速度敏捷与反应,在同一变向点连续完成两次方向变化的运球技术,核心是双变向节奏和突破过人。 ,proposed,,passed
697,495,b0063ed95d37a615d3af297b9d03232a765316072a47c4f8478d86ee1540e319,变向运球接投篮组合动作,专项运动技能,篮球变向接投篮,速度敏捷与反应,将运球变向与投篮串联,核心是变向、推进与投篮的复合衔接。 ,proposed,,passed
698,496,5ca87d1fbbc32fda5ea5047c94cc4e4e7bf477ad5b56adb666d3ac79488639cf,篮球专项脚步动作,专项运动技能,篮球专项脚步,速度敏捷与反应,提高脚步频率、节奏感与协调灵敏,内容集中于敏捷器械上的篮球脚步。 ,proposed,,passed
699,497,707c1cf1f58a51b8e859981e4e6dc64617177f998f3ab8ed30ca21d1463fbfc8,跳跃动作进阶链,基础动作与身体控制,跳跃与安全落地,力量与稳定性,先学会安全落地,体系核心是落地缓冲、跳跃控制和渐进发力。 ,proposed,,passed
700,498,15049943795f829a518e00109484b5bf12f61f7aed4eac1e1f1900fd54565409,翻滚动作链,基础动作与身体控制,翻滚与落地缓冲,感觉统合,提高前庭觉、协调性,主要目标是滚动控制、前庭体验和落地缓冲。 ,proposed,,passed
701,499,84f0670320b0d96dc77b707cbca00a736496f61d1eb53d898c4307a74bbadd0b,爬行动作族,基础动作与身体控制,爬行与四肢协调,力量与稳定性,建立爬行类基本动作模式,内容围绕基础爬行模式、核心力量和四肢协调。 ,proposed,,passed
702,500,5b5eff242acd26354bdf4c634672eec40d3bf51b007efc55ba22439f8bb41aa9,跨越动作族,基础动作与身体控制,跨越障碍与下肢控制,速度敏捷与反应,提高跨越高度的判断,核心是障碍判断、跨越协调和落地控制。 ,proposed,,passed
703,501,d0215eba70daad3a71bfc53b1d41ef3e407b30b3ecd4d3daabeb749c5b847e92,药球抛掷动作族,力量与稳定性,全身传导与抛掷爆发力,基础动作与身体控制,发展上肢推发力、核心传导与全身协调爆发能力,重点是药球负荷下的力量传导及爆发力递进,proposed,,passed
704,502,9d522d9a2f7e00bedeef6abbf8945de39fc5acd3945eaacedce1e208ed76e8b3,核心支撑动作族,力量与稳定性,躯干核心稳定与支撑耐力,基础动作与身体控制,发展核心（腹背/骨盆）稳定与力量,静态和动态支撑均围绕腹背骨盆稳定展开,proposed,,passed
705,503,01c089792eeef1ebcbc699369b3f59f0523e64e00572d75b35d210e92b5cfc5a,速度跑动作族,速度敏捷与反应,跑速与急停变向,基础动作与身体控制,提高奔跑速度、步频步幅、急停变向与灵敏反应能力,跑动动作用于提升速度与折返灵敏性,proposed,,passed
706,504,759d624b29e7feb2157bbf9616a8fc7848e684742ca92b8ef4aaa887d9d2bd47,敏捷梯动作族,速度敏捷与反应,敏捷脚步与步频节奏,基础动作与身体控制,提高脚步频率、节奏感与髋膝踝协同,梯格步法以快速协调移动为核心目标,proposed,,passed
707,505,1f559b72a43f57764ed5f2de84407f61fff7eccb835f5690018d6e80838b733c,跳箱与栏架跳跃动作族,力量与稳定性,下肢蹬伸与连续跳跃爆发力,基础动作与身体控制,发展下肢蹬伸爆发力与连续跳跃能力,器械跳跃主要训练下肢爆发力；增高课来源不改变主题,proposed,,passed
708,506,3691e30949771310cc1b5b6faad55e6d688884c2bf177f298d5d1acbf6c38f25,平衡动作族,基础动作与身体控制,稳定面与不稳定面平衡,力量与稳定性;感觉统合,提高在稳定和不稳定面上的身体控制,主要步骤训练姿势平衡；前庭与本体目标笼统待核实感觉教学侧重,needs_review,,passed
709,507,9f0de5e94ed650aac36a8b899078eb7965ec5215f5f55dfb5aa9d256599c0e56,下肢速度动作族,速度敏捷与反应,下肢步频与信号启动,基础动作与身体控制,提高下肢摆动频率、跑动速度与听/视觉反应启动能力,练习围绕快速摆腿及视听信号启动组织,proposed,,passed
710,508,16e85fee62fe9ee2484a4b398ebe69eb623c35f5818c03dfd90fa91606a97b7d,下肢爆发力动作族,力量与稳定性,下肢快速蹬伸爆发力,基础动作与身体控制,发展下肢蹬伸爆发力、跳跃高度与快速力量,主要目标为跳跃快速力量；增高期刺激表述缺少科学依据说明,proposed,专业复核,passed
711,509,2e93662135be33049203a3a53563fd18e26b56f7b954df32ece1e80a66d79ee5,耐力闯关动作组合,耐力与体适能,循环闯关与全身肌肉耐力,力量与稳定性,发展全身肌肉耐力与综合体能,多动作循环的核心是疲劳下维持动作和耐力,proposed,,passed
712,510,ed2e1cee2a9cab5c416b15228b35e5abb91e7746ce170545ee926b945d1eaa1a,跳绳入门动作,专项运动技能,跳绳握绳摇绳与并脚跳入门,基础动作与身体控制,掌握正确的握绳与摇绳姿势，学会并脚连续跳,明确教学跳绳专项入门技术及手脚配合,proposed,,passed
713,511,3b975de48baff1436b2a3c3021a0a0c6764c419b0955cc41ccfbeb94681ff8f7,跳绳进阶动作,专项运动技能,跳绳单脚交替与行进跳,基础动作与身体控制;耐力与体适能,在连续并脚跳基础上掌握单脚交替、行进跳,进阶目标与纠错均针对跳绳专项动作,proposed,,passed
714,512,6174c0d6f677a5999f49643d66c524be007e9a8616a48ce07962126998879881,跳绳花样动作,专项运动技能,跳绳开合交叉与双摇,基础动作与身体控制,逐级引入过渡花样（开合→交叉→双摇）,教学重点为花样跳绳技术递进及节奏变化,proposed,,passed
715,513,a9b4b158ff58c6faa9dfe997c712acbe42f4fa8902c6abb1257cb21879d56b91,抛投动作族,基础动作与身体控制,基础投掷与抛投模式,力量与稳定性,建立正确投掷/抛投的动作模式,先以轻物建立通用物体操控与投掷发力顺序,proposed,,passed
716,514,4948f175e81d61d76f06bbb0f3605c0c57e03cc2c49b6a4ac415d6a830c63608,蹬踢动作族,基础动作与身体控制,蹬踢模式与目标控制,力量与稳定性,建立正确的蹬踢动作模式,踢静止目标及冲刺蹬踢均服务基础动作模式形成,proposed,,passed
717,515,1f97f4e12caad3c95472a1899d174ed216453e5b3a1729af0ad1568397e9f4dc,侧平板支撑,力量与稳定性,侧向核心与髋部稳定,,侧向核心稳定、髋部力量,侧卧前臂支撑抬髋明确训练侧向躯干稳定,proposed,,passed
718,516,b6877d1d6e88fd3881dc3fed0b54e1dc9b372e23f6e1eb9794fbaa8b6f80b534,熊爬支撑,力量与稳定性,四肢支撑与动态核心控制,基础动作与身体控制,四肢支撑力量、核心控制,目标明确强调支撑力量并在爬行中维持躯干稳定,proposed,,passed
719,517,ad281fe31c70e68da3fea9ff54420de25b1fa8af1e09cb0693d608fba06f5eb5,螃蟹支撑,力量与稳定性,后侧链与肩部支撑稳定,基础动作与身体控制,后侧链、肩稳定、核心,仰面支撑移动训练肩部和后链；拉头及腰部离地提示与动作错配,proposed,专业复核,passed
720,518,d5fb9816248510740d8542afbf063df94ddec43ac20402554ac50541ef10a1d1,倒立靠墙,专项运动技能,体操靠墙手倒立,力量与稳定性;基础动作与身体控制,双手撑地，双脚沿墙向上走至身体倒立,步骤教学倒立专项技能；腰部贴地等残留提示冲突需修订,proposed,专业复核,passed
721,519,048b07888d8dae2d12ca067541dbde94d103c73107e31bc42d1d371dd76bf9d3,动态支撑移动,力量与稳定性,动态俯撑与躯干稳定,基础动作与身体控制,手脚交替向前移动（俯卧撑式爬行），保持躯干稳定,移动是提升核心动态稳定的手段,proposed,,passed
722,520,75be18b58ddab6ef67b8943fb61d735fffa20edc092cd756a8dc6491856008d7,支撑触肩,力量与稳定性,核心抗旋转支撑,,俯撑姿势，双手交替触碰对侧肩部，身体保持稳定不晃动,交替减支撑要求抗旋转；转体及脚落地借力提示与要点冲突,proposed,专业复核,passed
723,521,c493705ad50f8245707f7522e652a9b1a42d7273796add3caa276336935d1c9f,超人支撑,力量与稳定性,后侧链伸肌力量,,双臂向前伸直、双腿向后伸直，同时抬起离开地面,俯卧伸臂抬腿训练后链；腹部卷起提示与伸展动作冲突,proposed,专业复核,passed
724,522,d31603d1703536d92fd4fbfd6d43b5b8704c2dad2ed2b5fdcf0fd85c2ded6601,侧滚翻,感觉统合,侧向滚动与前庭输入,基础动作与身体控制,身体侧向滚动，双臂放于体侧,目标明确列前庭觉且提供滚动输入；原前滚翻提示残留需专业修订,proposed,专业复核,passed
725,523,026984d0183b59854b3a7d92e4447c074ae79e812a2235bba8eae007c2c8c43b,后滚翻,专项运动技能,体操后滚翻与推撑,力量与稳定性,后滚技术、上肢推撑,教学目标为后滚翻专项技术；推手步骤及托颈保护口径需专业核对,proposed,专业复核,passed
726,524,59823032f1fbda8c336c11006c26214e4778ac8c8f9dfab0b63d5f05bd75ade7,连续前滚翻,专项运动技能,体操连续前滚翻,基础动作与身体控制,连续完成多个前滚翻，团身紧、方向正、动作连贯,核心任务是前滚翻连续衔接；分腿提示与当前动作要求不明需复核,proposed,专业复核,passed
727,525,833ce378422610e527727abc708ee39b8f4cc0acac76e1c15ae32f8e3b052be5,鱼跃前滚翻,专项运动技能,体操鱼跃前滚翻,安全防护与健康边界,助跑，跃起，双手撑地，接前滚翻,步骤构成腾空接滚翻专项技术；年龄分段冲突及保护负荷需复核,proposed,专业复核,passed
728,526,8978fbda6a5f61786f93989ac1ddf9287c6623e6fa6d3b3c8d5f9297e1836e99,前滚翻直腿起,专项运动技能,体操前滚翻直腿起,力量与稳定性;柔韧与活动度,完成前滚翻后直腿站立起身，收腿快、起身直,训练以滚翻后的特定起身技术为载体；年龄及连续滚翻残留提示需核对,proposed,专业复核,passed
729,527,aadec7be55cbdaa205bdf15e4f86c2c6a108436683ebd500336923004e5d4ddd,桥式,力量与稳定性,臀桥与髋伸力量,柔韧与活动度,臀部发力抬起至肩-膝呈直线,按具体臀桥步骤暂归力量；脊柱肩柔韧目标及滚翻提示冲突导致主题待定,needs_review,专业复核,passed
730,528,83cef6d8092e2b308b5812ff3218e435c333a97ba4701e1339e1d014ed57c7cd,侧手翻基础,专项运动技能,体操侧手翻,力量与稳定性;基础动作与身体控制,双手依次撑地，双腿依次摆起翻转，分腿落地,步骤明确侧手翻专项技能；滚翻转体提示及适龄分段需复核,proposed,专业复核,passed
731,529,fb5b3625718289034300669a9a93f0bc8efd996ccc60986e2edd3f79c4b3d655,滚翻组合,专项运动技能,体操前后滚翻组合,基础动作与身体控制,前滚翻接后滚翻连续完成，动作连贯、团身紧凑,主要训练两种滚翻技术衔接；倒立分腿安全提示明显错配,proposed,专业复核,passed
732,530,487056c1c6e1a293c7767b529357a0d6477f7b5b43d92f7e634da1d578331db8,单脚站,基础动作与身体控制,单脚静态平衡,感觉统合,单脚站立，另一脚屈膝抬起，保持平衡,步骤主导静态姿势控制；本体觉目标未细化感觉任务故保留边界复核,needs_review,,passed
733,531,7dd67bf34b2e706495423340af8d66a1df544ae0fc350465b374781b18380b67,平衡木行走,基础动作与身体控制,平衡木动态行走,,在平衡木上自然行走，双臂侧平举保持平衡,目标与步骤均为动态平衡和步态协调；课程含感统不足以改类,proposed,,passed
734,532,4dea626488daa6863b4dbafbfa486a579f2ac48ffa9b1a6d7dfa943170559429,脚跟脚尖走,基础动作与身体控制,脚跟脚尖直线平衡行走,,一脚脚跟紧贴另一脚脚尖，沿直线交替行走,窄支撑行走训练动态平衡；起跳及落地提示与步行错配,proposed,专业复核,passed
735,533,99d475324f1507594690842d3406a404ea2d8e3a0e59dac8d6903588ce96c983,平衡垫站立,基础动作与身体控制,不稳定平面站立平衡,,单脚或双脚站在平衡垫上，保持身体稳定不晃动,任务是垫上姿势稳定；后举腿提示属于另一体位需复核,proposed,专业复核,passed
736,534,8f1f675d782ae27a53f06c516bf44a5b78bbba44f59459862e9ab7781c4eeed0,单脚平衡+抛接球,基础动作与身体控制,单脚平衡与抛接协同,,动态平衡+手眼协调,站立与抛接的组合侧重姿势控制及手眼协调,proposed,,passed
737,535,8b34580628b1a849cfef70b3807750a3a74c23f41c84eda7a0c8968951789b70,闭眼单脚站,感觉统合,去视觉条件下本体觉平衡,基础动作与身体控制,单脚站立，闭眼，保持身体平衡,明确本体觉目标且用闭眼改变感觉依赖来维持平衡,proposed,,passed
738,536,27d19e886a6c24f2ed8ccca52bd5520a8dc06bfab1299062a4f5d9d541911254,平衡板训练,基础动作与身体控制,平衡板动态重心控制,,双脚站在平衡板上，交替发力保持板面稳定,核心是板面稳定及重心调整；转体提示与现步骤错配,proposed,专业复核,passed
739,537,581d8c6b92f08c6ea65c933087376d33a5563d4bf064bd71e86e9aff94e44f48,旋转后平衡,感觉统合,旋转前庭输入与平衡恢复,基础动作与身体控制,原地旋转数圈后，单脚站立保持平衡,前庭挑战目标与旋转输入吻合；接球安全提示错配且旋转剂量待核,proposed,专业复核,passed
740,538,e199bab3ae4eeea568b445fee9ba4d2b14b9f54a6357d07c537f8429ad749db7,平衡组合,基础动作与身体控制,多动作组合平衡,,在平衡木/平衡垫上连续完成深蹲、单脚站、行走等平衡动作组合,在不同动作转换中维持姿势平衡为主要目标,proposed,,passed
741,539,d8c578bab741e82648a335e7e12ed8adc2f73c6a9b5f384157c1b19e005f6fb0,双脚原地跳,基础动作与身体控制,双脚起跳与落地协调,力量与稳定性,基础跳跃、下肢力量,低龄基础跳跃强调摆臂同步和落地控制,proposed,,passed
742,540,568ffee7781d74ebe3cb0423b81220a73babc67fb5b333f8f051adc0adfe5ac5,跳深,力量与稳定性,下肢超等长反弹力量,安全防护与健康边界,从跳箱跳下，立即向上跳起（超等长训练）,落地立即转换发力用于爆发力训练；适龄矛盾及冲击负荷须专业复核,proposed,专业复核,passed
743,541,83c23d8f406d972f0a3779252ade30c1ca168f3aa52e414337729f6d0c21ba2d,分腿跳,基础动作与身体控制,分腿跳与双腿节奏协调,,双脚跳起，空中分腿，落地并拢，连续进行,训练目标为双腿协调节奏；摇绳相关提示与无绳动作错配,proposed,专业复核,passed
744,542,64272a70a7c25a93e0d05eddd692cbb3bc2b2acec5573d6211f3df4d3ff92903,跳绳基础,专项运动技能,跳绳并脚基础技术,基础动作与身体控制,双手摇绳，双脚并拢起跳，前脚掌落地，保持节奏,具体步骤教授跳绳技术；充分深蹲提示与节奏跳绳要求需核对,proposed,专业复核,passed
745,543,c4953e4fab0b3ecdaaa8bfe239481a32faf82dc1934460d96dedd99d8a657aff,增强式跳跃,力量与稳定性,台阶连续跳跃爆发力,安全防护与健康边界,双脚或单脚连续跳上台阶,明确高阶爆发目标；适龄分段冲突且负荷保护说明不足,proposed,专业复核,passed
746,544,55040f25636439653dbeda02bc9bd37048c203b81318fa44fbdd7a7e880ed8cb,直线跑,基础动作与身体控制,低龄直线跑动模式,,基础跑动、下肢力量,主目标是基础跑姿；大腿抬平等高抬腿提示与直线跑混用需复核,proposed,专业复核,passed
747,545,7dc6b849efcdf62c1e3370770fbd659c097e7173c8eedb8ba73fde1a56f2b2e3,后踢腿跑,速度敏捷与反应,后踢腿跑与高步频,基础动作与身体控制,跑动中脚跟交替踢向臀部，保持高步频,动作重点在快速交替步频；变速跑式问题提示缺少对应步骤,proposed,专业复核,passed
748,546,e31bf5aff799f1549835dd47d545627fe1b54d8e21f54f21a404ed7ca8630c7a,侧向跑,速度敏捷与反应,侧向滑步与交叉移动,基础动作与身体控制,身体侧向，双脚交叉步或滑步向侧面移动,横向移动步法服务敏捷；后仰回头提示与侧向任务错配,proposed,专业复核,passed
749,547,103037f0c57fc9942a97e53c1215f4e1726a48bb8a765800cf1b541ab3e78f72,后退跑,基础动作与身体控制,后退跑与反向移动平衡,,背向跑动方向，小步后退跑动，目视前方，保持平衡,主要训练反向移动控制；本体觉为笼统附带目标且交叉步提示错配,proposed,专业复核,passed
750,548,348994fbe865ee0a0e91616bb66e307e5131e8b5c612c796c84041781e21dcb3,反应跑,速度敏捷与反应,信号反应与定向启动,,根据信号（口令/手势）快速启动，跑向指定方向,信号用于快速启动训练；均匀配速和后半程掉速提示与反应跑错配,proposed,专业复核,passed
751,549,58bad272af9dbfe6de1444f2795fa4a943a4e918c52225886ce472e238d2a632,手膝爬,基础动作与身体控制,基础爬行与对侧协调,,四肢着地，对侧手脚同时移动，膝盖离地,基础爬行目标明确但手膝爬名称与膝离地要求冲突需核定动作,needs_review,专业复核,passed
752,550,0ed5bc5acc5fc9e551168c65983f7fa482dfba28d18a5acded71e540bbdbf58f,熊爬,基础动作与身体控制,熊爬与四肢交替协调,力量与稳定性,手脚撑地，臀部抬起，对侧手脚交替移动前进,目标首先为四肢协调并以核心稳定支持移动,proposed,,passed
753,551,b4094f6c6e4dc642789f1933943b12109c594b0dc8f6d79e8951627cd1f07b78,匍匐爬,基础动作与身体控制,匍匐爬与全身协调,力量与稳定性,俯卧，用手臂拉动身体前进，腿部跟随,贴地爬行以全身协调和动作模式为核心,proposed,,passed
754,552,de608c866970863508b2fb3ff554df53d1b35d8297c115278171c53502e199ba,蜘蛛爬,力量与稳定性,低位爬行与上肢核心力量,基础动作与身体控制,俯卧，用前臂和脚尖推动身体前进,目标强调上肢核心负荷；蜘蛛爬名称与前臂推进描述需核对,proposed,专业复核,passed
755,553,fe1969557870d24860bfa2da86971028ac5b7e0a35740cce30e093e5a43f8463,螃蟹爬,力量与稳定性,后侧链与肩支撑稳定,基础动作与身体控制,仰面，手脚撑地，臀部离地，侧向或前后移动,训练目标明确为后侧链及肩部稳定,proposed,,passed
756,554,f51188e5df61f7a5d26782140bb7161869fffd67c6761a6c995db2c8cbb3d086,大象爬,柔韧与活动度,髋部灵活与后链动态伸展,基础动作与身体控制,髋关节灵活、柔韧,手脚交替靠近的爬行形式主要服务髋部柔韧目标,proposed,,passed
757,555,12c89eb75750db6766e31b040dc93ebe6fefff2d2bfc7894f017bf95f6dfc33e,负重爬,耐力与体适能,负重爬行与肌肉耐力,力量与稳定性,背部或腰间放置轻负重，保持稳定爬行,明确力量耐力目标；负重放置固定及负荷边界缺少说明需专业复核,proposed,专业复核,passed
758,556,165d6401193867b88c4f3ebd0de0c2456e2156a8209d7532f4c431b97ee8f0e6,障碍爬,基础动作与身体控制,障碍爬行与空间动作调整,,爬行中穿越低矮障碍物（栏杆/垫子），身体贴近地面,通过调整爬行体位穿越障碍训练空间协调；目视后方提示需核对,proposed,专业复核,passed
759,557,2ceb4ce7c9756034e36508338a497eb68a0e120e6ab5c038610b7699a48a720a,快速爬,速度敏捷与反应,快速地面爬行,基础动作与身体控制,以最快速度进行地面爬行（手膝爬/熊爬），保持节奏和稳定,主要目标是爬行速度；夹绳等旧爬绳提示仍残留,proposed,专业复核,passed
760,558,53cf85031882537ac660ed916599d5986034cf9aef996690af4389f1c01cb8ba,爬行组合,基础动作与身体控制,多种爬行模式衔接,,将手膝爬、熊爬、匍匐爬等多种爬行方式组合，连贯完成,主要任务是不同爬行模式的连贯转换；障碍提示缺少对应情境需核对,proposed,专业复核,passed
761,559,243bbbbc3b295bc7b5be820e3f058b94326f7c3e2ee09c9de540b14f5eba05fc,双手接大球,基础动作与身体控制,双手接球与迎球缓冲,,双手张开，手指朝前，迎球缓冲，在胸前接住大球,基础物体操控训练手眼配合；拍球类常见问题与接球错配,proposed,专业复核,passed
762,560,80960369e94492e7abb21de4c93f3ea244b0d92ed168e4d4ed237278a990ebdc,连续拍球,基础动作与身体控制,连续拍球与节奏控球,,单手连续拍球，控制球的高度与节奏，左右手交替,主要教学通用拍球高度和手眼节奏控制,proposed,,passed
763,561,14b74b5e45b2a350540572460dfc6e1b3d2cdf185f866aa08c434c1ff8bbcb10,单手接球,基础动作与身体控制,接球手型与缓冲,,双手张开，手指朝前，接住来球后缓冲,正文为双手接球而标题为单手接球；基础接球主题可提案但技术对象待确认,needs_review,专业复核,passed
764,562,f93649b87cff4f69cdeb6362dbaa4ff8bfe10e70f76843ca26c2ad27026d1196,投掷目标,基础动作与身体控制,目标投掷与方向准确性,力量与稳定性,手持球，瞄准目标（圈/筐），挥臂将球投向目标,主要解决投准问题；双手传球式提示与挥臂投掷混用需复核,proposed,专业复核,passed
765,563,4b46cf53f872d80a524cf5fb98b4c712fb59ee3f4f71be206b915239d6add82b,移动拍球,专项运动技能,篮球移动运球,基础动作与身体控制,边移动边拍球（前进/后退/变向），保持球在可控范围,移动和变向控球体现篮球运球技术；击地传球落点提示错配,proposed,专业复核,passed
766,564,cb1926aa4ec9905e3570487d67cdf9f70e4d4af9f3cc2ed75f200afeeb14edda,运球绕过障碍,专项运动技能,篮球绕障碍变向运球,速度敏捷与反应,运球绕行多个标志杆，身体压低，变向控球,任务为持球绕杆变向专项技术；双手均匀发力等传球提示错配,proposed,专业复核,passed
767,565,03f128d6545b9496240fc8d80c15e6c0cc6769dfb4b7a4d008d5dd96b9a31435,头手双顶球,基础动作与身体控制,头手交替击球协调,情绪与心理支持;安全防护与健康边界,用头部和手交替顶球/击球，控制球的落点与节奏,主要为不同身体部位控球协调；头部击球边界及运球残留提示需专业复核,proposed,专业复核,passed
768,566,ddd9c205555b47781b013a764f7bfd78f4fac6d9d045cc332d21d35d91a562d8,踢球入门,基础动作与身体控制,脚部踢球与力度方向控制,,用脚内侧或脚背将球踢向目标，控制力度和方向,以踢准为核心的基本物体操控；传跑接配合提示超出当前步骤需复核,proposed,专业复核,passed
769,567,3641f736f33c3a94710efc96c8af160ee1a73a70e3f2f03de14e371bbea871cc,球类游戏,基础动作与身体控制,多种球类操控综合应用,同伴互动与社会性,结合拍球、传球、投掷、踢球等元素的球类小游戏,暂按综合球技应用归类；团队目标与技能目标并列且游戏规则缺失需确认侧重,needs_review,专业复核,passed
770,568,5e6cf30bac0808ddd9ec2de42b6cf61a6affaeadf1898cf069f5b2b7d9b7d77c,大笼球活动,感觉统合,大笼球滚动与前庭触觉输入,基础动作与身体控制,俯卧或坐于大笼球上，前后/左右滚动，刺激前庭,目标及步骤明确感觉输入；直线步态类安全提示与球上活动冲突,proposed,专业复核,passed
771,569,d5e4ab2a50761f04a263cccf16134418c3b4ab46f51a0f40a89c3a8dcd67cb6a,滑板车活动,感觉统合,滑板滑行与前庭输入,力量与稳定性,俯卧于滑板上，用手臂推动前进，或坐姿滑行，发展前庭与上肢力量,滑行明确服务前庭目标；踝部站立平衡提示与俯卧坐姿错配,proposed,专业复核,passed
772,570,12b8d60314bc41c9d49e9f0a728feb2a6d914acc566641e0b66a1d840e50e7a7,秋千活动,感觉统合,秋千摆动与前庭输入,基础动作与身体控制,坐或卧于秋千上，小幅摆动，刺激前庭，注意抓握与保护,摆动输入与前庭目标直接对应；触碰准确等提示残留需专业修订,proposed,专业复核,passed
773,571,a3deddba552e6183846cfde8e85381d2a089a35d1cbd3a799cd3f8695bc40861,平衡触觉板,感觉统合,足底触觉辨别与平衡,基础动作与身体控制,站在触觉平衡板上，感受脚下不同质地,任务明确辨别不同质地；接球提示与触觉板活动错配,proposed,专业复核,passed
774,572,0fb578d885b0f0da1ac99d091425ed8b7efe2425d113f8ea58f61bafdb65aeea,羊角球跳,感觉统合,弹跳前庭输入,力量与稳定性,骑坐羊角球，双手抓握羊角，利用弹性上下弹跳,前庭目标与上下弹跳输入对应；旧旋转恢复平衡提示需修订,proposed,专业复核,passed
775,573,2404ee147d1a08a4d272cb16fe5ff4011e54b00ebada11bb6011446c5ce826f6,触觉球按摩,感觉统合,触觉刺激与适应,,用触觉球/按摩球在身上滚动按压，提供触觉刺激,明确触觉适应目标；脱敏表述和落地缓冲错配提示需专业复核,proposed,专业复核,passed
776,574,cf8a9ea1ddef463724b85a13798505b9700520e471eefc4a757cc7f469c91f69,视觉追踪,感觉统合,视觉追踪与视觉运动整合,,用目光追随移动物体（球/手指），头部随动或保持不动,明确视觉运动整合目标并提供追踪输入；动作模仿提示与眼动任务错配,proposed,专业复核,passed
777,575,74137c96a0e15f0e5a1f8c1b92fbe19e996f562931a7aa47c8148f8a816e7554,听觉反应,感觉统合,听觉信号与运动整合,速度敏捷与反应,根据声音信号（口令/铃声/掌声）做出指定动作反应,正文明确听觉运动整合目标；拍手力度提示仅适用局部形式需核对,proposed,专业复核,passed
778,576,1061d1338b78428d81d33393896d00bb63d29244666233925bcc2588d8904662,本体负重,感觉统合,负重本体觉输入,力量与稳定性,身体负重（背心/沙袋）情况下完成行走、蹲起等动作，强化本体感觉,负重明确用于本体感觉输入；指向类安全提示错配且负荷边界待核,proposed,专业复核,passed
779,577,e2ef0a51eb8b27e2c3f4853979d81d1ea20bb43b014306687cde1c237ee494fd,感统整合循环,感觉统合,多感觉整合循环,,串联前庭、触觉、本体多种刺激的循环训练站，依次完成,多种感觉输入整合是明确目标；接球提示无法覆盖各感觉站风险需复核,proposed,专业复核,passed
780,578,71d462d5680717a51d9f96ec7b6e9602331b8127a2fe4bb00653eafc1f9a1460,弹力带拉伸,力量与稳定性,弹力带抗阻与肩稳定,柔韧与活动度,上肢力量、肩稳定,按明确目标暂归肩部力量；拉伸动作描述与俯卧撑提示混杂导致主题待核,needs_review,专业复核,passed
781,579,9f09f54f6323870bfd7a817c246863521acd78d3fb07de26b6febed862dfd3c6,自重深蹲,力量与稳定性,自重深蹲与下肢力量,,膝盖与脚尖方向一致，臀部向后坐，背部挺直,深蹲训练下肢力量；膝盖不得超过脚尖的统一限制需专业复核,proposed,专业复核,passed
782,580,425d4add5f58aff2e8b8588acd6cae435747f1f0e7cfd165dab7258fb021712f,弓步蹲,力量与稳定性,弓步单腿力量与稳定,基础动作与身体控制,一腿前迈，前后腿屈膝下蹲，后腿膝盖接近地面,弓步负荷用于单腿力量；膝不过脚尖的绝对要求需核对,proposed,专业复核,passed
783,581,cc16c65f4788ba630ee433795d17055cceb3465e4fa9f73fb53ab79a28c367ea,臀桥,力量与稳定性,臀肌与髋伸稳定,,仰卧屈膝，臀部发力抬起至肩-膝呈直线,臀部主动伸髋配合核心稳定是主要目标,proposed,,passed
784,582,91e1ca22dd8f59c25eafdb781cc2c84eef10cb71c4dff3110ee524db14a3f04c,超人式,力量与稳定性,竖脊肌与后侧链伸展力量,,俯卧，双臂双腿同时抬起伸展，呈超人飞行姿势,动作直接训练后链；前臂弯举残留及低龄抗阻笼统限制需复核,proposed,专业复核,passed
785,583,010c738957ecdfbc102158641465de80e8e55d6592c9e5f60fb63be907e0c10f,死虫式,力量与稳定性,核心抗伸展控制,,对侧手脚交替缓慢下放，腰部贴地,死虫式以肢体移动时维持躯干稳定为核心；推举类问题提示错配,proposed,专业复核,passed
786,584,dc59940041fdb628009db763db6cdd941bc7a96705b31159a7d4f9f111d44933,鸟狗式,力量与稳定性,核心抗旋转与对侧伸展,,四足跪姿，对侧手脚同时伸直抬起，保持躯干稳定,四足对侧伸展训练抗旋转；引体向上字段仍残留需修订,proposed,专业复核,passed
787,585,dae605255c18313404bd879db19df5e017d862366153a6d8639586b7fc540798,靠墙静蹲,力量与稳定性,下肢等长静蹲力量,,背靠墙，双脚前移，屈膝下蹲至大腿与地面平行，保持,靠墙维持蹲姿训练下肢等长力量；转体提示与静蹲错配,proposed,专业复核,passed
788,586,106886243818c2bf154497e4358fab3f439327d2cc0da6cba40c5d6771f4dca1,轻器械推举,力量与稳定性,上肢过顶推举力量,,由肩部向上推举至手臂伸直,具体步骤为上肢推力训练；跳跃提示错配且年龄分段需复核,proposed,专业复核,passed
789,587,8ef960c66ccb26cde07fef7704ddfa47f5a36dd7f86a9aaea90c83534b8305ad,负重行走,力量与稳定性,握力与负重行走躯干稳定,,双手或单手持轻负重（哑铃/沙袋），保持躯干正直行走,负重携行训练握力和躯干稳定；划船式肘部提示需核对,proposed,专业复核,passed
790,588,37fc89aec7e0c4209880f263e61f4913b3d01fb2953c6a31503d5140b90bd979,交叉触碰,基础动作与身体控制,双侧交叉协调,,双侧协调、对侧模式,对侧手触脚建立双侧动作模式；摇绳类提示与交叉触碰错配,proposed,专业复核,passed
791,589,4927013bf31537f1b7677257130fe810382b6df51637f430a5833b2ebdc3c00c,节奏拍手,基础动作与身体控制,节奏拍手与手脚协同,,跟随音乐或口令节奏拍手，可配合踏步、拍腿,目标是节奏动作协调；运球变向提示与拍手任务错配,proposed,专业复核,passed
792,590,e12573b4a6c350c101665eb6c2a455253132e9922f5414173267e783c5f40647,手眼抛接,基础动作与身体控制,手眼抛接时机与节奏,,双手抛接球/沙包，眼睛注视球，控制抛接高度与节奏,训练通用抛接时机；转身速度提示缺少对应步骤需核对,proposed,专业复核,passed
793,591,5f57f5ad201ce3c4d5c1ac59ef249169e9b7696e98e504c95bc6aaa40d36263e,双脚跳格子,基础动作与身体控制,格子跳与落点精准,,双脚并拢，按格子顺序连续跳跃，保持节奏,以格子落点练下肢协调准确性；拍球力度提示错配,proposed,专业复核,passed
794,592,3f875b37e1997dcb6ee97223cdbd8422e85e93fb5555a74d79fd3840866af3ae,手脚并用爬,基础动作与身体控制,多模式爬行四肢协调,,结合手和脚的多种爬行方式（如熊爬、蜘蛛爬）连续进行,主要目标是四肢协同；护球及抢断问题字段明显错配,proposed,专业复核,passed
795,593,413eb2c5913696604abb92e40656d89f6e3ba5a855cecd2c4f478b55d1aa1173,镜像模仿,基础动作与身体控制,动作模仿与同步协调,同伴互动与社会性,与同伴面对面，模仿对方的动作，保持同步,主要教学模仿动作及身体同步；传球跑位提示与镜像任务错配,proposed,专业复核,passed
796,594,b88326b52eb147e7c0e6f7b03d1cbffa0dfee40b6fafd9a030cc0b9fbc8865d9,多任务协调,认知注意与执行功能,双重任务与注意分配,基础动作与身体控制,同时完成两个以上任务（如边拍球边数数），训练注意力分配,明确训练注意分配这一执行功能；接球投篮提示与双任务目标错配,proposed,专业复核,passed
797,595,59722f84f752cf3e5892854ea4c3eb6d798a8402c1a60d7cfbbe5a7e73a1da26,复杂动作链,认知注意与执行功能,动作序列记忆,基础动作与身体控制,串联跑、跳、爬、滚等多种动作的连贯组合,明确目标为记忆动作序列；变向路线提示仅覆盖局部需核对,proposed,专业复核,passed
798,596,265587ae4057f22369a3bc8dd134503b69d9ee911d2d154e27803e584b2641bf,反应协调,速度敏捷与反应,信号反应与动作切换,认知注意与执行功能,根据信号快速做出指定动作（停止/转向/跳跃），反应与动作协调,主要目标为快速反应协调；接力交接区字段与任务错配,proposed,专业复核,passed
799,597,72e8feb9ffa4310918501f874a3f7f9b47d2d2ab6f5f0dea912ee692e9b77ba5,舞蹈组合,基础动作与身体控制,手脚节奏与跳跃协调,,按节奏手脚配合跳跃,正文仅描述一般节奏跳跃；舞蹈专项及创意目标缺少具体教学内容待复核,needs_review,,passed
800,598,40d6d9003b51fabd6421be824994f23dd5157365d49e448be4023d32e5036766,跳绳（中考标准）,专项运动技能,跳绳交替跳与考试技术,耐力与体适能,双脚交替跳，手腕发力摇绳，前脚掌着地，保持节奏稳定,正文重点为跳绳技术纠正；中考标准未指明地区年份和跳法规则需核对,proposed,专业复核,passed
801,599,04e071c7a3d172007f36dc6aa30a6f5dc8de4801ddf9fc389e9f17f775a0033e,实心球投掷,专项运动技能,实心球双手头后投掷,力量与稳定性,双手持球于头后，蹬地收腹挥臂，将球向前上方投出,中考项目语境下教授特定投掷技术；转体和统一出手角度口径需专业复核,proposed,专业复核,passed
802,600,35b6f0612d79750af031e7b070910f5b43a77e1db0d403e2fe84e9a841435841,引体向上,力量与稳定性,上肢拉力与背部稳定,,上肢拉力、核心稳定、背部力量,悬垂上拉步骤和目标一致指向拉力及躯干稳定,proposed,,passed
803,601,dc444923b277a88a6f330bd9e9a9563b749fa2288968e0ec0f5796c393050f35,800米/1000米跑,耐力与体适能,心肺与速度耐力,跑步;意志品质,心肺耐力、速度耐力、意志力,训练目标直接聚焦中长距离跑的心肺和速度耐力。,proposed,,passed
804,602,6db575c1e3ccdde1428cc0b84f17b058dce936aa60b1e36b1711290ede8f085d,50米短跑,速度敏捷与反应,短跑加速与反应,爆发力;跑步,绝对速度、爆发力、反应速度,训练目标和步骤围绕短距离起跑、加速及最高速度。,proposed,,passed
805,603,d4f7c3a048d80931e115984cbc863ca2e7a39743dccfcb683770c9bb9ca3dbac,单摇跳,专项运动技能,跳绳基础与节奏,协调;耐力,节奏感、手腕发力、心肺耐力,动作是连续单摇跳，核心学习内容是跳绳技术。,proposed,,passed
806,604,b2afcf9ab3b190990ad5d3de294bb1b2f678864945cc4e8356a83516b40f18eb,交叉跳,专项运动技能,跳绳花样与交叉,手眼协调;节奏,双手交叉于身前摇绳,主要解决交叉跳的手绳配合和时机控制。,proposed,,passed
807,605,7fee776e8b4e3738e5965673bc0548b707f0bcac9d0294ea1871d07c28293c79,编花跳,专项运动技能,跳绳花样与编花,协调;节奏,手脚配合精准，交叉打开时机与脚步同步,正文将目标放在编花跳的手脚同步，但动作说明注明疑似错位。,needs_review,原文动作说明疑似错位,passed
808,606,017bc22316072f128b9ecd4d7fac7e0d9d0109e667e7f98ab45e0ad322a4a4a2,波比跳,力量与稳定性,全身爆发与核心稳定,耐力;协调,全身爆发力、心肺耐力、协调性,波比跳以全身爆发、支撑和落地控制为主要训练目标。,proposed,,passed
809,607,5f2a91a2633ed836451de353605d5be80a85a235b6827a0d527ea5f96e64fbe4,登山跑,力量与稳定性,躯干核心稳定,耐力;协调,核心稳定、心肺耐力、协调性,登山跑的关键要求是俯撑位核心稳定和节奏。,proposed,,passed
810,608,ddb9566b8dff4e4347a715f54ec6236c6aeb3ce1280c80138972a8be5333bd74,深蹲跳,力量与稳定性,下肢爆发力,核心;协调,下肢爆发力、核心力量、协调性,深蹲跳主要训练下肢蹬伸和落地缓冲。,proposed,,passed
811,609,90b0ddb4aec35f4509096466cb1860755637b630901ea772a9e72331f5a087de,跳绳基础,专项运动技能,跳绳基础与节奏,协调;耐力,节奏感、协调性、心肺耐力,正文围绕基础跳绳的摇绳、跳跃和节奏。,proposed,,passed
812,610,2c726bd177e65976115d2167eeb019fefc6e50a3a9254a50666f58a41e243bae,蛙跳,力量与稳定性,下肢力量与爆发,协调;跳跃,下肢力量、爆发力、协调性,蛙跳的主要目标是下肢力量和连续跳跃发力。,proposed,,passed
813,611,6a4c9be245ae67823c7ba5b798fd5d58ffae86d108ab3f3a71a4b204abf9b2e1,儿童青少年体适能训练测试问卷,体测与观察评估,体适能测试问卷,教学评估;安全边界,原文正文确有训练测试问卷及教学评估内容,内容承载的是问卷与评估用途，具体题项和流程不足。,needs_review,需视觉核对具体测试内容,passed
814,612,87b007d5dd40dcf8e6dae89c33d5d405ab845eff2239def58b20f130d8091ce4,RPE 自我疲劳感受等级使用,体测与观察评估,RPE负荷监控,训练负荷;年龄调整,监控并调整训练负荷,主体是用主观疲劳等级设定、监控和调整课程负荷。,proposed,专业复核,passed
815,613,438d0b3875b3cad6b323877815944f7006968e614f4e90895999125482c68e43,跳绳8级技能目标评估线,体测与观察评估,跳绳专项技能分级,跳绳;教学方法,按 8 级递进核验技能掌握,内容是跳绳技能标准和升阶评估阶梯。,proposed,,passed
816,614,4c6bce57be9a776287dee4ddf2c4ffd0f2edd31a8a08b54f6d1b3b1a489b868b,篮球技能进阶评估阶梯,体测与观察评估,篮球专项技能分级,篮球;教学方法,按三段核验关键技术,主体是按入门、基础、强化核验篮球技术并规划进阶。,proposed,,passed
817,615,4f626fa13bdcc58628c12241fa561f40a3b4e476974c8ebebf47417fd4f605af,感统训练效果评估表（训练前后对比）,体测与观察评估,感觉统合训练效果追踪,前庭;触觉;本体觉,训练前基线 + 每月复评,内容明确采用前庭、触觉、本体觉及综合表现进行前后评估。,needs_review,专业复核,passed
818,616,f5fa027329f3dd84432badb19b0aea34e4864ace4543e40ea8ccffa3788b4060,分龄感统自查评估,感觉统合,分龄感觉统合自查,前庭;触觉;本体觉,触觉、前庭觉、本体觉及综合,正文以分龄感官维度自查和就医提醒为主。,needs_review,专业复核,passed
819,617,686a43b573040a84eafb8ea9c9bd84f0a44ca26113c6b40d9188aef9a89766a8,掰手腕,力量与稳定性,上肢力量与耐力,手腕;安全,上肢肌肉力量与肌肉耐力,核心目标直接是掰手腕的上肢力量和耐力。,needs_review,儿童年龄与对抗安全需复核,passed
820,618,89eb3a8d6f6bda623661c42e38fa2ec838fd350ce1e1ae8adb99d7b1f124b0d1,踢毽子接力,基础动作与身体控制,下肢灵活与平衡,协调;同伴互动,下肢灵活性与平衡能力,踢毽子接力主要练习单脚控制、下肢灵活和连续配合。,proposed,,passed
821,619,cbfacca4aa680d07d934180f19956804b2be7d8dc874cd7cd96f80174de10ad0,综合素质比赛,力量与稳定性,核心与综合力量,上肢;下肢爆发,腹肌、上肢力量以及下肢弹跳力,比赛由两头起、俯卧撑和纵跳组成，目标是综合力量。,proposed,,passed
822,620,1f61abea52b7edeaad491f48c3986d819c8870ec2fe4bc58db0de94bcfd19d83,脚抛球比高,力量与稳定性,躯干核心与腰腹力量,协调;跳跃,腰腹肌力量和协调力,脚夹实心球上抛的主要训练目标是腰腹发力和协调。,needs_review,实心球上抛安全风险需复核,passed
823,621,8dc1ae677934468fb29b9092cbc918e2a965cf379838f7d2f47e00c65cdd9764,传递实心球比赛,同伴互动与社会性,团队传递与合作,协调;课堂游戏,培养学生间的相互配合能力,传球竞赛的教育目标是队员之间依次配合完成传递。,proposed,,passed
824,622,1a8aeca89c36ae214f11087931d2c950987d8df5b2066d328a3ff2519399897b,小球追大球,同伴互动与社会性,团队传递与合作,手部灵活;注意,配合能力与手部的灵活性,之字传球同时要求团队协作和手部操作。,proposed,,passed
825,623,70b3ad78c820de50b9e5195f1e208a9f77b50fb886e371f3845d93c2eb257f24,组画接力,同伴互动与社会性,合作创作与接力,课堂组织;表达,相互间的配合能力,组画的主旨是多人分段完成共同作品。,proposed,,passed
826,624,8dae71d2438e5c6714205521fff3d833ca9158f365d4115d919f4bce3b1a7e4c,组句接力,认知注意与执行功能,语言组织与反应,跑动;合作,学生的思维反应能力,组句规则要求快速写字并保持句子完整通顺。,proposed,,passed
827,625,5ca2601d091d03350e8418df10584a006a955d129c291aad8011d64b881f2345,飞镖比准,专项运动技能,投掷准确性,手眼协调;课堂组织,游戏从各队排头在桌后瞄准靶投掷飞镖,核心任务是瞄准飞镖靶并按命中区域计分。,needs_review,儿童飞镖器材安全需复核,passed
828,626,22b9f316b210045a3cfe54cd9cd7347565f977b4debc533499a987113036ed8d,乒乓球打靶,专项运动技能,投掷准确性与力量,手眼协调;力量,投掷的准确度与投掷的力量,乒乓球打靶同时训练瞄准和投掷力量。,proposed,,passed
829,627,48f1c2b433a67cd5bb46e17987479a94c254718dee9c5b598f1a4fd4e69bec4c,沙包投课桌,专项运动技能,投掷准确性与本体觉,本体觉;手眼协调,投掷的准确度与本体的感受器,正文明确加入本体感受目标，保留专项投掷主主题。,needs_review,感觉相关表述需专业复核,passed
830,628,902aeaa3469dc0ec9740817b9074a7b68d3e1065cad29e433caeb8f3f85778f5,拦击导弹,速度敏捷与反应,反应与拦截,投掷;手眼协调,投掷力量与速度,内容同时训练投掷速度和持拍拦截反应。,proposed,,passed
831,629,5bd2982e6a5985b2c5fe3547689852726af7d483f6242722d4da11393f1ce78d,扑克牌分类,认知注意与执行功能,分类与观察判断,记忆;注意,记忆力与观察能力,按花色快速准确分类，主要解决观察、记忆和判断。,proposed,,passed
832,630,ab4bbf0bb78f94eab70ab4c6b243a0c5c4715fbd571e6cbdb7f41b50e71e8b3a,室内运动会,同伴互动与社会性,团队竞赛与体育兴趣,课堂组织;投掷,对体育产生兴趣,综合项目以团队比赛和娱乐性激发体育参与。,proposed,,passed
833,631,809679c842886518b8aab4fa8278ad8fdb3838542ed0a0faaab78df74dab6f00,弹棋,基础动作与身体控制,手指精细控制,注意;策略,手部的灵活性,弹棋核心是拇指中指控制棋子方向和力度。,proposed,,passed
834,632,67fcc51cc20fa31e4ae1b794c67b752f5b8e3e5bb7688faaf9328d9d720ecab0,弹百分,基础动作与身体控制,手指精细控制与力度,认知;协调,手指的灵活性与肌肉对力量的感受能力,游戏要求手指精确弹击并调整力度。,proposed,,passed
835,633,d10ecbbc201aff51d57628b1fc421b3449d40f43177f26a5b7bc9818676e0051,接后语,认知注意与执行功能,词汇反应与语言积累,记忆;表达,培养学生的大脑反应能力与考察平时对词汇的积累,接后语围绕词汇联想、快速反应和词语积累。,proposed,,passed
836,634,107cda9e97c8b270d22f5938cf7d1138901744d93c1d8b40b929e376d95cde95,传口令,认知注意与执行功能,听觉记忆与语言表达,同伴互动;注意,培养学生传达语言的准确度与语言表达能力,秘密口令传递要求听辨、记忆和准确复述。,proposed,,passed
837,635,3b2ee27c7934c47fbd0f0d99b57bafe3c2fdeda638be2f93633c4ca77fa1ffb1,拍电报,认知注意与执行功能,工作记忆与信息传递,触觉;团队合作,培养学生的记忆能力,拍电报以触觉编码传递数字，核心是短时记忆和准确传递。,proposed,,passed
838,636,fd47424ddcfc784efa95b993c289802f656de35baf9714ef795fa0137d3e620d,提问猜人,认知注意与执行功能,逻辑提问与推理,语言;注意,逻辑思维能力,通过连续单一问题逐步缩小范围并猜人。,proposed,,passed
839,637,87eadf6d1d4299d4ecf00e040552f6aaa56ac9f018be22123f39f205a04a3959,猜个性,同伴互动与社会性,同伴了解与自我表达,表达;课堂互动,促进同学间的相互了解,纸条内容围绕兴趣、优缺点和同伴猜测，主旨是相互认识。,proposed,,passed
840,638,17234f4757ef6c49d0dd3073b56094a0c40f985c79eb9492583b61854d7c6c8f,三子棋,认知注意与执行功能,策略推理与规则执行,注意;同伴互动,逻辑思维能力,三子棋要求预判连线并阻止对手，核心是策略推理。,proposed,,passed
841,639,bc9ce1df653cbfac901637cf3080622a42d7e4a1689e879de5470b9519908df0,牛角棋,认知注意与执行功能,策略推理与空间规划,注意;同伴互动,逻辑思维能力,棋盘走子围绕包围和突破，主要训练空间策略。,proposed,,passed
842,640,5ed1ec67ef7f9017bb887b07a4d3bd8407c2b24d5aa729357e6aec32e0d38cb3,分割包围教学,认知注意与执行功能,策略推理与空间规划,同伴互动;规则执行,连成一直线时，即算完成分割包围,棋局胜负取决于路线规划和连线策略。,needs_review,核心摘要和训练目标缺失,passed
843,641,4d4084459842cd95b36c94e761bef954a9fc2aa6daec9f804faaee94d5bddf7a,添鼻子,基础动作与身体控制,方向感与平衡,前庭;安全,提高游戏的趣味性，调节气氛,正文主旨是蒙眼定位添画，涉及方向控制；趣味性是形式目标。,needs_review,蒙眼旋转安全需复核,passed
844,642,2edaf4818222520590fd85b20049d8133e8c2cfdc303fab0dc8ce03843c2635b,盖方块,认知注意与执行功能,空间策略与规划,规则执行;同伴互动,逻辑思维能力,盖相邻方格要求判断空间和预判可用位置。,proposed,,passed
845,643,bbb39c00637d1604526a9413f5f4b7a279e1e4a85057c801d96c202794d47cf1,友谊携手,速度敏捷与反应,听号反应与奔跑,注意;同伴互动,注意力、反应能力、奔跑能力,呼号后快速找到同号伙伴并跑到指定位置。,proposed,,passed
846,644,e5f7aa3afb8d062d3c9b2127aec1fd109bfafbbf06d13105a767ef722849ccf1,抢种种子,速度敏捷与反应,路线奔跑与敏捷,课堂组织;协调,提高学生的奔跑能力,播种和抢收的主要运动负荷是按路线快速往返跑。,proposed,,passed
847,645,f7aaa545d545bdb51a3d46c91b7b37e51f8d950ed125d863b3c0509202210eaa,室内网鱼,速度敏捷与反应,躲闪与追逐,奔跑;同伴互动,锻炼学生的灵活性、提高躲闪能力和奔跑能力,围捕规则直接训练变向躲避和追逐移动。,needs_review,室内追逐碰撞风险需复核,passed
848,646,a3e0a0b09a66bb8d4505d4a1742ff3803716da79f112b4f5ca04d3e9d3a45c0a,以物换物,速度敏捷与反应,路线奔跑与任务转换,协调;注意,提高学生的奔跑能力,内容以跑动、绕行和物品交换组成连续路线任务。,proposed,,passed
849,647,aa5b9b871a23e4a4f7e8e344322081ac1324751a35c2c45a9a1632b36c96aa2f,避障追拍,速度敏捷与反应,曲线奔跑与追拍,敏捷;安全,灵敏素质、曲线奔跑能力,避障追拍的主要解决问题是曲线移动和灵敏追逐。,needs_review,室内追拍碰撞风险需复核,passed
850,648,610d6b80e6ceca49744f4aa330a6e555155cc2841599b11632940acd7d421acc,助你前行,力量与稳定性,负重与搬运,奔跑;同伴互动,提高负重奔跑能力,核心动作是背负同伴往返跑，训练负重移动能力。,needs_review,背人负荷与安全需复核,passed
851,649,bf4d20b779f83395dc099133ecc081ea3a5dc5dd0b06364c150be680add3d7c7,往返赛跑,耐力与体适能,往返跑与体能,速度;课堂组织,提高学生的奔跑能力,多次触墙、触黑板往返构成主要跑动负荷。,proposed,,passed
852,650,db4320e3183b0297a9690ff103483752809e20d65cd3df0bfc0cd91407892a5c,仰爬接力,基础动作与身体控制,手脚协调与支撑移动,上肢力量;协调,练习手脚配合的能力,仰撑倒爬要求手脚协同支撑和反向移动。,needs_review,仰撑倒爬安全需复核,passed
853,651,0f82b7f37b40f7a4d266ae1ae5fb1905963ab6fe9b908866f99b39da15f67e5f,跳篱笆,基础动作与身体控制,跳跃与灵活性,协调;同伴互动,培养学生的灵活性,连续双脚跳过手臂形成的障碍，主要训练灵活移动。,needs_review,人链障碍跳跃安全需复核,passed
854,652,45a0031ea27e5d28c6049cd7112e76135865b35c4c3744dd11241c30d0634034,斗牛,基础动作与身体控制,平衡与抗扰动,腰背协同;力量,平衡能力及腰背的协调用力,正文目标明确是站立姿势下抗肩冲撞保持平衡。,needs_review,对抗碰撞安全需复核,passed
855,653,2f1a1e733eff115d49a84a031bc438ed64e676143968666da58674061ce88dc3,摔跤比赛,基础动作与身体控制,全身协调与对抗,同伴互动;安全,促进学生身体的协调发展,摔跤比赛的主目标是全身协调，但对抗风险显著。,needs_review,摔跤对抗安全需复核,passed
856,654,af42d8dca165380f718946540255428689114c43e05e5f424b14a5f343c0aa0b,蹲跳推手,力量与稳定性,下肢力量与协调发力,平衡;同伴互动,身体的协调发力,蹲跳推手同时要求下肢蹲跳、支撑和平衡发力。,needs_review,对抗动作安全需复核,passed
857,655,d03afcd54cf800709a6d44a56543b59b3b46a02e1aca9a0fee8a0c6114276536,倒跑接力,基础动作与身体控制,动态平衡与倒向移动,协调;安全,平衡能力与协调能力,倒跑接力主要解决后向移动中的平衡和协调。,needs_review,倒跑视野与碰撞风险需复核,passed
858,656,d8fcdeb8ee4f678954835af72dc2d69143cb29dce66496db07af270a9bc0d829,坐卧传球,力量与稳定性,腰腹力量与仰卧控制,同伴互动;协调,腰腹肌的力量,坐卧传球通过连续仰卧传球训练腰腹发力。,proposed,,passed
859,657,74e10bf6065ff0f80fe59b6603c31c6642a0a74d6a0a7e6c55188bb82a768c66,盲人接力赛,认知注意与执行功能,听觉指令与方向反应,平衡;安全,对口令的反应力,蒙眼接力依赖引导口令完成方向移动。,needs_review,蒙眼奔跑安全需复核,passed
860,658,271a93ba41b181316a716b193570f91bdceacc678ffff5e65e21cda7298ba41a,“高尔夫球”,专项运动技能,击球准确性,手眼协调;力量,击球的准确性,高尔夫球的任务是控制竹棍击球入洞并减少次数。,needs_review,竹棍击球安全需复核,passed
861,659,7d7d5163e0a3306c072dd446edbaecbb0b1f97e58755096b488518b559695d9f,罚人与救人,专项运动技能,投掷准确性,心理支持;团队合作,投掷的准确度以及队员的心理素质,核心技能是远距离投掷击瓶，心理素质是辅助目标。,needs_review,石块投掷儿童安全需复核,passed
862,660,9f677074416d1c6e39e6bbf57bb6ceff2bc68e88dbba75cbbd5918426ae08d99,丢手帕,速度敏捷与反应,追逐奔跑,同伴互动;注意,发展学生跑的能力,丢手帕的主运动内容是绕圈跑和追逐反应。,proposed,,passed
863,661,78a77e54fbea412346b89f39c74f1258dd8a6f8d40dc987210a58f3c9a25c204,钻山洞,基础动作与身体控制,爬行与手脚协调,同伴互动;安全,手脚协调工作的能力,钻山洞要求俯身爬行并与队友依次衔接。,needs_review,俯撑洞形安全需复核,passed
864,662,bacec9ade93def92a4897fce84330754597dba7ed28817cb2c8ff378a6df8219,导游,认知注意与执行功能,听觉指令与定向移动,平衡;安全,对口令反应的能力,蒙眼绕坑依赖被背者的口令完成定向行进。,needs_review,蒙眼背人和坑洼风险需复核,passed
865,663,e242cb0da548a45cf5f5e7e5beb23d069d6110262ed7e7d25173d0ea8531d91a,打水漂,专项运动技能,投掷技术,协调;安全,投掷方面的能力,打水漂重点是手指持片和侧身甩臂投掷。,needs_review,水边和瓦片安全需复核,passed
866,664,e80d5f37fc5fbee0f01ec8ea2a2263b11308e21660d061b52e5c386c21c598ff,盲人击鼓,基础动作与身体控制,方向感与空间定位,前庭;注意,培养学生的方向感,蒙眼走向鼓并击中目标，主要训练方向和距离判断。,needs_review,蒙眼行走安全需复核,passed
867,665,584528e50c74c747702150ef5fc63099764c6e41e714b7fbe10c66a820982ed4,击鼓传球,基础动作与身体控制,手部灵活与节奏反应,情绪支持;同伴互动,手的灵活性，同时放松学生的精神,传球随鼓声进行，核心是手部传递和节奏反应。,proposed,,passed
868,666,99801ef7bae020480c0ba0454e87d2bd8015f25b21598cb072ff6739e67391eb,走靶,认知注意与执行功能,方向记忆与位置判断,平衡;注意,记忆能力以及方向与位置感,闭眼走步后判断所在同心圆，依赖空间记忆和定位。,needs_review,蒙眼行走安全需复核,passed
869,667,471b2ea87e45d5eccd582ae2175328f296bf104f934c37474d1511fc140772e0,夜过雷区,认知注意与执行功能,方向记忆与路线控制,平衡;安全,记忆能力以及方向与位置感,蒙眼通过障碍通道要求记住路线并控制方向。,needs_review,蒙眼穿越障碍安全需复核,passed
870,668,f463bb54cf1b094356d20990d9166c5cf8e124b6bb7405e2e49c4ab453479da6,海豹回窝,力量与稳定性,上肢支撑力量,协调;耐力,发展学生上肢的力量,海豹爬以双手支撑身体前进，训练上肢支撑力量。,needs_review,沙地支撑与负荷需复核,passed
871,669,a5354f2712f7e150625e6b7f378365e1d8fc7708a6de8d4adaeba3f2565fb849,一脚踢中,认知注意与执行功能,方向记忆与距离判断,专项足球;安全,记忆能力以及方向与位置感,蒙眼找球并踢球，主要目标是方向和距离估计。,needs_review,蒙眼踢球安全需复核,passed
872,670,2de6a0a7f6903db1e95828106c540072af3bc406186034a16dcfb0ea2c66b9f8,“激光打靶”,认知注意与执行功能,听觉定位与反应,手眼协调;安全,声音的反应能力,根据击掌声定位并用手电筒瞄准，核心是听觉反应。,needs_review,强光照脸安全需复核,passed
873,671,5b4f344f5bc6df4dcf78d807848feb70210ac3a26855132c1611a499d5fdb688,看影猜人,认知注意与执行功能,视觉识别与同伴了解,同伴互动;观察,促进学生之间的相互了解,根据影子识别同学，主要内容是观察辨认和同伴认识。,needs_review,夜间场地安全需复核,passed
874,672,42b0fc94ab1c5089e7034eb1db90c61f845146add7b399743ca83497f834736c,爬山夺旗.,耐力与体适能,爬坡跑与体能,速度;同伴互动,培养学生跑的能力,缓坡爬山跑以持续跑动和爬坡体能为主要目标。,needs_review,山坡竞跑安全需复核,passed
875,673,77b13e5a15eef392ae12ffda0479de6466d88d7248454735d3918911d985366f,排雷比赛,同伴互动与社会性,团队寻物与合作,情绪支持;户外安全,放松学生的心情,活动主旨是分队寻找卡片并共同参与，放松是明确目标。,needs_review,山坡寻物安全需复核,passed
876,674,dd54fb3a03d34caa924b72411e328e09d99a416dba1d7584fd9b119fb7605d7c,伏击战,同伴互动与社会性,团队策略与心理支持,户外安全;注意,培养学生心理素质,伏击战以隐蔽、移动和辨认对手形成团队游戏体验。,needs_review,复杂地形安全需复核,passed
877,675,110385e95149348a9e4f80cd8782817d09c26cf9e89d3d15ac45696b9f6fa4ec,军棋战,同伴互动与社会性,团队追逐与规则协作,奔跑;策略,使学生放松心情,军棋战的主要活动是队伍追逐、俘获和协作策略。,needs_review,山坡追逐和对抗安全需复核,passed
878,676,cac41ab2948746256d6770f04ebe298ed832283ccf50677aba6167d5509a29bd,偷袭敌营,同伴互动与社会性,团队合作与规则协商,户外安全;策略,培养学生团队合作的精神,游戏核心是营地间协商规则、协作和角色配合。,needs_review,夜间偷袭和俘虏玩法安全需复核,passed
879,677,3dee99c252e60faa5e52fb56763ba0d1166587645c1aa3513e13482eacd16b57,拳掌勾手型互变,专项运动技能,武术基本手形与反应,规则执行;敏捷,武术的基本手形,主体是拳掌勾手形转换及其反应对抗。,proposed,,passed
880,678,5a27c63757e8ad20f2ff63931ef47625247527d4978c7a7ff40ffd5229db0569,凌波微步,基础动作与身体控制,步法移动与平衡,团队合作;敏捷,脚步的移动及身体的灵活性,踩纸板过水域要求步法控制、平衡和灵活移动。,needs_review,图钉固定器材安全需复核,passed
881,679,1c1cba64fc6a1aca0db0fe549fd2d878936e574433b445c4f93f362e8baec455,倒拔垂杨柳,力量与稳定性,腰腹与全身对抗力量,平衡;同伴互动,提高学生的腰腹力量,抱离对方的动作以躯干和全身对抗发力为主。,needs_review,抱摔式对抗安全需复核,passed
882,680,c76b7a75e37a1c68b73789679e4aff08c49adf51e4f31c502fd582f203698f06,斗鸡,基础动作与身体控制,单脚平衡与下肢力量,敏捷;同伴互动,下肢力量、平衡能力和身体的灵活性,斗鸡主要训练单脚支撑、下肢用力和灵活调整。,needs_review,膝部对抗安全需复核,passed
883,681,29bdcdcb3eb499520a77d28a63fd67edbf612c9e0b4ca3d141af283d206d7ce2,顶牛,同伴互动与社会性,双人协作与力量对抗,力量;平衡,相互协作、积极向上的精神,两人组成牛形协同移动并进行团队对抗。,needs_review,背负和拉拽对抗安全需复核,passed
884,682,bbb4825d60db0ce01c04e8861ef00f165e0d0cedf4c7a7c1ece023f6696bdede,翻掌击掌,速度敏捷与反应,手部反应与注意,协调;同伴互动,反应能力，发展动作的灵活性、敏捷性,翻掌击掌要求观察时机、快速收手和反应。,proposed,,passed
885,683,16768dd8350e5a13b96521b05675d21d04c0458406a777cc1f1f1126e47993b0,集体武术徒手造型,专项运动技能,武术动作与团队造型,团队合作;表达,武术动作规格,活动以已学武术动作的规范展示和团队造型为核心。,proposed,,passed
886,684,25e4bdcdd92e10c0b6d717cda28dbe5890372c582ebf9425090360e7711930b7,推小车,力量与稳定性,上肢支撑力量与协作,协调;同伴互动,上肢力量，培养学生的协作精神,推小车由前者手爬、后者扶腿走，核心是上肢支撑和协作。,needs_review,双人承重动作安全需复核,passed
887,685,fdec1621e88b5e2ad181d8fdae43c4aaea3caa1739eae8214371de33375b117c,单脚竞力,基础动作与身体控制,单脚平衡与腿部力量,竞争;协调,腿部力量和平衡能力,单脚拉绳对抗主要训练单脚站立和腿部控制。,needs_review,单脚拉绳对抗安全需复核,passed
888,686,2d7b2dbf9ef15e265e0da59e80d1a0eef69ea27f38ebaa7e7baf60f06133f59c,跪步跑接力,速度敏捷与反应,跪姿移动与协调,团队合作;速度,速度、协调、灵敏素质,跪跑接力以往返跪姿移动和交接配合为主要目标。,needs_review,跪跑关节负荷需复核,passed
889,687,c1f86b85ce06783e0706e2bc38377bc4d75b579b987f0a6325ff5475507ad575,腾空飞脚接力,专项运动技能,武术跳跃动作,下肢力量;团队合作,下肢力量，提高跳跃能力,腾空飞脚接力要求完成已学武术跳跃动作。,needs_review,腾空踢腿安全需复核,passed
890,688,7147328afd09a815d74bb1e05726bac9930039e436535861c544955df197e28a,后撑移动,力量与稳定性,上肢支撑与躯干稳定,协调;柔韧,上下肢的力量及灵活性、协调性,后撑移动主要依赖上肢支撑、躯干抬起和协调移动。,needs_review,腕关节及支撑安全需复核,passed
891,689,e5f9c7d744214438cab087ca2905c38e46dd4c48c6ce5c4ec23adc64943582f0,双人蹲跳,力量与稳定性,下肢力量与双人协调,同伴合作;跳跃,下肢力量及协调性,背靠背蹲跳要求双人同步下蹲、跳跃和折返。,needs_review,双人跳跃安全需复核,passed
892,690,a13f437b8c864741a165ed894983dcfcedd84984381d4dd5cc7204e77791233f,马步推掌较力,力量与稳定性,下肢力量与马步稳定,武术;团队合作,上下肢力量，提高马步规格,马步推掌较力同时训练马步姿态、力量传递和团队配合。,needs_review,对抗推掌安全需复核,passed
893,691,5ed1f4ba90c0ca3272313939120171edfea8ed2f3b2ca7ad9b046b173b90e6e6,反向移动,速度敏捷与反应,信号反应与步法,武术;注意,反应能力和应变能力,按教师手势完成相反方向步法，核心是信号反应和步法。,proposed,,passed
894,692,34e5578517e155343c6da5237c108f3333ab795bd33fb28f3e4cc6b8e8334618,马步桩比稳,力量与稳定性,下肢等长力量与姿势控制,武术;意志品质,下肢力量和马步规格,保持水平马步的时间决定结果，主要训练下肢耐力和姿势。,proposed,,passed
895,693,bf8970fcbd9c020b9e9c7260064f541865a5b5ce93eba0fa583b1a433d95f7f7,双拍脚比多,力量与稳定性,腰腹力量与跳跃,协调;意志品质,弹跳力和腰腹力量,空中收腹拍脚同时训练跳跃爆发和腰腹控制。,needs_review,高难度跳跃安全需复核,passed
896,694,c20a9044fe9a242d88bb28117a607cbb2ea643798097fd15e71b8061f09b2080,踢腿比高,柔韧与活动度,腿部柔韧与跳跃,专项武术;协调,跳跃能力和腿部的柔韧性,踢腿比高明确结合助跑跳跃和腿部活动度。,needs_review,高处踢球和落地安全需复核,passed
897,695,f4a5a60084314d3156b1c60b86639a7094d824e12249c5371772726a95086dec,“抢背”跃龙门,专项运动技能,滚翻与自我保护,协调;敏捷,滚翻能力，提高自我保护意识,鱼跃过竿和前滚翻是核心动作，目标含自我保护。,needs_review,头颈肩和过竿安全需复核,passed
898,696,4f5d66a8666f4d97ad25513aa9010e59ba72e76a7ef33591513c9969ac522bfa,抓龙尾,速度敏捷与反应,追逐敏捷与攻防,团队合作;脚步移动,灵敏素质和脚步移动能力,三条龙互抓要求连续变向、攻防判断和队形保持。,needs_review,多人追逐和拉拽安全需复核,passed
899,697,55c3b6af6a039849e2fb4c9c1e1bfbddbfe2a3bb89819ff2f9284f6c9d9965c3,钻地道,基础动作与身体控制,爬行与团队协作,灵敏;协调,灵敏性和手脚攀爬能力,钻地道要求手脚并用钻爬并连续重组队形。,needs_review,多人钻爬安全需复核,passed
900,698,3a5c2a4fd95fb7c8c5ef149887793ef3a3919b632bb011a50f9b08d4a4e74adf,仆步穿栅栏,专项运动技能,武术仆步与灵敏,协调;团队合作,提高仆步的运用能力,半仆步穿梭是明确专项动作，灵敏和协调为辅助目标。,needs_review,低位穿越安全需复核,passed
901,699,7bd99ed53e89f25c44ed28631dd4ac51e4e72cf20aee0e8b6fb52da423227dd2,抢占地盘,基础动作与身体控制,平衡与用力技巧,灵活;同伴互动,身体的灵活性，提高身体的平衡能力和用力技巧,背靠背挤出圆圈要求平衡、身体控制和用力策略。,needs_review,身体对抗安全需复核,passed
902,700,6aab2429535cdaf2155a6acab66745ca13fe2dd9228531b5ac1a9159dace185e,弓步掰手腕,力量与稳定性,全身力量与平衡,协调;同伴互动,身体的力量、平衡能力及用力技巧,弓步互握对抗以保持姿势和控制用力为主要目标。,needs_review,对抗动作安全需复核,passed
903,701,7053fbfc1492d6c30db655bfbd68c91c90e7501031a6e5e64010c1c67bdac724,太极平圆单推手,基础动作与身体控制,太极推手与平衡控制,同伴互动与社会性;力量与稳定性,发展学生动作的灵活性、反应能力,主目标是推手中的身体控制与反应,proposed,,passed
904,702,952fe87d114b623fae026d68f90251f6099790440c355b50555bde31596b1b9d,三角鼎立,力量与稳定性,全身对抗力量,基础动作与身体控制;速度敏捷与反应,提高学生的力量、平衡能力及反应能力,主要解决对抗中的力量和平衡,proposed,,passed
905,703,c649709fbc3f22b387503a0dd94012bf277b2468e956cfcf3f75fc3b901a06da,两人推拉出圈,力量与稳定性,全身对抗力量,同伴互动与社会性,发展学生的力量素质及对抗能力,核心是推拉出圈的力量对抗,proposed,,passed
906,704,2f9647d6c6f311fc6a09ffc2b5c901048e9ea574013fa727834552924fb57286,抢抱腿,力量与稳定性,下肢对抗与身体控制,速度敏捷与反应,提高学生身体的灵活性及反应能力,抱腿攻防同时要求下肢控制,proposed,,passed
907,705,b2e63f57293fb1e23ce7570a001eda03eda917954d1794400aa9687fd58f7501,咸鱼翻身,力量与稳定性,全身搬运与翻转控制,安全防护与健康边界,发展学生的力量、身体灵活性及反应能力,主要教学目标是搬翻对抗中的力量,proposed,专业复核,passed
908,706,46490d2b9ebf87b9b5deaec2d0aa62e123873d90f7a8a88513a08b5571243966,单脚支撑竞摔,力量与稳定性,全身对抗与平衡,安全防护与健康边界,发展学生的力量及平衡能力,竞摔直接训练力量平衡与自我保护,proposed,专业复核,passed
909,707,990c24729762d31d5de9bf5e2a42dd32f1e5c477e3bd5744a228ad823db9c743,摆脱控制,安全防护与健康边界,自我保护与解脱技巧,力量与稳定性,发展学生的力量及解脱技巧,主要解决受控状态下的解脱和保护,proposed,专业复核,passed
910,708,b499e9d04b88a9f4fa247fd885a9411f4f2f41c97a57b5b2d420a8b05ca1e10f,抓肩解脱,安全防护与健康边界,抓肩解脱,力量与稳定性,发展学生的手臂、手腕力量及解脱技巧,核心是解脱技能与安全边界,proposed,,passed
911,709,763c6294156a1931a9b0119d1942b2a41e6b944ac4f8d73adeea1b294ed81378,两人摸拍肩,速度敏捷与反应,攻防反应与闪避,基础动作与身体控制,发展学生上肢的灵活性、协调性,摸拍肩训练攻防反应和闪避,proposed,,passed
912,710,145ceca959e1c6a84e1cfa32f2dee8462d00479b1c9e130e4d73e73a3a605359,三人摸拍肩,速度敏捷与反应,多人攻防反应,同伴互动与社会性,发展学生的灵活性、反应速度,多人移动摸拍以反应速度为主,proposed,,passed
913,711,5d634df4bb70524404fc173555c2b871eede7f89da4f516cf849e1159f94aac6,踩脚尖,速度敏捷与反应,步法闪避反应,基础动作与身体控制,提高学生身体的灵活性、反应速度,脚尖攻防主要训练移动和反应,proposed,,passed
914,712,0bc7f970eb0676374744ec7ba85841dfb137a62c116b76bb7b2e106f8e86375e,冲拳不报数,认知注意与执行功能,口令抑制与动作转换,速度敏捷与反应,发展、提高学生的反应能力和应变能力,数字口令要求抑制发声并转换动作,proposed,,passed
915,713,a96fa28b808f50c7a5933c4c7b56d3aad2a0931d764b0e4ab0840a9fd006d493,侧踹沙包较腿力,专项运动技能,武术侧踹腿,力量与稳定性,发展学生下肢的力量、速度,正文明确训练侧踹腿规范和腿力,proposed,专业复核,passed
916,714,bcc63f39281beeb01eed1cab6a6a0d068bdb860e14b7f8b7c5e281add1594e5f,脚踩气球,速度敏捷与反应,快速移动与攻防,基础动作与身体控制,脚步的快速移动能力,追踩气球以脚步移动和攻防为主,proposed,,passed
917,715,4ed592280842415551400ce402f42e440d11a6fa611c73ea8add1b4636327b3c,拳击沙包接力,力量与稳定性,上肢击打力量,专项运动技能,发展学生上肢的力量、速度,拳击沙包明确训练上肢击打力量,proposed,,passed
918,716,175ff70180946564c916bde4a55ed72ce8a26301f331109b9709fad1cb7fc557,深蹲起正蹬腿接力,专项运动技能,武术正蹬腿,力量与稳定性,发展、提高学生下肢的力量、速度及正蹬腿动作,专项腿法与下肢力量是主目标,proposed,,passed
919,717,9d9933ec1d32abd79863caaa095b02b197567739001949292b646bcb22ffed62,攻城拔寨,力量与稳定性,团体推拉对抗,同伴互动与社会性,锻炼、提高学生的身体力量,核心是团队对抗中的全身力量,proposed,专业复核,passed
920,718,97812721090ab736dc573b08cbf81e8640c16d0f7bf5a2a7ba159bdb9390df85,抓俘虏,速度敏捷与反应,追逐奔跑与攻防,同伴互动与社会性,发展学生的反应速度、奔跑能力,三方追抓直接训练反应和奔跑,proposed,,passed
921,719,6d0ba94d20bcf53faeb4a4fb53de3144c94a6a91d074b75ec069ff811f4f00fa,顺手牵羊,力量与稳定性,站位牵拉与自卫,安全防护与健康边界,发展学生身体平衡能力及自卫能力,牵拉出圈结合平衡和自卫,proposed,专业复核,passed
922,720,4c3c433fd2c113659c210f6aa56a5d045a983ffcd8b389fea13ebf8918c7129e,背向起跑,速度敏捷与反应,快速起跑反应,基础动作与身体控制,发展学生的反应、快速起跑能力和灵活性,背向转身起跑的主要目标是反应和启动,proposed,,passed
923,721,5b2c24bfe0102527c0b3e5c6a726a473c2bb10f34230acdff4e8ec99843d0ee5,喊数抱团,认知注意与执行功能,听数反应与群体配合,同伴互动与社会性,发展学生的反应能力,听数后快速组团，含简单计算变化,proposed,,passed
924,722,7894cf52dc234a59966304782637440cfb58fca54522a2f22d56ddaeb73ac99f,单双数,速度敏捷与反应,单双数追拍反应,认知注意与执行功能,发展学生的快速反应能力,口令触发角色转换和追拍,proposed,,passed
925,723,6f4edbd9077d480b4ce297f9b3cda45e8a2dfb2dc9cdc39463afa14df181c6d9,突破防卫,速度敏捷与反应,突破与追拍反应,基础动作与身体控制,提高学生的反应速度和动作速度,换位突破防卫者以动作速度为核心,proposed,,passed
926,724,48b9f9eb94c0ba6d77c47064c1b37cf46dbd94d41767975e851a3e5b539c443b,穿越友谊之门,速度敏捷与反应,跑动速度与快速反应,同伴互动与社会性,发展速度素质，提高快速反应能力,连续穿越城门训练速度和反应,proposed,,passed
927,725,c3ebe420cea4d29c3da991cf4af4bcf1cbf632103b131d264163b48b8192a4fb,喊号追人,速度敏捷与反应,追逃起跑,基础动作与身体控制,发展学生的速度素质和反应能力,喊号决定追逃并进行短跑,proposed,,passed
928,726,01e34d905f0d08dbb563c2f9cad4baa720852f09dd0f1e53136d35d7bf079b53,丢手绢,速度敏捷与反应,追逐奔跑反应,同伴互动与社会性,提高学生的反应能力和奔跑能力,丢手绢的主要训练是转身追逃,proposed,,passed
929,727,6f288f43df24549c5f67a15769ba7b298efb554a1568ae8b2ed1c9d2c20a59bf,猜拳追逃,速度敏捷与反应,猜拳触发追逃,认知注意与执行功能,提高学生的反应能力和奔跑能力,猜拳决定追逃并要求快速奔跑,proposed,,passed
930,728,ff6c0c9b5fab79b1ff16b88cc00ab59183bf67d1bdc3241511046b9363970454,抱大腿,速度敏捷与反应,追逐与灵敏,基础动作与身体控制,发展学生的灵敏性，提高兴奋性和奔跑能力,自由追拍和单腿脱险突出灵敏奔跑,proposed,,passed
931,729,553354cc05ae6e2c357aae80d53690f7d7c47b549b02c2639164693d3b331dd0,蛇战,速度敏捷与反应,团队追尾与变向,同伴互动与社会性,发展学生的灵敏素质,蛇形团队追尾依赖快速变向和协作,proposed,,passed
932,730,d7c084388436ce61b79ef2cea9e5eca5e70e600ce5fb5746cb3b0b1e48e9e564,蛇头抓蛇尾,速度敏捷与反应,团队追尾与灵活移动,同伴互动与社会性,提高学生的灵活性和奔跑能力,蛇头追尾直接训练灵活奔跑,proposed,,passed
933,731,a0bfd10cf5e7b776ae420cb74a3fbd1b016d3eb07d6d1862c9207979d7c268bb,猫捉老鼠,速度敏捷与反应,追捕与躲闪,同伴互动与社会性,增加课堂的趣味性,正文动作是猫鼠追捕，按实际主要训练追逃反应,proposed,,passed
934,732,52f83a9eda299975796f427eb8a3ee858366ab91c9f55614f4aafa215127a27f,拍背追人,速度敏捷与反应,注意与追逐,认知注意与执行功能,提高学生的反应能力、集中注意力和奔跑能力,拍背启动追逐兼顾注意和奔跑,proposed,,passed
935,733,afea5ae52a44ccaf5a396519bce74c37822b68467f9547a64cdb3cc9ef5b339e,安全岛,速度敏捷与反应,区域追逐与奔跑,基础动作与身体控制,发展学生的奔跑能力,安全岛往返的核心是区域穿越和追拍,proposed,,passed
936,734,e85141db697917ee58c3c90734cc121122a98252f60d0d4296bebceab13d5ac2,贴人,速度敏捷与反应,追逐变向,同伴互动与社会性,提高学生的奔跑能力及灵敏性,贴人换位要求持续追逐和灵活移动,proposed,,passed
937,735,5282ab89fd4f4cd8f1df4c2a296c83c0170a4015d2d50253a45ac990189d6cf0,淘汰赛跑,耐力与体适能,速度耐力与弯道跑,速度敏捷与反应,发展学生的速度耐力，提高弯道跑技术,正文明确速度耐力和弯道技术,proposed,,passed
938,736,a4b70b69cf600453fd313d493317de67e4e77dab122bec5761f69a502b45a3f4,抢先入城,速度敏捷与反应,短跑抢位,基础动作与身体控制,提高学生的奔跑能力和灵敏素质,抢先入城的核心是快速跑和抢位,proposed,,passed
939,737,81116a276174511cb9a02b593739bdba1cadc2a4b2bac3f0a1d1fdef94106632,二龙戏珠,同伴互动与社会性,团队协调移动,速度敏捷与反应,发展学生的协调性和集体主义精神,连队绕杆以协同和整体移动为主,proposed,,passed
940,738,87c63993e1940c2afe07473d7fc0e9d4c30c183e49dbae12743a02dfad52db8d,五足接力,同伴互动与社会性,多人协同奔跑,速度敏捷与反应,培养学生的团队精神,三人协同跑跳是主要解决问题,proposed,,passed
941,739,2b695b16f7ecdde39129e6d79a182a56757b0bfb8b8a8283bd66639929f501af,迎面接力,速度敏捷与反应,接力跑与交接棒,同伴互动与社会性,发展学生的速度素质,接力跑及规范交棒是核心,proposed,,passed
942,740,72195f43c9db112ae8922069dde2bebca9022909c414cd7e1d55a8e19e859f04,蛇形跑往返接力,速度敏捷与反应,蛇形变向跑,同伴互动与社会性,提高学生的速度素质和变向跑的能力,绕杆往返明确训练变向跑,proposed,,passed
943,741,fb634cdbfcf8969c811bb04df98071534d9fd6845b1b69e557f622d5c1ea47b3,四角接力,速度敏捷与反应,快速跑与接力,同伴互动与社会性,提高快速跑的能力,四角跑垒以快速跑和接力为主,proposed,,passed
944,742,d092de916249ec9abaa4d9fd3a57cde3a106a2cf6a6f47e07aea32261ca9bc76,架棒接力,速度敏捷与反应,接力跑与器材控制,同伴互动与社会性,增强学生奔跑能力和培养团队精神,往返架棒的主任务是奔跑接力,proposed,,passed
945,743,956061d7114673c963ce06d2b7b4cb1ab1f14c166a09b943ece5cd783f27cbf7,插旗拔旗,速度敏捷与反应,接力跑与物品操作,同伴互动与社会性,增强学生奔跑能力和培养团队精神,插拔旗交替完成接力跑,proposed,,passed
946,744,db625d9638b39d0a5dc580bfe2196d71a4b78e1257d5034ba56d20ccb850c386,踩梅花桩接力,基础动作与身体控制,踏点与协调移动,同伴互动与社会性,增加课堂的趣味性和强调团队精神,踩纸板要求连续踏点和路线控制,proposed,,passed
947,745,9d9964c275a9ff7b3501689d972e286713af940faac818cd8a5d4aa687d2af4e,背人接力,力量与稳定性,负重搬运力量,同伴互动与社会性,培养学生的团队精神和发展力量素质,背人往返的主要负荷是力量和承重,proposed,专业复核,passed
948,746,a344d16eb0cd0343bc5e533b75148c0aa2b6a545de805f562b5b06a201870fcc,二对一搬人接力,同伴互动与社会性,合作搬运,力量与稳定性,培养学生的协作精神,两人搬一人的核心是协作完成搬运,proposed,专业复核,passed
949,747,fa87d2ae7ac1af0ae3c5f435e8bbd5008dede4c4e1a53e29c05d0f64a2ffc588,终点跳绳接力,速度敏捷与反应,跑动与跳绳组合,专项运动技能,发展学生的奔跑能力,跑动接力叠加终点跳绳,proposed,,passed
950,748,092ef0ebaed20847024a50051c3a1258557fc20a082a4be4f93d56249a98b9fe,胸顶报纸接力,速度敏捷与反应,奔跑中的姿态控制,基础动作与身体控制,提高学生的奔跑能力,胸顶报纸要求保持跑动姿态和速度,proposed,,passed
951,749,8a5ede6008fbc940ba6ebb3808e494181fd54794be15476b6a3497f1f904c91a,头顶书本接力,基础动作与身体控制,动态平衡与空间感觉,速度敏捷与反应,发展学生的空间感觉能力和跑动中的平衡能力,头顶书本直接训练动态平衡,proposed,,passed
952,750,28992dac1362e49b0a86eda9693165d4d888b91642f85f8e2a99d446994056f9,圆圈跑接力,速度敏捷与反应,弯道跑与接力,同伴互动与社会性,发展学生的奔跑能力，掌握弯道跑技术,正文明确弯道跑技术,proposed,,passed
953,751,bbd00b75789b065e3d4748e126dcd6e8e130440c5c10b288d35669bbc2a10351,二人三足接力跑,同伴互动与社会性,双人协调接力,速度敏捷与反应,培养学生的协调、敏捷和相互协作的能力,绑脚跑步的核心是双人协调,proposed,,passed
954,752,690ddd6fe392a8bb03468309f10fc9c79aceaa1fd5114ec55470cfcb4efb4394,钻跨栏架,速度敏捷与反应,跨栏钻栏组合,基础动作与身体控制,发展学生的速度素质和协调性,交替跨钻训练障碍跑协调,proposed,,passed
955,753,cfe4b8def52c2b501a920b892c8a8e8fd7a52bae1b226c98cd4b03804de524fb,越障碍跑接力,速度敏捷与反应,障碍跑与接力,基础动作与身体控制,培养学生勇敢的意志品质和发展奔跑能力,跨栏跳箱组合以障碍跑为核心,proposed,专业复核,passed
956,754,38113fc5b58ce6acb5041037a4351875e16fbd4a70f127cbfc9324f802729a9c,连续跳跃栏架,力量与稳定性,腿腹力量与连续跳跃,基础动作与身体控制,发展学生腿部和腹部的力量,连续跳栏明确训练腿腹力量,proposed,专业复核,passed
957,755,1675e83e609cb37145fa133a27d18ac3c1b31b6dc3476dbdee7743ed91217e0a,翻越肋木,速度敏捷与反应,翻越障碍与快速跑,安全防护与健康边界,发展学生快速奔跑、翻越障碍的能力,快速跑和翻越障碍为主目标,proposed,专业复核,passed
958,756,0dea070827dbc1c9f5b144d8ac066509f0bb13c2bd4b91a879c7e2247d7cd97c,蹒跚学步(团身走),基础动作与身体控制,深蹲行走,力量与稳定性,"身体成蹲坐姿势(如图),屈膝迈步",动作核心是保持团身深蹲姿势行走,needs_review,,passed
959,757,9c3a30e539d47ea4a196289ece36e62a684d4d46cdd5e555e7cd8dfca111f945,四足动物走,基础动作与身体控制,四足爬行与模仿,同伴互动与社会性,模仿多种动物的走路姿势,正文只有动作练习目标不足,needs_review,,passed
960,758,74d9e1980ae7f77ec119ebd63844f64e3c5a0c70ddbd45df7762776f1d5f6d53,过独木桥(一),基础动作与身体控制,低平衡木行走,同伴互动与社会性,从平衡木的一端走到另一端,器械行走直接训练平衡控制,proposed,,passed
961,759,b766d23e847d99350cacd9c7f6f43ebac421751865a5cfb47a914f66353e66a0,踩石过河,基础动作与身体控制,踏点平衡与路线控制,同伴互动与社会性,让学生踩着石头过河,踩点过河需要平衡和空间控制,proposed,,passed
962,760,dfef0c68a639cb5f7f2fc9c3333c033f9572a4249dc22fc63800310d62a5f0a4,“盲人”走,基础动作与身体控制,闭眼平衡与空间定向,安全防护与健康边界,闭上眼走，看看能不能走直线,核心是无视觉条件下的方向和平衡,needs_review,专业复核,passed
963,761,529ca4c2e2232d661deee51efe48652360e7dc5903ce34403ef084e4d974a84e,“飞碟”走,基础动作与身体控制,旋转行走与平衡,安全防护与健康边界,让学生尝试旋转走直线,旋转中保持方向和平衡是主要目标,needs_review,,passed
964,762,2ac17fd48e02685134ed7e560fdf0a7e0fe7a9c13f9d707c512598599cf89894,“螃蟹”走,基础动作与身体控制,侧向步与协调,同伴互动与社会性,横着走(向体侧跨步),螃蟹走主要练习侧向移动和协调,needs_review,,passed
965,763,14aff8fd668aa594103bb16b9e85c7e9c80d9616de177e4cdaed32ba0b31a9c4,空间背人走,同伴互动与社会性,合作负重行走,力量与稳定性,相互背着走更具练习价值,双人背负行走以合作和负重为核心,needs_review,专业复核,passed
966,764,5f1b9e83ccec0edfb375aa68e1f1f1a6b14a22d3aefb706c2eb83161bafa56b9,倒着走,基础动作与身体控制,倒向行走与方向控制,安全防护与健康边界,如果你的脑袋后面长了眼睛，你会怎样倒着走,正文训练目标缺失且存在安全边界,needs_review,,passed
967,765,fcb198a257624ac248f16b0c9832ceaa5204b65684e0b56f41d025fc4be15d30,手拉手走,同伴互动与社会性,双人步调协调,基础动作与身体控制,手拉手步调一致地走,主要解决伙伴同步和协调,needs_review,,passed
968,766,7ab9ab58a68f6637af1c8a550b462fbe5962533b57c99d82ef4d5c6236da6691,过独木桥(二),基础动作与身体控制,低平衡木行走,安全防护与健康边界,让学生从一端走到另一端,正文目标缺失但动作明确为平衡控制,needs_review,,passed
969,767,1c8fd7cfea70ff65955308f2e8f123a2c90a6d355b036e8dd26782c9b637ae11,螃蟹过独木桥,基础动作与身体控制,侧向平衡木行走,同伴互动与社会性,走的方式与平地上“螃蟹走”相同,螃蟹步结合平衡木，主要是身体控制,needs_review,,passed
970,768,338499cb390c90fe4d252c500200362598e4a61da055fb11d3b036db334245ec,手拉手过独木桥,同伴互动与社会性,双人平衡协作,基础动作与身体控制,两名学生手拉手从平衡木的一端走到另一端,核心是双人同步并保持平衡,needs_review,,passed
971,769,4e174ac852ceadb64347703e5dad4de8ee5faa32ccdd1d81a47af6d438f0338f,过断桥,基础动作与身体控制,障碍平衡与空间控制,安全防护与健康边界,模拟通过“炸断的桥”,断桥障碍要求平衡、定向和谨慎通过,needs_review,专业复核,passed
972,770,bea051f536015608c07033f1c8de2a10de7a07d86ffb38ceac6998390ff7e71a,摸黑走,基础动作与身体控制,闭眼定向与本体控制,安全防护与健康边界,凭自己的感觉走到圆圈内并把垒球放下,核心是无视觉条件下的方向和身体控制,needs_review,专业复核,passed
973,771,5eb120b795bbde23e88d8b85671e126b04e54e52cd5e4e755f2a014688b32dbb,走钢丝(走木棒),基础动作与身体控制,动态平衡,安全防护与健康边界,锻炼学生的身体平衡能力,踩滚动木棒直接训练平衡,needs_review,专业复核,passed
974,772,638fc306ed785f2e4ed98ad20589cc674faaaa4f7bf4120dc2332b10567b79bf,蜻蜓点水(踩石过河),基础动作与身体控制,踏点平衡,同伴互动与社会性,让学生踩着石头过河,与961同类，核心是踏点和路线控制,needs_review,,passed
975,773,d95ccebb4cdf88c79b17c02e61e0576acd1e2913b06c257c8375acaa31ca4330,移石过河,基础动作与身体控制,双点支撑与身体控制,同伴互动与社会性,只能利用自己手中的两块“石头”(叠好的报纸或砖块)过河,移动支撑点要求平衡和计划,needs_review,专业复核,passed
976,774,0f7a6ae13d8a92d715136add7d8fea8a35bfb7d735928a2dee56dc7a4936ba56,走圆柱,基础动作与身体控制,圆柱平衡行走,安全防护与健康边界,锻炼学生在圆柱体上走时控制身体平衡的能力,正文明确平衡控制目标,needs_review,专业复核,passed
977,775,c35a42ae6a812787b48af072825caaba5495b9ba7c1ba30e070e14bbdf5f0bbb,剪刀、石头、布,基础动作与身体控制,步幅控制与协调,认知注意与执行功能,按照剪刀、石头、布赢的结果不同,按结果调整步数，训练步幅与协调,needs_review,专业复核,passed
978,776,467c5df1108aead00a030b49e113f36af2f3d7e7ffbbcd04e2ba5315441cf7bc,靠背半蹲走,力量与稳定性,半蹲合作行走,同伴互动与社会性,背靠背成半蹲姿势,半蹲负荷结合双人协调,needs_review,专业复核,passed
979,777,3e02aa89d5cee41661dcd2724bce9c07fc4a5d30006dd1492b7e2df880495f29,矮子上菜,力量与稳定性,半蹲负重控制,基础动作与身体控制,学生两臂侧举下蹲，掌心向上，各托一球向前行进,主要要求下肢力量和姿态控制,needs_review,,passed
980,778,1270b0a18960e1ec6c8949cf09dd43b80de1c0a13e85661cdf3f5c1f0befa3be,四方走,同伴互动与社会性,多人绳圈协同,基础动作与身体控制,四名学生站在圈内,共同维持绳圈形状并移动,needs_review,,passed
981,779,2c043fee4b11356ddfa63939b14ea39cc411c800d150b1002d9a16fea04749a8,“V”字步走,基础动作与身体控制,交叉步与髋部灵活性,速度敏捷与反应,练习学生腿部的灵活性以及腿、臂的协调配合,正文教练提示明确髋腿灵活和协调,needs_review,,passed
982,780,bcea44c99ea9b17218f3264a595d2b813183a6c0859beddfe7ff0f05319e34cc,侧向转髋走,基础动作与身体控制,髋部灵活性与侧向步,速度敏捷与反应,侧面经右腿前面向前迈,动作明确但训练目标缺失,needs_review,,passed
983,781,1815402ad40741b9d0ac34a71365125e8d7c71b5cd231b95028a23d7ebdd8933,滚球入门,专项运动技能,足球地滚球与射门,基础动作与身体控制,持球学生必须将手中的球在地面用手滚动,游戏核心是地滚球传接和射门,needs_review,,passed
984,782,eb7a5c003005f0ee7d4548cf01536adcfe1405ee1793992de0f3404081b275c8,三人同时走,同伴互动与社会性,三人同步行走,基础动作与身体控制,3人手臂相挽向前行走,主要解决多人节奏配合,needs_review,,passed
985,783,85e84a66ee8d60b910585b0086c83af6465d8b68d0e231aeb591a7da8165708b,呼啦圈竞走,专项运动技能,呼啦圈操控与行走,基础动作与身体控制,边转呼啦圈边走，在行走进行中呼啦圈不能掉下来,器械操控是主要教学内容,needs_review,,passed
986,784,9191c379c0e5c088e2c8ae3f88035daece8f7b84dd5005d9fab7d61e0f17bd3c,盲人背瘸子过河,同伴互动与社会性,指令合作与障碍通过,安全防护与健康边界,由“瘸子”指挥“盲人”过河,核心是伙伴沟通与合作通过,needs_review,专业复核,passed
987,785,7479ed3cc0e8e96f7f3ec30488a4c93facd4aaf702e212985cd40bb33ba351f6,手抓脚踝走,柔韧与活动度,后侧链柔韧与行走,基础动作与身体控制,两腿交替向前移动,动作要求直腿抓踝行走，目标说明不足,needs_review,专业复核,passed
988,786,8516990db32474609cfcd0d885fe02f1df9f6c1a3038400cbecc61764981bae9,五人连排走,同伴互动与社会性,多人协同蹲走,力量与稳定性,五人并排蹲着，双手分别挽住相邻两人的肘关节,多人同步负重和队形控制,needs_review,,passed
989,787,b9d0c374efe79653e8ba40e2620da4bae46e0e150f7d42429b5d1d1129cc9569,马步运输,力量与稳定性,马步负重控制,基础动作与身体控制,两腿屈膝下蹲成马步,马步负重行走主要要求下肢稳定,needs_review,,passed
990,788,ca10b119db67eda6b488bc2d49a3faa6c7bd5689fb45a38a04007904aba8b9a0,交叉步走,柔韧与活动度,髋关节灵活性,基础动作与身体控制,练习学生髋关节灵活性,正文明确髋部活动度目标,needs_review,,passed
991,789,2dfb29e276c971e5fe12951432fbf411a5596f1f1ecc0ceec461cfc87b725bff,蜗牛走路,基础动作与身体控制,直线步态与平衡,同伴互动与社会性,脚尖碰脚跟，左右交替向前,窄支撑直线行走主要训练平衡,needs_review,,passed
992,790,79aa83ff9ce878b11a170b44994850406fef10a2ffef07fcec469a25dab0e3e3,两人垫球(传球)前进,专项运动技能,双人排球传垫,同伴互动与社会性,两人一组边垫球(传球)或传垫结合前进,核心是双人球类传垫技能,needs_review,,passed
993,791,b89d2f2356c61b31ad31a991b0b6acb18a761ff5ba0988e8ab79a0adc8e4f337,驼子运输,基础动作与身体控制,夹持负重行走,力量与稳定性,大腿和腹部之间夹带一个球,夹球和背托球要求姿态与身体控制,needs_review,,passed
994,792,057ce938c9b40261575a6f47cd9fd6699b11ae4df74a3d2d2787ae237ab43c99,顶皇冠走,基础动作与身体控制,头顶物体平衡,空间定向与平衡,在头顶放置一个毽子前行,主要训练头顶负重时的动态平衡,needs_review,,passed
995,793,441fcbc5e03a582a6ef76140bcd0665f8bc7eb7a4aacf7b63cfafe58958c513d,昂首阔步(头顶球颠球前行),专项运动技能,头顶球控制,基础动作与身体控制,用头部顶球弹起后前进,动作核心是头球控制与移动,needs_review,,passed
996,794,b9e6fe87912d6b84a87608bf230fe7a6ea138e2e315e9701c0d71c9b5b25452a,心心相印(背夹球),同伴互动与社会性,双人夹球协调,基础动作与身体控制,两背之间夹一排球，步调一致向前行走,主要解决双人同步和合作,needs_review,,passed
997,795,8507ae5079874bfa2e97dfb885446e18c2aa302c34f2a604799f8384046aab94,双人倒走,同伴互动与社会性,双人倒走协调,基础动作与身体控制,两人倒走的步长步频要协调一致,倒走接力的主目标是同步配合,needs_review,专业复核,passed
998,796,76f836546a13491705c1ce3ff268b0be6cc82fee182ee98d4dfc7a3c4c376c98,通过战区,基础动作与身体控制,综合姿势移动,柔韧与活动度;力量与稳定性,"四肢爬行(爬地道),半蹲走10米",综合练习多种姿势移动，目标说明不足,needs_review,,passed
999,797,a4eb051f9ee5e257b544e4b3fc482838c49384776a2168962a31c70ea42ad5ff,异侧手脚走,力量与稳定性,腰腹稳定与对侧协调,基础动作与身体控制,主要锻炼学生的协调性和腰腹力量,正文明确腰腹力量与对侧控制,needs_review,,passed
1000,798,d588b5ac287d49c74376daac225406f4df54d223dfd20c513282d0386c897671,小步快速走,速度敏捷与反应,步频与快速移动,基础动作与身体控制,小步幅快频率行走,主要训练高步频移动和稳定,needs_review,,passed
1001,799,eaad535801c7b05d3bde8a1ae408db2d67fc309d050b8f24e90257fd910afc11,队列练习走,认知注意与执行功能,口令动作抑制与转换,课堂组织与行为支持,讲话与动作必须同时进行,核心是听说做同步与错误抑制,needs_review,,passed
1002,800,f036041ec48df2e10946032187b76a008aedd66c120e242e499c71ceb157a018,二人对走“独木桥”,基础动作与身体控制,双人平衡木交叉,同伴互动与社会性,两人在交叉过桥时，同时落地重新面对面,重点是平衡木上的交叉协调与安全,needs_review,专业复核,passed
1003,801,0b3f7bb03e0bea985d7b4e734a7eca105378ef177aa32d2fba0ce053d5588478,串联半蹲行,力量与稳定性,下肢力量与蹲行肌耐力,耐力与体适能;同伴互动与社会性,此游戏对提高下肢力量、提升耐力有锻炼价值,持续屈膝蹲行承担主要负荷且正文明确下肢力量目标；队伍同步为辅助要求。,proposed,,passed
1004,802,a288c4e18429231ae686ad4587321c48478e6ef0a141be429a36a1f38731ff65,划小船,基础动作与身体控制,坐姿蹬地移动与全身协调,同伴互动与社会性,一人蹬地提臀伸腿前进，一人蹬地提臀收腿后撤完成移动,主要任务是两人同步完成提臀伸收腿的位移组合；正文足以判断协调移动目标。,proposed,,passed
1005,803,e48f1bd592c8a650451e482b46c02e0c177dd461eb665e6af7b5adb0858432ee,限时模仿跑,耐力与体适能,限时持续跑,基础动作与身体控制,只要求他们在鸣哨前持续跑,成功要求集中于限定时间内持续跑动；模仿跑姿提供参与趣味。,proposed,,passed
1006,804,a0743f2d3613fd0562b01dbd3d55b05b3e8f89f4d507930809042b557791eeb7,四足动物跑,基础动作与身体控制,四肢支撑移动与动作模仿,力量与稳定性,设计并体验多种动物的跑姿,重点是探索并模仿四足移动方式；上肢力量在正文中属于参与基础。,proposed,,passed
1007,805,0134301f9828d0c5f2fb70777202c38355050bfb1a5bb6f85332279a85fc710e,沿线跑,基础动作与身体控制,沿线跑与动态平衡,,跑的过程中身体平衡的控制能力是该练习的特有价值,正文明确把跑动中控制平衡作为特有价值；未设感觉调节目标。,proposed,,passed
1008,806,a0d5931f381c9499726b4facf63e89c768e1cc6f87ca4bf2532b69d445e3679e,蛇形跑,速度敏捷与反应,绕障碍变向跑,基础动作与身体控制,不断改变身体重心，在障碍物之间熟练地绕行奔跑,绕障碍切换重心并以最短用时完成构成变向敏捷训练。,proposed,,passed
1009,807,c551ac0fe655ff7d37e844b5d89ffd34e9249524649d3874845fae1f73c36bb9,“飞碟”跑,基础动作与身体控制,旋转移动与路线控制,,画一条直线让学生尝试旋转跑直线,要求旋转移动仍保持直线路径；正文未提出前庭适应或感觉调节目的。,proposed,,passed
1010,808,21eb166f3b8ab2de539399cc31a9c17b9866bf8e3827c8ff15218ddf04a3a332,节奏跑,基础动作与身体控制,音乐节奏与跑步协调,,观察学生动作与乐曲节奏是否一致,评价依据是动作与变化节拍同步，教学重心为运动节奏控制。,proposed,,passed
1011,809,69dbfddbfe6a9288ceeee4402f840f9f300d0a7ae381245e1e397fcb87df4130,背向跑,基础动作与身体控制,后退跑与动态平衡,,背向跑是一个锻炼平衡能力的好方法,提示围绕参照物和控制平衡展开；流程尾部有残字但平衡目标明确。,proposed,内容残缺,passed
1012,810,bdac81da6911771420b2b0604f7a1f9e2a2bf406509e7490c860a5ce4d5e6824,横着跑(螃蟹跑),速度敏捷与反应,侧向快速移动,基础动作与身体控制,腿部动作由侧跨变为左右交换连续侧向跳跃,以连续侧向跳步完成快速横移并比较速度，归入侧向敏捷训练。,proposed,,passed
1013,811,08f7a1141b0975a9793e7abd024bec2ae6c1f79342633078270825b37129367c,跑一停变换,认知注意与执行功能,哨音规则切换与动作抑制,速度敏捷与反应,比如吹一下哨为跑，连续吹两下哨为停,需要保持哨音规则并抑制跑动；以持续正确反应判定成绩，句尾残缺不影响主目标。,proposed,内容残缺,passed
1014,812,29f82bfb4c08f220d14dd809769205d4eed991456dc95c2df15561693c0ce569,旗语跑(左右方向感练习),认知注意与执行功能,左右辨识与视觉规则映射,速度敏捷与反应,该练习的前提是学生能够分清左右方向,红白旗对应左右移动并逐步撤去口头提示，核心是方向辨识及规则执行。,proposed,,passed
1015,813,21e45f47e5a88b0818549bc82ee1b6c8e158d4a2209f7ceb305fb7d2e6326469,高抬腿跑,速度敏捷与反应,快速跑抬腿与蹬地技术,基础动作与身体控制,该练习的主要目的是让学生了解如何跑得更快,高抬腿和后蹬练习用于改进快速跑，正文已明确速度目标。,proposed,,passed
1016,814,91022f2f5495bf1dad14959b6e2d56a26ad3e2fd019104a4e2571e9a8b67a593,贴报纸跑,速度敏捷与反应,短距离快速跑,教学设计与教练方法,依靠跑动产生的风压将报纸贴在胸前,用报纸保持贴胸引导持续快跑，趣味道具服务短距离速度练习。,proposed,,passed
1017,815,719c8f823ed37645c69313f22adf179e8484076cec341b1927945ab4c990fec5,过障碍接力赛,基础动作与身体控制,跑跳钻绕组合移动,速度敏捷与反应,跳过垫子、钻过跨栏架、绕过标志杆后往回跑,核心任务为连续转换跑跳钻绕的基本移动模式。,proposed,,passed
1018,816,401e2e7ae18c650a35e5006773a0ebaf964f4155652af88e4aebc3765a1a6ecf,滚轮胎,基础动作与身体控制,滚动物体的方向与制动控制,,滚动过程中适时施力以保持轮胎连续滚动,连续滚动及制动和击靶变式均围绕物体操控，追跑为实现操控的移动方式。,proposed,,passed
1019,817,7e01c6d49895b35a569dce80b7769414e9bb6bba86f000e5c96ec9b08460088d,胜进败退,速度敏捷与反应,快速往返与情境反应,同伴互动与社会性,此练习可培养学生快速奔跑能力及学生快速反应的能力,猜拳决定进退节奏，反复快跑及即时反应为正文明确的发展目标。,proposed,,passed
1020,818,0d9c721cb9e3e7323bd3ba9fbe239221b3269c9f922da0a1dcbeafcd87707c98,狮子摆首(两人头顶球传球),基础动作与身体控制,头部顶球与抛接配合,同伴互动与社会性,对方用头把球顶回到斜前方,任务为头部顶回和伙伴接球配合；专项归属未明，球型年龄及头部冲击边界需专业复核。,proposed,专业复核,passed
1021,819,5f2c2a292124509fdabcc84ca5cede4cf30b36e6d3cf23ab0a220b346bf00e08,两人三足跑,同伴互动与社会性,双人步伐同步合作,基础动作与身体控制,两人将挨着的腿用绳子绑住,共同绑腿使同步步伐成为完成任务的关键；需专业复核绑缚方式和跌倒保护。,proposed,专业复核,passed
1022,820,b753fb31561534cea1c59424d52b849befb168f2ebc2f25bf21b896bbede7619,追上前面的他,速度敏捷与反应,叫号启动与追赶跑,认知注意与执行功能,追赶前面一个数“3”的同伴,记号听令后快速启动并追上同号伙伴，比赛主要考察追赶速度。,proposed,,passed
1023,821,5b9d9c577549f3d76f80a20ab290d0b56068c28544f2c80d3c0273aecd8e0bc0,交替“S”形跑,速度敏捷与反应,绕人蛇形变向跑,认知注意与执行功能,3数同学绕1和2数做“S”形跑,按号启动后在人群障碍间连续变向，主要运动任务为蛇形绕行敏捷。,proposed,,passed
1024,822,f6b0bf2f7950d5d81f063a9ad312a0678ee4f4e35d739e4f69e6fb581438622e,抢位置,速度敏捷与反应,信号反应与急停占位,基础动作与身体控制,此练习对学生的反应力及身体控制力要求很高,突然口令触发快速选圈占位及制动，速度反应是主要挑战。,proposed,,passed
1025,823,93bc6636d4ddb80687cf002f45a201ad70c9bb8783f8745c107580497a313153,同心协力,同伴互动与社会性,集体同步移动合作,基础动作与身体控制,以组为单位手拉手形成一个圈，同步向一个目标方向跑动,规则虽简短但要求全组保持连接同步移动，合作协调目标清楚。,proposed,,passed
1026,824,52482d26491d87c4d71845645206db4810aea900b755876d1aec20dd561f46f5,报名抓人,速度敏捷与反应,角色变化与追逃反应,认知注意与执行功能,此练习对学生的反应力及身体控制力要求很高,喊名即时更换追逐者，需要迅速调整跑动和躲避策略。,proposed,,passed
1027,825,3c22c1c74f2fb4bd8cdd4396cff62256357655a79458a7a06d81a27570a825fd,围城救人,速度敏捷与反应,追逃躲闪与营救跑,同伴互动与社会性,可以设法避开追逐者去营救禁区里的人,主要流程是追逃与营救；末句防守者和禁区人员指代混乱且提示残缺，暂按躲闪跑提案。,needs_review,内容残缺,passed
1028,826,53527484b2906a4ba9de59ac8d3f3742914ac0a814ddd6811739cdb08860983c,单人摇绳跑,专项运动技能,跳绳行进跑跳协调,速度敏捷与反应;同伴互动与社会性,本活动有助于培养学生快速奔跑素质和摇绳的协调配合能力,全程边摇绳边跑跳，跨绳与步伐同步是区别于普通接力的技能要求。,proposed,,passed
1029,827,d54070c22cb156b994a50c060dd40cac525cb2110c717fad8728a3dd2860836f,双人摇绳跑,专项运动技能,跳绳双人同步行进,同伴互动与社会性;速度敏捷与反应,两人开始同时边摇绳边跑,两人共绳同步摇动与行进是专项技能任务，团队配合为辅助主题。,proposed,,passed
1030,828,cd12b2dccd2036c26e4410664dcdf1356117cc60dea8369a0339960e04e53fd5,多人摇绳跑,专项运动技能,跳绳多人同步行进,同伴互动与社会性;速度敏捷与反应,多人一起摇绳的协调配合能力,多人共同跨绳行进依赖绳速和步伐协调，明确归入跳绳技能。,proposed,,passed
1031,829,19743fc0b3d5eb23b57ec384cfc014f0c2ef3d4bc9eb0f507f31320e0282b3e8,打野鸭子,速度敏捷与反应,躲避来球与快速移动,基础动作与身体控制,本活动有助于发展学生快速奔跑素质及躲闪能力,正文明确速度与躲闪目标；使用排球击人且缺少击打部位和球体软硬限定需专业复核。,proposed,专业复核,passed
1032,830,08c0c849e155add9cb9088706fd1a78987ed0bab450c39cb4cc2acfff2cce37e,踩尾巴,速度敏捷与反应,追踩目标与躲闪变向,,同伴力争将对方的“尾巴”用脚踩住,在对抗中追踪拖尾并躲避对方，主要任务是快速移位和敏捷应对。,proposed,,passed
1033,831,a1f86e2197d5aee352df49837cbfca22448b00be50f975e7176d41865140382b,跑绳梯,基础动作与身体控制,绳梯落脚与步伐协调,速度敏捷与反应,双脚在不同格内落地,仅保留格内落脚和协调提示，具体步法及要求截断，暂归步伐控制待补全文。,needs_review,内容残缺,passed
1034,832,1bba80a245a79025bc922bab5c704983c37591af3ed1446668c0c85181fb9f80,合作拍球跑,专项运动技能,篮球双人交替行进运球,同伴互动与社会性,两人交替拍球，每人一下跑动向前,篮球拍球高度和交替控球角度是操作核心，合作服务于行进运球技能。,proposed,,passed
1035,833,11e31eeb3a1594d3ec45f819ea8d3285671b9eeacb48cbdbb687311841386a51,夹球跑,同伴互动与社会性,双人夹球同步侧移,基础动作与身体控制,注意两人配合夹球的力度,共同维持夹球并同步横移决定成功，重点为双人协作与协调。,proposed,,passed
1036,834,7d401be360f4acf8140b3a379feab55540ac140cf960cae177a7cd52abe0e9a7,一带一牵引跑,速度敏捷与反应,牵引辅助快速跑,,采用一带一的形式快速跑60～80米,快者牵引慢者完成快速跑，速度训练目标明确；弹带牵引负荷及回弹保护需专业复核。,proposed,专业复核,passed
1037,835,28b66de1c1fcb4c3832e4a5ea5d589b6749f2832b3b196b171b5bf09af393897,抛接球跑,基础动作与身体控制,行进抛接与物体轨迹控制,速度敏捷与反应,边前上抛球边向前跑动,抛球高度和在移动中连续接球构成关键动作任务，使用多种球的变式支持通用操控分类。,proposed,,passed
1038,836,6264bcc7da3a7c9671c7dff00b51aa516c96a23bd2392e079a0dd6c5709448fb,赶“猪”跑,基础动作与身体控制,持拍拨球与路线控制,速度敏捷与反应,保持球在拍的引导下，不离开跑道,用拍拨动地面双球沿路线前进，训练器械操控与移动协调。,proposed,,passed
1039,837,4e1d41602d6b4497b60176b3060f1d43042072771ad54ab0f710b08cd61bafc7,竿不倒比赛,速度敏捷与反应,快速跑与急停启动,同伴互动与社会性,本活动可以提高奔跑、急停启动能力,扶竿交接要求快速到位制动和重新启动，正文直接指出这两项运动目标。,proposed,,passed
1040,838,5eff54443e7d2ac6dd8366fa8f5b60cf83fe23c9a8ba38453626e54469810f0f,穿插追击,速度敏捷与反应,穿插追逐与敏捷避障,基础动作与身体控制,逃者与追者都必须从人与人的臂下逐个穿插前进,在限圈追逐中不断穿越臂下空间，核心为追逃速度与避障敏捷。,proposed,,passed
1041,839,0cc457dd0184e47434067350917efe3d897603df36a31877d25b6b4d6c02de7d,叫号接球,速度敏捷与反应,叫号反应与抢接落球,基础动作与身体控制;认知注意与执行功能,此练习可发展学生快速反应的能力及抛球方位的控制能力,号码触发接落球要求快速响应及移动，抛接控制作为次要目标。,proposed,,passed
1042,840,8e896a582e782836f931bf4fc91d54c587bbdc3f28480f9402f2fa6d4043296d,十次传球,专项运动技能,篮球传接球与抢截攻防,同伴互动与社会性,按篮球运球和传球有关规定进行游戏,运球传球及抢截遵循篮球规则，教学重心是专项攻防；以俯卧撑惩罚失分需专业复核。,proposed,专业复核,passed
1043,841,41f2f8cf5f5fe8199d1a0fdbef9d1d7e45a49848f6203abbe4ef437e1023cc0e,挑战者,速度敏捷与反应,触发起跑与转身追逐,基础动作与身体控制,注意提醒队员的转身变向跑，控制重心,拍掌后迅速转身逃跑和追赶，主要锻炼启动及变向速度。,proposed,,passed
1044,842,39010ff518fce0a5e4c4e117bf4d6d89fc3562fea32c1f12fda704a5ad3bd064,顺线追拍跑,速度敏捷与反应,沿线路径选择与追逃,认知注意与执行功能,要改变跑的方向时，必须在两线交接处进行,受线路约束的追逃需要快速选路和交点变向，归入敏捷移动。,proposed,,passed
1045,843,8f7b66c34ae164f1155a88f13623d46052343b7d60a44626015925cf4329fb22,抢占先机,速度敏捷与反应,绕角快速跑与终点冲刺,,各队第一人按逆时针方向绕正方形跑,统一绕行四角并按到达顺序计分，主要训练快速跑与转角控制。,proposed,,passed
1046,844,caf1a6c9c64a539eb3efb995c2d249291414f8abebe4c7bae89106a75f422421,看谁先跑到,速度敏捷与反应,绕标折返与抢先到位,,跑回占据左侧的方格,绕旗折返后竞速占据方格是主任务；交通教育为附加内容，提示段落存在残缺。,proposed,内容残缺,passed
1047,845,fb0cc8e39675f9a16fcf9dec942e07a1d8e034ad4471e5ee24cc52c58670dd9a,移 动 游 戏1.前后反追逐,速度敏捷与反应,快速跑急停转身,,发展学生在快速跑动中的急停、转身的能力,明确目标是听哨反向追逐中的急停转身；规则要求抓住对手需专业复核接触安全。,proposed,专业复核,passed
1048,846,93aeca913c6bf8f660361dbfb18b25da2d0468326cd38e5760b693b936d0c86b,“大渔网”,速度敏捷与反应,协作围捕与躲闪移动,同伴互动与社会性,发展灵敏素质，培养协同配合能力,追捕者和逃者均需灵敏跑动，连成人网的合作要求作为次主题。,proposed,,passed
1049,847,23b0bbe59680c4a66b6d379948789e7e25dc551cd31c35c10898dce699d82704,“关门”,专项运动技能,篮球防守移动与关门配合,同伴互动与社会性,提高防守技术，培养学生配合意识,限制进入触球区的防守移动与相邻协防构成篮球防守技术练习。,proposed,,passed
1050,848,707e60a38c26783e1fe22c4ae405f3373ea2013c21c3c6e9f7856dfad793a8c7,快跑摸高,力量与稳定性,下肢爆发力与连续纵跳,速度敏捷与反应,提高学生的弹跳力，练习急停和转身的技术动作,篮板摸高与连续起跳服务弹跳力提升，急停转身为组合中的次目标。,proposed,,passed
1051,849,775b1a907d8f4df653c085ee3ce37b3abea8818fb06c2dbc42a39938c3850f06,曲线跑比赛,速度敏捷与反应,集体曲线绕障碍跑,同伴互动与社会性,全队成曲线跑动，依次沿曲线绕过所有的障碍架跑向终点线,绕障碍快速移动是运动任务，保持拉手队形体现集体协作要求。,proposed,,passed
1052,850,4a73857c905750b20f0a12cab6696359ceeda8ae88459c31d2985dd2237c1e5b,圆圈接力,速度敏捷与反应,侧身快速跑,,训练学生的侧身跑技术和发展快速跑动能力,正文直接提出侧身跑和快速移动目标，篮球场提供练习路线。,proposed,,passed
1053,851,6fbec50b0a4ae148594e18619a27c5b45348c98bd287e5780d9e5c59668263fc,跑“垒”接力,速度敏捷与反应,急停转身与连续变向,,提高学生快速跑动中急停、转身和变向的能力,踩垒处切换脚步和方向是核心；持球交接作为接力条件。,proposed,,passed
1054,852,3791f56db242cf2c0fb23414a1122778586736e72646e51e5f5b781d703a4357,空中碰篮板,力量与稳定性,下肢弹跳力,专项运动技能,提高学生弹跳能力,明确教学目标为弹跳提升，连续空中接球碰板提供起跳刺激并兼有篮球控球要求。,proposed,,passed
1055,853,c22065c7f94b782e6f26afcf8726dd53cc4659c3ec83f5e8d7bf076a93464e8d,追持球人,速度敏捷与反应,持球追逃与脚步灵活性,同伴互动与社会性,提高学生脚步移动的灵活性,允许抱球跑的追拍游戏主要锻炼移动躲闪，传给同伴为避开追捕的辅助策略。,proposed,,passed
1056,854,df8a45b80aca59938af601d8dcf7021ed1845ce5035ac6681337b84e25b88467,抢球,认知注意与执行功能,注意保持与信号响应,速度敏捷与反应,听到哨声响后同时去抢球,目标明确为集中注意力，做操或小步跑时监测哨音并及时切换抢球动作。,proposed,,passed
1057,855,21482a2ad0ca2cc8cd9e7c22756cdb4f6f7666939702548f4d8f081d1cab3c30,1.迎面传接球,专项运动技能,篮球原地传接球,,提高原地传接球的能力,规定原地出球并提供胸前头上和反弹等传球方式，专项技术指向清晰。,proposed,,passed
1058,856,6aa597a111020d1b6ffba30f49d2413971793717ad9dac51edcd9d5bbf8c262c,换位传接球,专项运动技能,篮球换位移动传接球,,提高移动中传接球技术,两球回传结合双方跑动换位，核心为移动接应传球；教练提示尾句残缺。,proposed,内容残缺,passed
1059,857,f9f5e355aedb3bb58bedcc91cf39996e42066f6a51b635a0576220e918b2098d,传球追逐,专项运动技能,篮球连续快速传接球,,提高学生快速传、接球能力,圆心与外围同队逐人回传比速度，直接练习篮球快速传接。,proposed,,passed
1060,858,865617d0aec982067a7a03ce969d34de26f40d4afc9e9e4dbdca8f1d585d86b7,传球比多,专项运动技能,篮球对抗传接球与抢断,同伴互动与社会性,提高学生在对抗中快速传、接球的能力,在防守压力下完成连续传球并限制运球，主要锻炼篮球对抗传接选择。,proposed,,passed
1061,859,e888c127033e429755421788ff09ba561e42de07a398e359461a63ab4cf0c2fc,打“龙尾”,基础动作与身体控制,快速传接与投掷准确性,速度敏捷与反应;同伴互动与社会性,提高学生快速传接球的准确性,传接后投向龙尾并躲闪属于通用控球目标；篮球与排球器材表述冲突需确认专项归属及击打安全。,needs_review,专业复核,passed
1062,860,7d26d3ea02948f4232db5592de7d62a8e888cd0fae73651f9132052c9318f661,两人传三球,专项运动技能,篮球多球单手体侧传接,速度敏捷与反应,两人用3个球做原地的单手体侧传接球,三球持续运转要求熟练掌握单手体侧传接和快反应，专项动作与前置水平明确。,proposed,,passed
1063,861,05292ae5b46dc4223d53a7e48a838f49936f072d6e1da40a5a79fe1d36644b1c,两传一抢,专项运动技能,篮球隐蔽传球与防抢断,,使学生掌握隐蔽传球技术，提高传接球动作速率,限制高吊和中轴脚移动，在中间防守压力下练习隐蔽快速出球。,proposed,,passed
1064,862,2d4b5d2029f691ccac371474505c1ae5e07c3e3a9db51a05adcee511a5875472,传球触人,专项运动技能,篮球传接配合与触人追逐,速度敏捷与反应,提高快速传接球的能力和灵活性,用传球推进追逐且限制运球走步，归篮球传接；触及究竟是持球轻触还是投掷击人表述待核。,needs_review,专业复核,passed
1065,863,4cdd8a44102d2d2c4656e468733ea2ace5aef856a75ea65dd2c4f3b0e1268b01,传球接力,专项运动技能,篮球定点传接与运球衔接,,可规定不同的传球方式进行此游戏,运球到圈内后按规定方式传给队友，反复轮转练习定点传接和运球连接。,proposed,,passed
1066,864,5e8cab3be47f6ce2b2bc1dcd487bf7194a4f261ed48b2453c16c6cc675a10414,活动篮筐,专项运动技能,篮球移动接应与传球判断,认知注意与执行功能;同伴互动与社会性,提高观察判断和快速移动中传接球技术,移动人筐提供动态传球目标，重点在移动中观察和传接应用。,proposed,,passed
1067,865,35b0bc6e29addc17293cd61b8559183c31ab90d2e69eb8fcc74e93a5ffc17dbd,角篮球,专项运动技能,篮球移动传接与进攻组织,同伴互动与社会性,提高学生在快速移动中传、接球技术的准确性和运用能力,通过传球联系场角接应点完成得分，侧重攻防情境中的准确传接。,proposed,,passed
1068,866,e59a57d5db6d1aaf2efc7c76848063cb5e1ff557530513c1113d8f5de8a3545a,投 篮 游 戏1.罚球比赛,专项运动技能,篮球罚球技术与命中率,,提高学生原地投篮技术动作的质量和命中率,依罚球规则循环投篮计命中，主目标为定点投篮动作质量。,proposed,,passed
1069,867,61ef5c5d3927cadac46bce17424c4b9baee163276d87a2dfc072c2c6caf018ce,上篮积分赛,专项运动技能,篮球接球上篮与补篮,,接球后直接上篮，不得运球,要求接回传球直接上篮并按首次命中与补中计分，专项目标明确。,proposed,,passed
1070,868,27a9d54a0b245ca0a7f63bba338c3d1c8786fe5359499733af9b48d5c6f421aa,抢投30分,专项运动技能,篮球快速跳投与罚球,,提高学生快速投篮的能力,交替跳投及罚球累计得分比完成速度，练习快速出手和命中。,proposed,,passed
1071,869,573a21df828e8dff975631451f9e703fb7af063cb1659cf1976f920774a50153,3分领先赛,专项运动技能,篮球三分投篮与竞争压力,情绪与心理支持,锻炼学生心理素质，提高3分命中率,核心为三分线外轮流命中竞赛，竞争压力属于专项表现的附加心理情境。,proposed,,passed
1072,870,cc7f122254bd1e746c368a16c8e168ebafbceaf4cbaae387694bc19d6b0804b1,投篮升级比赛,专项运动技能,篮球多角度定点投篮,,帮助学生在不同角度不同距离的投篮中改进动作,逐点投中再升级的规则服务不同投篮位置的动作调整与命中率。,proposed,,passed
1073,871,7ad1acbed39673fd9be5210393af35c7264c4d3b773380e4e1588027734c80b8,换球上篮接力,专项运动技能,篮球快速运球上篮,,提高学生快速跑动中运球上篮的能力,换球后继续运球并上篮，主要练习高速运控与终结衔接。,proposed,,passed
1074,872,cfabfb31693917991d7221bec7fde5572a6deb7d55fa99551e9bc2abe2ac6c43,投得快投得准,专项运动技能,篮球长传接球上篮,,提高学生快速移动中接球上篮能力,长传后接球直接上篮获得较高分，训练接长传与快速上篮连接。,proposed,,passed
1075,873,775f507ff231727dcd9f1bfe79a03a034f9b9c27d0706aa6b2029610bff635d3,连续接球急停跳投,专项运动技能,篮球接球急停跳投,,提高学生跳投的命中率,侧身跑接传球后急停跳投并累计命中，主目标为动态接球后的投篮技术。,proposed,,passed
1076,874,bb3bba86c9b7f63f7284274df1b309945ee970259b3e1fd89cace835d41abef6,攻守投篮,专项运动技能,篮球双球攻守转换,认知注意与执行功能;同伴互动与社会性,两队同时在场上传球、运球、突破,双球同时攻守需要运用篮球综合技术并随时组织反攻，灵敏应变嵌入专项比赛。,proposed,,passed
1077,875,3d2c3851b66c52a109a8029f1f043f667600a3e52a5082e06f66a5495ea5096d,1.运球追逐,专项运动技能,篮球指定手运球追逐,速度敏捷与反应,换另一只手运球追逐,追逐全程保持指定手运球，专项控球质量是成绩成立的前提。,proposed,,passed
1078,876,1cfa247d7278ed2f1b844090187253dd20ee6d57825d20ee83d28c0a46978195,“三国演义”,专项运动技能,篮球连续变向运球,,提高运球变向技术,逐个营地踏线并变向运球，故事名称提供场景，主任务为篮球变向控制。,proposed,,passed
1079,877,d206b76a65eeba083a524feabcb418266a47e5caa3ebd9fc64ce9f47eb871d9f,“春种秋收”,专项运动技能,篮球低运球与俯身控球,,推瓶或扶瓶时，另一只手必须同时做低运球,俯身推扶瓶时仍连续低运球，训练在附加操作中的运控稳定。,proposed,,passed
1080,878,79d02d12e2e7358a5c84b1f7526330383f2df35dd3b701a55a8d8225e6e216d7,对抗出局,专项运动技能,篮球身体对抗中运球保护,,提高学生对抗中的运球能力,边运球边用肩挤出对手的规则指向对抗控球；挤推强度和失衡风险需专业复核。,proposed,专业复核,passed
1081,879,a25d0160d4b441170a7f793ea9a02e86158374b0a33dacddf6e6b5f8945f87ec,运球绕场跑,专项运动技能,篮球快速绕障碍运球,,必须运球绕障碍架跑,沿场绕障碍运球比完成速度，核心为快速带球控制；器材球数与四组排头配置不一致需核对。,proposed,器材信息矛盾,passed
1082,880,d8ae218d691bf63379903991c24aad03a759fe4091cd5447a330bd19c94e0d5c,运球相互拍打,专项运动技能,篮球运球护球与断球,,帮助学生熟悉球性，提高控制球和保护球的能力,保持自身运球同时拍打他人球，训练控球保护与干扰下稳定性。,proposed,,passed
1083,881,0892fa279b8c411002a9fca8d27d051b9d5ca07fc40ef493416c228bf610ed82,“死”球变活球,专项运动技能,篮球指腕拍按与起球控制,,发展学生手指、手腕拍按球的能力,用指腕拍按把静止球逐渐拍起成为高运球，训练篮球手法控制。,proposed,,passed
1084,882,087a55add05597fe6035ebe4173fca62d74d9bac7743eb805fac1c022ba8125e,运球沿线追拍,专项运动技能,篮球运球急停转身,速度敏捷与反应,提高学生行进间快速运球以及运球急停、转身的能力,听哨反转追逐时持续运球，重点是控球条件下的急停转身。,proposed,,passed
1085,883,f5fa9c758f7fcc589be5ea07d3ab04dd2631c3f5be5d0cc2a57dd987e0ee6151,迎面运球接力,专项运动技能,篮球行进间高运球,,使学生掌握行进间运球技术，提高运球速度,指定高运球跨场迎面接力，主要锻炼行进间快速运球。,proposed,,passed
1086,884,4f1e82615d166e4fb3d8defcf5d19d346968e0d51030930efe90acf9ed7e5488,变向运球接力,专项运动技能,篮球体前变向换手运球,,依次在障碍物处做体前变向换手运球,要求在固定节点体前换手并反向返回，关键为变向运球技术。,proposed,,passed
1087,885,cbc14efb485bad3fa1c8852ddd788551cb92f5e13d3e14137f8f38448f3347f0,运球突破接力,专项运动技能,篮球运球突破动作组合,,可有意识规定多个不同的运球动作组合起来进行游戏,立柱前以规定动作突破并可组合多种动作，专项运球突破为主要教学内容。,proposed,,passed
1088,886,62e25211b0ef1e958e70ed2577c6bcd363b738aa36903b78d5e58fb94fd7bc41,运球见线折回跑,专项运动技能,篮球折返运球与动作转换,耐力与体适能,发展学生在快速运球中变换动作和控制球的能力,逐线折返要求快速切换运球动作且保持控球，反复往返构成次要体能负荷。,proposed,,passed
1089,887,4f7a6ecdf3b05005be6bae2d2f98b92b5b2f959befa1aab41cbe5e1eac5e1baa,运两球接力,专项运动技能,篮球双手双球控制,基础动作与身体控制,排头队员左、右手各运一个球到中线,双手各运一球及双球推回练习双侧控球，适用运球已有基础的学生。,proposed,,passed
1090,888,62351a6902e33f56a51ba0da943237b2517b75f7416386f3866b309e409b34a3,“有轨电车”追逐,专项运动技能,篮球抬头观察与变向运球,认知注意与执行功能,养成抬头运球的习惯,线路追逐迫使学生抬头观察堵截并随时变向，核心是带观察的专项运控。,proposed,,passed
1091,889,37c07d296d339774315d43203f2a8e1280d9026c6a611b15bfdf057a0e286a30,1.跳越绳球,速度敏捷与反应,移动障碍判断与起跳反应,基础动作与身体控制,培养学生的灵巧、协调及反应判断能力,判断旋转绳球到达时机后起跳是主要挑战；抡篮球及竹竿替代涉及击伤缠绕风险需专业复核。,proposed,专业复核,passed
1092,890,c0eaa9bb3ef6f9b935fedd7b9e3a05e1785937ffafe83d2f0f838308abf2113c,你抓我救,速度敏捷与反应,追逃营救与躲闪反应,同伴互动与社会性,提高学生的跑动速度和灵敏、反应、躲闪能力,明确目标为追逃中的速度反应，营救为协作形式；抓住才有效的规则需专业复核接触边界。,proposed,专业复核,passed
1093,891,2d8c7be82c7315dc3d77d1948eb05a1627f52cb094a64b9ba66c6998d43139a8,追捕,速度敏捷与反应,受限姿势下追逃移动,基础动作与身体控制,提高学生的移动速度和灵活性,被触后按住身体部位继续躲避，任务聚焦受限动作下的灵活快速移动。,proposed,,passed
1094,892,c07d58af5e3476f4168768f446dfa8cffe0e2635176887fafa6c1d916c2a1264,追球比赛,速度敏捷与反应,叫号起动与落点观察,专项运动技能;认知注意与执行功能,提高学生的反应和起动速度，提高观察能力,听号后启动抢接反弹球是明确教学目标，篮板与传球为反应竞赛的载体。,proposed,,passed
1095,893,dc03b0f3556333ebe165715af3bb1b41dba1d711a360bc8bbe3d3c77b6f38f35,“鸭步”接力,力量与稳定性,下肢力量与半蹲行进,基础动作与身体控制,发展学生下肢力量和协调性,持续半蹲鸭步往返承担下肢力量训练任务，姿势正确性列入成绩要求。,proposed,,passed
1096,894,3a8876ac2102e965c9188245537f1b9f027707621deb1e492fea009ce01d7daf,火车赛跑,力量与稳定性,下肢单脚跳力量,同伴互动与社会性;基础动作与身体控制,提高学生的下肢力量和动作的协调性,保持单脚支撑同步跳进，主要强化下肢力量并辅以集体协调。,proposed,,passed
1097,895,918b12dbcc6dff31e7c66795af5bf38e8c33d2ddff37446cae9b7aec4ca158b6,夹球跳接力,基础动作与身体控制,双脚连续夹球跳,力量与稳定性,提高学生的双脚跳能力和下肢力量,夹球连续双脚跳是首要动作任务，力量目标与之并列作为次主题。,proposed,,passed
1098,896,afe2c0888c2b01b8b2389531152fc90f067e0aa596fada86b1a0871bde0b1cd1,摸高比赛,基础动作与身体控制,助跑单脚起跳技术,力量与稳定性,提高学生跑动中的起跳能力，改进跳起技术,目标明确强调跑动起跳和技术改进，摸篮板为起跳练习的高度参照。,proposed,,passed
1099,897,759c93ada024aae49a6a6a256a321b13428fc6f34668107eff58585299a19d48,地滚球比赛,力量与稳定性,下肢与腰腹力量,基础动作与身体控制;同伴互动与社会性,增强学生的协调能力和下肢及腰腹肌肉力量,按明示目标暂归力量，但规则主要呈现地面传射攻防且缺少负荷说明，需复核目标与流程匹配。,needs_review,目标与流程匹配待核,passed
1100,898,3e0d9fec76f4228ac7d0ec1e0f7eff047dbd842fbf5750804b9e0aca2e1aaa4a,“橄榄球”比赛,速度敏捷与反应,对抗奔跑与变向躲闪,同伴互动与社会性,提高学生在对抗中快速奔跑和变向躲闪的能力,改编持球攻防主要训练奔跑躲闪；正文限定成年且允许顶离，儿童教育使用边界需专业复核。,proposed,专业复核,passed
1101,899,de14ee00ed9269794221147b0657001d8067a19bf406967fc03bc091d959cfd1,齐心协力,柔韧与活动度,前倾姿势与下肢活动度,同伴互动与社会性;基础动作与身体控制,提高队员的柔韧性和协调能力,按明示柔韧目标暂归；流程更偏双人同步移动且搂颈受限姿势缺少活动度说明，需复核归类及安全。,needs_review,专业复核,passed
1102,900,d78b6cfe42206ddf2dcc0321e8f720bbad907c3d17841f56248a028641338775,抬“木头人”,力量与稳定性,腹背等长紧张与躯干稳定,同伴互动与社会性,增强学生的腹背力量和持续的紧张力,目标是仰卧挺直时维持腹背紧张；托头把同伴抬成立姿存在颈部受力风险需专业复核。,proposed,专业复核,passed
1103,901,da5342904ebf5e47aebe760b7dce11507c3968bb710615b70e5ca676ed024e01,救助伤员,力量与稳定性,下肢力量,同伴互动;课堂组织与行为支持,增强学生的下肢和腹背力量,主要目标是负重移动中的下肢与躯干力量,proposed,,passed
1104,902,31d92a27d1c21fb3d838b871e212d85f27ce2d005d1709ae9d91f0e487dd5a3e,突围,力量与稳定性,全身对抗力量,同伴互动;速度敏捷与反应,提高学生的对抗力量、反应和灵活性,主要训练对抗力量并辅以反应灵活,proposed,,passed
1105,903,b7d4ae407daabe0da230a90a9e06aab6a6c17eaf01166b309830095b51f146b4,“矮人”接力比赛,力量与稳定性,下肢力量,速度敏捷与反应;同伴互动,增强学生的下肢力量和半蹲跑能力,半蹲跑接力的核心是下肢力量,proposed,,passed
1106,904,383d0ee5c665ff757c49c720ed7e6a4cbb9d711d9b1152eed3dd7ab2086e4d3c,1.与口令相反的动作,认知注意与执行功能,抑制控制与规则转换,,集中注意力,以听口令做相反动作训练抑制与转换,proposed,,passed
1107,905,9a31601fa441fdb4e587c9f7a8e005957eb7f27171b15783be29452881983eb3,发“电报”,认知注意与执行功能,听觉注意与信息传递,同伴互动,集中注意力,主要解决听取并准确传递信息,proposed,,passed
1108,906,b4b0454a4ec02f26a6f24be213b3688c9c1070e77968d74a08fe8e240e9f8d2b,“金鸡”独立,基础动作与身体控制,单脚平衡与姿势控制,认知注意与执行功能,平衡站稳，提膝过腰,核心是闭眼单脚姿势控制,proposed,,passed
1109,907,f351bba17b57fe5ad2af387511525546aaf347bbfabeb837e45010d4d6703bdd,听数“抱团”,认知注意与执行功能,听觉反应与数量判断,同伴互动,集中注意力,听数后快速完成对应人数抱团,proposed,,passed
1110,908,89d44a54eac8dbadfefffab7def204616e09e5296f9fff45e64c2fbc37ea25c0,绕队快跑,速度敏捷与反应,变向跑与路线控制,认知注意与执行功能,集中注意力,主要目标虽写注意力但任务是循环快跑与路线执行,proposed,,passed
1111,909,19dee0305688e388fbc39bba25f69afe0693e25b36620f1fd5a291ff670d4eee,同手同脚,基础动作与身体控制,协调与节奏控制,认知注意与执行功能,集中注意力,同手同脚行走强调手脚协调和口令转换,proposed,,passed
1112,910,790f416dd5fee0a0f3ea6d1c40abc640dc7014c6ba072a6e070907791a7562ec,跑动报单、双数,认知注意与执行功能,序列注意与数概念,速度敏捷与反应,集中注意力,核心是按奇偶序列报数并完成队列轮转,proposed,,passed
1113,911,acfcbcf197e683734abab91f51202cf360286269549ede89290f40069cbd7e26,双人抢球,认知注意与执行功能,信号反应与手眼协调,速度敏捷与反应,听到哨声响后同时去抢球,主要解决信号反应和抢球时机判断,proposed,,passed
1114,912,4b8441126cbd767dabf5c6596d4154fb16b3f8c7d00d9c7f8c4a1f50a62e33a4,“大象”走路,基础动作与身体控制,四肢协调与支撑移动,力量与稳定性,手脚配合协调,动作顺序和四肢支撑移动是主要教学目标,proposed,,passed
1115,913,2c848013b0c7681222e3b18dbdc5e3f70644b4a10aa6753c4d48ad923caa05b9,不对称动作,认知注意与执行功能,双侧协调与动作分化,基础动作与身体控制,集中注意力,不对称动作要求持续注意和双侧分化,proposed,,passed
1116,914,3a96851deda19ee6f6eba0567181918e13df32422e4c949185a9046fc29b5ab8,抓手指,认知注意与执行功能,反应抑制与触觉反应,同伴互动,集中注意力,口令触发抓取和撤手反应是核心,proposed,,passed
1117,915,e7f856064a249343b7948b33a1367762335fa8601bd5c6023bca6d0e86a0481a,找硬币,认知注意与执行功能,观察判断与记忆,同伴互动,集中注意力,通过传递和假动作判断硬币位置,proposed,,passed
1118,916,c0f23cfe64797e36571c87b09f388ba14570e6ea1fdfea631cdc98e73bee91c1,报“奥运会”项目,认知注意与执行功能,快速联想与动作模仿,基础动作与身体控制,放松,报项目并匹配代表动作是主要任务,proposed,,passed
1119,917,11451396e944422d97622f9c45415de8635b57c68b8494451db45965ddf91f2c,抓耳、鼻,认知注意与执行功能,听觉转换与双侧协调,基础动作与身体控制,放松,击掌信号触发交叉抓耳鼻动作,proposed,,passed
1120,918,f5e38bbecdf03eda11ea9b5d1b7788f8dafba98f78991bc3541c97e9cae67e30,追同伴,速度敏捷与反应,追逐与竞走,认知注意与执行功能;同伴互动,追赶前一个2数学生,主要训练竞走中的追逐反应,proposed,,passed
1121,919,c2e6176bd795e86c18c67ce40c0dd3ff798ee2d5afab320db59e20436a1e938d,报球名,教学设计与教练方法,模仿教学与球类认知,专项运动技能;认知注意与执行功能,报各种球名代替报数,内容以球类动作模仿和连续带领为主,proposed,,passed
1122,920,017b39822c40ad83411dd0c0a83de57adc9fccb425073297d68519cd8fa8e270,哈哈一笑,认知注意与执行功能,数序抑制与动作表达,情绪与心理支持,报到3或3的倍数时,核心是数序规则下的反应抑制,proposed,,passed
1123,921,47d401aa9193f161e57b0df6c5bfbe7095c692b0a544373c85dfa4a7d6c90c68,猜“领袖”,情绪与心理支持,放松与群体互动,认知注意与执行功能,一起做放松动作,主要目标是放松状态下的观察和群体跟随,proposed,,passed
1124,922,108576218a29beb0ad4eaff1e17812e7637a05c06cad3d7ee786965ca5b0fd28,“巨人”“高人”“矮人”,基础动作与身体控制,姿势模仿与身体控制,认知注意与执行功能,学生按规定动作做该动作两个八拍,正文流程不完整，主要内容指向口令下姿势模仿,needs_review,,passed
1125,923,c889f995319212706389e72732ad66d2505fcbf2596b4df2bb1393c3b0ed5b38,闭眼投篮,安全防护与健康边界,闭眼投篮风险,专项运动技能;安全防护与健康边界,双眼蒙上，并让他原地持球转三圈,闭眼旋转后投篮存在明显安全与适龄边界,needs_review,专业复核,passed
1126,924,d0a78deab2b537db9969718bf5a65ec9b5b5d2843d8643c5ebc033272da8914a,“抓”笑,情绪与心理支持,情绪表达与群体互动,认知注意与执行功能,开始哈哈大笑,主要目标是放松和情绪表达传递,proposed,,passed
1127,925,fafc55665f48ccf25205e4a42b13b6a96cddc39e921fa1390b0795de78f7a100,矮人竞走接力,力量与稳定性,下肢力量与髋活动,柔韧与活动度;同伴互动,发展学生的下肢力量、髋关节灵活性,深蹲行走同时涉及下肢力量和髋活动,proposed,,passed
1128,926,2742f1c5267bd521d0936a27d80ab4e4198af67baaa4f85c793805229e81929c,往返竞走接力,专项运动技能,竞走技术,速度敏捷与反应,巩固学生的竞走动作和发展竞走速度,正文直接以竞走动作规范为主,proposed,,passed
1129,927,d49294cb3af95aa385adbc469e23b46eaf8abe7abd5c97c7a5c52487dc6a840b,脚跟走往返接力,基础动作与身体控制,足部控制与协调,力量与稳定性,发展学生的身体协调性,脚跟走要求直腿和足部控制,proposed,,passed
1130,928,da25ea34618b226279713b5cd126273f438e55998533fa7360dac1f541bdef4d,脚内侧走接力,力量与稳定性,踝足力量,基础动作与身体控制,发展学生的脚踝力量,主要目标明确为脚踝力量,proposed,,passed
1131,929,c4c6d8cb9b544c21d80b43fb3a00a40b1a9a51991a65418e4d1fe8a9d17e3b6c,外八字走迎面接力,基础动作与身体控制,步态协调与活动度,柔韧与活动度,特殊姿势走的协调性及身体柔韧性,主目标为特殊步态下协调与柔韧,proposed,,passed
1132,930,02b0b597acc4ea671c06b01c0e23bef93f804c89fd6d7b1add2793b52fda220c,平衡木走迎面接力,基础动作与身体控制,平衡能力,安全防护与健康边界,发展学生的身体平衡能力,平衡木通行直接训练平衡,proposed,,passed
1133,931,5a1a0a5a1e53c7f8e82e28a0c2b70782c17479b3a591bc15a35831e5cf29cd4f,三人同进走接力,同伴互动与社会性,多人合作与同步,基础动作与身体控制,发展多人的合作能力,三人手臂相挽同步行进以合作为主,proposed,,passed
1134,932,c896f18d3e46cbdca92e6981e2142b7e48036a1a83bd40112d7c61b056b384c1,二人三足走接力,同伴互动与社会性,合作协调,基础动作与身体控制,多人的合作能力与协调性,绑腿接力核心是协同步调和合作,proposed,,passed
1135,933,6c910a08c0b72d349b7c0fdf4df86058b3a2eaed97dff4ac9e976bb8f87a6187,同步行,基础动作与身体控制,同手同脚协调,认知注意与执行功能,提高学生自身的协调性,口令切换下训练手脚协调,proposed,,passed
1136,934,76772265746c66c7576b5b1c64973fa455ea2acdff1d2dad6971a21e880191e5,推小车,力量与稳定性,上肢支撑力量,同伴互动,两臂支撑力量,推小车直接负荷双臂支撑并要求合作,proposed,,passed
1137,935,0389a74bccad1cd66d6785c8b220b6d01e3cf752609a3f324a19fdde147f14cb,你追我赶,专项运动技能,竞走技术,速度敏捷与反应;同伴互动,提高竞走技术,主要是竞走姿势中的追赶和速度,proposed,,passed
1138,936,41de7e9c219aefb5896ce5ab8fd834f02ac7b3b5fff50627b3b7b8239b0e88f9,竞速倒退走.,基础动作与身体控制,倒退走与平衡,力量与稳定性;安全防护与健康边界,提高平衡能力,倒退步态同时训练腰背力量、协调和平衡,proposed,,passed
1139,937,8d75b749b83b3cf0f303f847da52e9227bf9c1bff3140c104b907af5546f49ad,头顶轻物走迎面接力,基础动作与身体控制,负重平衡,基础动作与身体控制,发展学生身体平衡能力,头顶轻物行走的主目标是平衡控制,proposed,,passed
1140,938,5fe1331026cc48791354d10f79090b38c30a3b466ea4281e530ffc741ef4e979,手持轻物走接力,基础动作与身体控制,手眼协调与平衡,专项运动技能,身体平衡能力、协调性,拍面托球行走主要训练平衡和手眼协调,proposed,,passed
1141,939,568f49835a2efadf421976f2cd041cb2650fa26d94881e7895e0f5a5bf20d0a8,持哑铃走迎面接力,力量与稳定性,上肢力量,基础动作与身体控制,发展学生的手臂力量,侧平举持哑铃行走直接训练手臂力量,proposed,,passed
1142,940,c3ee9e536e1596dc0367d8deae2bdb97a417a49a23cd62b5017521fbeb0b682d,蚂蚁运粮,基础动作与身体控制,仰撑移动与协调,同伴互动;力量与稳定性,烘托课堂气氛及培养团队精神,形式是团队接力，动作核心为仰撑移动,proposed,,passed
1143,941,01008641b64c8948b77b36cc44da83948487936ddc8b3faf735a87df6893b3db,踩石过河,同伴互动与社会性,团队合作与空间规划,基础动作与身体控制,培养团队精神,共同使用垫脚石过河以合作和空间规划为主,proposed,,passed
1144,942,ddeb9aaefb8f79cf8d98ac433306ae70df29e94eb491ef4b7f567d06fc5aaf14,滚雪球,同伴互动与社会性,团队协作与自然游戏,情绪与心理支持,团结进取,正文核心是自然环境中的团队协作游戏,proposed,,passed
1145,943,515dad86e344cbadf24302ffa5c52cabc523457ce5c49619381b114fa64ad092,看谁打的准,专项运动技能,投掷准确性,力量与稳定性,发展学生上肢力量和投准练习,主要解决投掷准度并兼顾上肢力量,proposed,,passed
1146,944,edae766f0cc0129b2aee89b40cb5071c1ecbbc92e6b4a43f428946f34b0b4c8b,高抛击球,专项运动技能,投掷击球与判断,速度敏捷与反应,提高投掷能力和判断能力,高抛目标要求判断时机并投掷击球,proposed,,passed
1147,945,339dbc2902490f2ef53684f95fcb27b476f60caf1f7125cb885c5def5690c749,堡垒保卫战,专项运动技能,投掷准确性与防守反应,速度敏捷与反应;同伴互动,发展学生投掷、反应能力,进攻投掷和防守拦截共同构成任务,proposed,,passed
1148,946,0f616fbf9ac13a34d2a8bed117fbb81731ae93463a47270be42a34b42917c2cb,保龄球比赛,专项运动技能,地滚球投掷准确性,力量与稳定性;同伴互动,增强学生的上肢力量和团队精神,主要是滚实心球击倒目标,proposed,,passed
1149,947,a7f7174071bc4bf706eb7db675b6994ac07b98f5486856fb5b529fe7c6d89c7c,四面埋伏,专项运动技能,投掷准确性与闪避,速度敏捷与反应;同伴互动,提高投准能力,攻守投掷和防守闪避构成核心,proposed,,passed
1150,948,26917f274c6b55764d595fbc1d428478677ac36b91ed638555a69b4550f32410,击水瓶,专项运动技能,投掷准确性,力量与稳定性,提高掷准能力,沙包击瓶以投准为主并兼顾上肢力量,proposed,,passed
1151,949,7a48edf8bf582cd0643700c19c02cb4792b5a24acbad0cf47b382eb7238ad33d,打野鸭,速度敏捷与反应,投掷闪避反应,专项运动技能,发展投掷能力和灵敏素质,主要问题是躲闪投掷物并快速反应,proposed,,passed
1152,950,8ded3385ebd60634fc435313a09ad914a16a93a725664d094af1961f65cd9421,打龙尾,速度敏捷与反应,群体躲闪与灵敏,同伴互动;专项运动技能,发展学生的灵敏性,龙身移动躲球以灵敏和协作为主,proposed,,passed
1153,951,235e2c2e27f0fe7b192843fa383136d34f8cd5aea733a184808ed666aba56da7,打雪仗,专项运动技能,投掷与团队对抗,同伴互动;安全防护与健康边界,提高投掷能力,雪地攻守投掷是主要教学目标,proposed,,passed
1154,952,f446095ac0bea2ed036455b70e29e9a818b84d4f4d006d220ea0d2ed5d648721,冲过火力网,速度敏捷与反应,跑动闪避,专项运动技能;安全防护与健康边界,发展学生的灵敏性和奔跑能力,核心是跑道中快速通过并躲避投掷,proposed,,passed
1155,953,badff4b64fda230049af3b37406887f8cc000b8b13027144ed513becc6aeafa5,看谁投得准,专项运动技能,投掷准确性与动作规范,力量与稳定性,发展学生上肢力量和投掷能力,按指定投掷姿势命中目标,proposed,,passed
1156,954,9c27c1779766ea16edf76ec43d11ddd70cb384dbeceb9f2d911e303afa8607aa,沙包投准,专项运动技能,投掷准确性,力量与稳定性,发展学生掷准能力,沙包入箱的得分完全围绕准度,proposed,,passed
1157,955,33cb0b1787ca3b733ff8aa4539a2c0ba55a6367b18bf7f836df324378b9a8b5d,打墙靶,专项运动技能,投掷技术与准确性,力量与稳定性,发展投掷能力和投掷准确性及投掷技术,靶墙投掷同时练技术和准度,proposed,,passed
1158,956,74dd02f2403b7d95a91add756410571e3b0d981c003427c79f5a3352a9a08e8b,旋转掷准,专项运动技能,铁饼旋转投掷,基础动作与身体控制;安全防护与健康边界,训练学生的旋转和变向能力,旋转是服务于铁饼投掷动作的专项技能,proposed,专业复核,passed
1159,957,f1302a1c7f1c5a69720a809798f26f62dcd77b05e037810e52aee3f92e6fd005,铁饼掷准,专项运动技能,铁饼投掷,力量与稳定性;安全防护与健康边界,掌握掷铁饼技术,核心是投掷技术和上肢力量,proposed,专业复核,passed
1160,958,a2db277f93c422b71a2a9e405e4c9802c277a5507c27f4e18b6c60fa45248cbb,枪刺野兔,专项运动技能,标枪投掷准确性,安全防护与健康边界,发展学生投掷能力，掌握投掷技术,标枪投准是明确专项目标,proposed,专业复核,passed
1161,959,d3ec7bd74b9a022a1f4721dbc62249a6b564279f0ecde52d83e8e85106303a8c,滚饼入门,专项运动技能,铁饼出手顺序,基础动作与身体控制,掌握掷铁饼的出手顺序,内容直接教授铁饼出手顺序,proposed,专业复核,passed
1162,960,c53b64417ebf55c46d5636d849fd99917f4b214d7a0cfd769fd05ea606f12b02,投方格,专项运动技能,投掷准确性,力量与稳定性,提高学生掷准能力,方格计分直接训练落点准确,proposed,,passed
1163,961,fea557915a4c540699b578e894314c51fcb4bec36f2eff8b7533bf91fc3e7f26,击球出圈,专项运动技能,投掷准确性,力量与稳定性;同伴互动,提高学生投掷能力,击球出圈以目标投掷和团队得分为主,proposed,,passed
1164,962,05bc74e3e6bccf9e9dfe077e49d3d2f0c82ff28037691561f31a55e0147bb3b3,手榴弹打靶,专项运动技能,投掷准确性,力量与稳定性,提高掷准能力,同心圆靶位计分突出准度,proposed,,passed
1165,963,28f0fa40c7de00f0adce3a4b39eeb331750a2b95f7dc459646bac7f51c6509af,小链球掷准赛,专项运动技能,链球投掷准确性,力量与稳定性;安全防护与健康边界,提高肌肉控制能力和掷准能力,绳球抡转投靶需要专项控制和准度,proposed,专业复核,passed
1166,964,3be08885a7a0aa6796f30132cd92b1aee2c6728f3a1a8c8d85467de1b1cf9a68,投重物接力,专项运动技能,投掷远度与力量,力量与稳定性,发展学生上肢力量和投掷能力,交替投掷远度的主目标是力量性投掷,proposed,,passed
1167,965,334ca778346d092202a6f8570522b53daa15a9ddbc04454d1c7a6d097e3da224,抛球比赛,专项运动技能,投掷远度,力量与稳定性,提高学生投掷能力,以实心球抛远计分,proposed,,passed
1168,966,bb6bbd5f6d1271d4b3339514a7bdf7ed5dde773f48ed1947651fbf892abaffb2,轻物掷远,专项运动技能,轻物投掷远度,基础动作与身体控制,发展学生投掷技巧,主任务是轻物远投与出手技巧,proposed,,passed
1169,967,26fed384fa1cb37e74d21c43775628d0b52b215439162fb3015e0912de33b078,推球比赛,力量与稳定性,上肢推力,专项运动技能,增强学生上肢力量，发展投掷能力,原地推铅球的力量训练是主目标,proposed,,passed
1170,968,4f540f026c26ddaf8300bffcf09d6f32fb2dd9b8615c56b54a74e85ba7a28857,抛球过河,力量与稳定性,上肢推掷力量,专项运动技能,增强学生上肢力量,双方持续抛掷实心球以力量为主,proposed,,passed
1171,969,b001148a7a33b015c156239589b4a72ac574bacdebae4c8ceafabc7d4fe836c3,推铅球掷远计分赛,力量与稳定性,推铅球力量,专项运动技能,发展学生力量素质,推铅球分区计分的核心是力量性专项,proposed,,passed
1172,970,3b30e52ad2f938bd4a07ddc6257e90b5826e1882279153a0e770e00cdb0005a0,实心球掷远,力量与稳定性,上肢投掷力量,专项运动技能,增强学生上肢力量，提高投掷能力,单手肩上掷远兼顾上肢力量和技术,proposed,,passed
1173,971,dff79d4c916b5c09e434d704fa4c34ec4ffdc6ac37ba4a3c1b3e9dc5a9317705,推高比赛,力量与稳定性,上肢推力与投掷技术,专项运动技能;同伴互动,发展上肢力量，改进投掷技术,越杆推铅球以力量和推掷技术为主,proposed,,passed
1174,972,7e6bc8369afbff0fb233a912e8f1b86e9db0bc7bb4646ad9d088830e1998a4e1,单面颠乒乓球,专项运动技能,乒乓球颠球,基础动作与身体控制,原文未说明,单面颠球本身属于球拍操控专项技能,proposed,,passed
1175,973,688e5661c00f93469d77c804b8b318805ce94ba66359ac16e7146a8d2a4d7db9,坐姿地滚球,专项运动技能,地滚球击准,同伴互动,击倒1个瓶子可计1分,坐姿滚球击瓶的核心是滚地球准确性,proposed,,passed
1176,974,f74570e55424cbce663ae6e759d492ab66a2b246cd42050ee8921a703f82b718,颠乒乓球走,专项运动技能,乒乓球颠球移动,基础动作与身体控制,一边颠球一边快速走,核心是移动中的球拍操控,proposed,,passed
1177,975,0a79933f017e7819295f6af8c3c19606d98086b1c3d050cdbea61c1c28e06c2f,家庭联赛,专项运动技能,综合球类操控,同伴互动,三人分别进行1分钟的跳绳、1分钟的踢毽子和1分钟的拍篮球比赛,多项目并列且以器材操控计分,proposed,,passed
1178,976,2c366696f07e9e0d81f3b83a7308eddaaee06051feba14713d5c3d0b22c23805,踏石过河,基础动作与身体控制,动态平衡与空间规划,同伴互动,游戏者的脚不能触及地面,垫地移动主要训练平衡和空间规划,proposed,,passed
1179,977,9b4169d0d91c9c0f3cf0ce90079e8b2bf3d1f18187262ac67a73984a3dfc5a75,足球保龄球,专项运动技能,足球踢准,同伴互动,用脚将球向前踢出,目标是足球击瓶的专项脚法准确性,proposed,,passed
1180,978,e1abe0a1f00b925d780aa455cfc8ab6dc516b0cea63b60805b23fe4c5513f6de,禁止着陆,速度敏捷与反应,反应接球,认知注意与执行功能;安全防护与健康边界,在球落地前将球接住,按号跑动接球训练反应和移动接球,proposed,,passed
1181,979,b16df72ef0fc387e0df5b2722fea326a1671d96faa50aea7f728255abd126c93,夹球跳,力量与稳定性,下肢力量与跳跃,速度敏捷与反应,双腿夹球向前跳,主要是连续跳跃和下肢控制,proposed,,passed
1182,980,7de5877fda5b592f24dfa9379a66ae8f7c3a81a2799e93e2633be6dbe52763ec,曲线运球接力,专项运动技能,篮球运球,速度敏捷与反应;基础动作与身体控制,队员迅速运球依次绕过雪糕筒,内容直接训练曲线运球技术,proposed,,passed
1183,981,9ade33fb1fa0d8b8c811df1cf63071ec76444cbdab5b4516500e1f9c0db16cc8,20米双脚连跳,力量与稳定性,下肢跳跃力量,速度敏捷与反应,双脚连续跳跃,核心动作是双脚连续跳跃往返,proposed,,passed
1184,982,c0ad4eede149148a10a40bc58c0b29e5022f504896af725028218f7c95554581,抱脚接力,基础动作与身体控制,柔韧姿势移动,力量与稳定性,两手分别握住两脚踝处,动作要求极端屈体和步行，原文缺少安全边界,needs_review,专业复核,passed
1185,983,1b443c2eb959b1264d222a552937821aa954bd55d8ed6671c2bbbd10da7de72d,小兔跳跳,力量与稳定性,下肢蹲跳力量,基础动作与身体控制,游戏者以全蹲姿势，采用前脚掌着地，双手上举双手做“V”字形向前跳动,全蹲连续跳的主要负荷是下肢力量,proposed,,passed
1186,984,f4db72ca5bca8c65ce6ec815d93c6f63fb60935d96ae98e94970c52ae74f382f,幸福快车,力量与稳定性,上肢支撑与合作,同伴互动,双手撑地前移,推车式合作移动训练上肢支撑力量,proposed,,passed
1187,985,acfe23796b22d1b4c045dbb7b9e735290344153428a9545aaceaa8e6ffade369,45个儿童青少年体适能实操游戏合集,教学设计与教练方法,综合体适能游戏组织,安全防护与健康边界;专项运动技能,原文正文文字确认包含45个实操游戏,卡片只概述合集且要求视觉核对具体对应关系,needs_review,专业复核,passed
1188,986,9703b9a770b09755ccad351e4a7a478b21efa63624787351af10f38a72522419,拔河,力量与稳定性,全身力量与核心稳定,同伴互动;安全防护与健康边界,发展上肢与全身力量、核心稳定性,拔河核心是全身对抗力量和团队配合,proposed,专业复核,passed
1189,987,10bf5d7e68a64c96498ad48fa333290ca179304e71824364f6d2661f5c130aee,宝石争夺战,专项运动技能,篮球运球与护球,速度敏捷与反应;同伴互动,训练运球与保护球能力,主要问题是运球推进和护球对抗,proposed,,passed
1190,988,dcb91a6ccf32099976e1d9c729b6862758a5fdf2b2857ed74efcfdbaf8f8e698,保卫城堡,专项运动技能,篮球运球突破,同伴互动;速度敏捷与反应,训练运球突破与团队防守,攻防围绕篮球运球突破,proposed,,passed
1191,989,cc0162429996a8d8f4c3f5a5cff6f4c63dac550e1fa7d9614d0a1ce6ea7a52de,包围家园,专项运动技能,篮球传接球与投击,同伴互动;认知注意与执行功能,训练传球配合与团队战术,主要目标是传接球配合寻找击桶机会,proposed,,passed
1192,990,7f114f2d52deb0dd9a69c91d109bc4ae3b69cf1ef81f2d823669449c61db837e,保卫萝卜,专项运动技能,篮球运球与折返跑,速度敏捷与反应;同伴互动,训练运球与折返跑,运球折返是两组对抗的共同核心,proposed,,passed
1193,991,9d9ef952067a82c09fea504bb7641887c23a2be3e7b1737fa31047d8fa2b6180,辨色抢跑,速度敏捷与反应,颜色反应与冲刺,认知注意与执行功能,训练辨色反应与冲刺跑,颜色信号决定方向并触发冲刺,proposed,,passed
1194,992,38b320355e0ce3a45d57d72bd561aa16063aef3fa87e8675cf308d5b5075d8e1,别让炸弹落地,速度敏捷与反应,反应判断与移动接球,认知注意与执行功能,训练反应与手眼协调,核心是听号后移动接球,proposed,,passed
1195,993,c7c77c7c03aedee6e69e52046173f3c5eb6badf5e88e70789bc234f34c3d9a71,冰冻人,耐力与体适能,奔跑与心肺耐力,速度敏捷与反应;同伴互动,发展奔跑能力与心肺耐力,追逐持续30至60秒并以跑动耐力为主,proposed,,passed
1196,994,4ffcd12b5538cf88a851e539098501bb70321d10d57ebb034f67d067982edf45,冰激凌运输员,专项运动技能,篮球运球与平衡,基础动作与身体控制;同伴互动,训练运球与平衡稳定能力,同时运球和托球但主线是篮球运球,proposed,,passed
1197,995,067c3998dfa6ca01dd23ff11b43f5b83166caf58f8de158908872ce6cebee725,步步高升,专项运动技能,篮球运球与接力策略,认知注意与执行功能;同伴互动,强化运球技术与团队接力配合,运球接力结合位置推进和顺序策略,proposed,,passed
1198,996,7e19425be5565c6cda1992c2a9a3ea9a17db9f73286cfdb4c3aadd5d5bb89582,捕鱼,耐力与体适能,奔跑与心肺耐力,同伴互动,发展奔跑能力与心肺耐力,持续追逐和扩大渔网以跑动耐力为主,proposed,,passed
1199,997,e66141cf4f1de7bb3c4f8f21abfdd148dc4e08b7c8fc0f4630ee669d8e8bdda4,捕鱼达人,耐力与体适能,奔跑与心肺耐力,同伴互动,发展奔跑能力与心肺耐力,群体追逐持续移动并强调整体配合,proposed,,passed
1200,998,d8c1382ad09e683fc3777be3eb000290da39ee79b15feed9a003db1aad1b97af,捕鱼大战,专项运动技能,篮球运球与灵敏,速度敏捷与反应;安全防护与健康边界,强化运球技术,运球同时触碰移动目标，主线是篮球运球,proposed,,passed
1201,999,cfbca7d8b4da45a5be28a6ee5b9001ee230cd13c6a28404142d527d825125d1c,踩尾巴,专项运动技能,篮球运球与追逐,速度敏捷与反应;安全防护与健康边界,强化运球推进与控制能力,运球状态下追逐踩彩带，主目标是球技控制,proposed,,passed
1202,1000,740c6aef12ead66fcca7c2b7298998bd32d4e49a3aac8115260cb08bc920f21c,超级木头人,速度敏捷与反应,动停控制与变速,认知注意与执行功能;安全防护与健康边界,"锻炼快速反应与""动-停""控制能力",信号变化要求奔跑、停止和躲藏转换,proposed,,passed
1203,1001,733e9db6a6e7eaf9fb3adc55a0a3202b51d9180604680c93b10bd9baeebf5fc7,传接球+投球,专项运动技能,篮球传接球与投篮,认知注意与执行功能;速度敏捷与反应,训练传接球与投掷反应,正文目标同时聚焦传接投篮基础与哨声触发的快速反应,proposed,,passed
1204,1002,27e0074d3e6efb2a400bf158a0adbee6ee5b025e8d59b024e996525a53b3ce94,传球接力赛,专项运动技能,篮球传球与接力跑,同伴互动与社会性;速度敏捷与反应,锻炼传球与折返跑能力,核心任务是传球和折返接力，团队协作属于配套形式,proposed,,passed
1205,1003,0120769dd390ff0355cab521d678b7a7862c7b8d68e2864b26d154a9b1c09c32,传球抓人,专项运动技能,篮球传接球与跑位,速度敏捷与反应;同伴互动与社会性,通过不断传接球进行抓捕,主要解决传球配合和跑位追捕中的反应问题,proposed,,passed
1206,1004,1d3b04be27ce4138d8111d64c03b744e3cb447d6a9220e0563c455a5778f7c88,打苍蝇,专项运动技能,篮球运球与击打协调,认知注意与执行功能;速度敏捷与反应,强化原地运球能力,正文以持续运球和击打目标的球技协调为主,proposed,,passed
1207,1005,be837f12ea8a249b1e8b5e4a7d604d7fb690db6a2a7432395760920ac25e553d,打怪兽,耐力与体适能,往返跑与心肺耐力,专项运动技能;速度敏捷与反应,发展往返奔跑能力与心肺耐力,主要训练反复跑动耐力，投掷是任务形式,proposed,,passed
1208,1006,9fa093f53c1278c74f712cc81398f1b87d58ce0e5feb1e65133aa2b0f74f6f99,搭建彩虹塔,专项运动技能,篮球运球与规则记忆,认知注意与执行功能;同伴互动与社会性,锻炼颜色识别、顺序记忆与手眼协调,主线是运球中的颜色顺序记忆和执行,proposed,,passed
1209,1007,43c8fa17af48e3dfe291925e147b4de06b01aa72b3eff2221ebb9b427cd38cf6,打鸭子,耐力与体适能,追逐跑与心肺耐力,速度敏捷与反应;基础动作与身体控制,发展奔跑能力与心肺耐力,追逐跑和快速起跳服务于心肺与灵敏训练,proposed,,passed
1210,1008,0770480928b73ca60e64c4d8cd767ee1c61cc3252aea0f112d7d44a0563796c2,大鱼抓小鱼,耐力与体适能,追逐跑与心肺耐力,速度敏捷与反应,发展奔跑能力与心肺耐力,正文规则极简但目标明确为追逐中的跑动耐力与反应,needs_review,,passed
1211,1009,adcba0716e23a43bfa904688c54df0bed3c3b22e407377a10c58e4b615c6648f,躲避飞盘,专项运动技能,篮球运球与躲闪,速度敏捷与反应;安全防护与健康边界,学员需在保持运球的情况下躲避飞盘,主线是运球推进，躲闪承担反应挑战,proposed,,passed
1212,1010,a2d053d835ba4a4a883b910aa1754e5a6a98bf0d7ac02ddcb27e0b89106d9de3,躲避圈圈,速度敏捷与反应,移动躲闪与变向,耐力与体适能;安全防护与健康边界,锻炼灵敏、反应与躲闪能力,目标直接指向奔跑中的躲闪反应,proposed,,passed
1213,1011,063ad6d67e3f3ba0e549ef1c2d6638c761bc49193b091980c55ab31f20b5a250,躲避球,速度敏捷与反应,跑动躲闪与时机判断,耐力与体适能;安全防护与健康边界,发展奔跑与躲闪能力,跑动取物只是载体，核心是观察来球并躲避,proposed,,passed
1214,1012,8d388daaacf27f679653489395b933c2383f49acc207ab03e1f46b7639f063d3,躲避跳绳,基础动作与身体控制,跳跃落地与节奏,速度敏捷与反应;安全防护与健康边界,锻炼跳跃躲避能力,核心动作是随绳节奏起跳和安全落地,proposed,,passed
1215,1013,98c6720d0404fe91f92fe2b8bfd67b22f5161036a6d232456efb057240b01b1b,躲避炸弹,速度敏捷与反应,跑动躲闪与反应,耐力与体适能;安全防护与健康边界,锻炼灵敏、反应与躲闪能力,滚动球构成刺激，主要训练跑动观察和闪避,proposed,,passed
1216,1014,43e2ee6d3120fa7cb82c4ca639de6d4bd2745186ea9dc62a6183d201bed4fa1e,躲飞碟,速度敏捷与反应,起跑与跑动躲闪,耐力与体适能;安全防护与健康边界,发展奔跑能力与心肺耐力,任务核心是起跑取物并避开飞碟,proposed,,passed
1217,1015,807906d0f3a89dd462d01177d6614323c222e0fd064c375f3b0a34c327947784,反应球躲避,速度敏捷与反应,传球截球与躲闪,专项运动技能;同伴互动与社会性,锻炼传接球与团队配合,传接球制造攻防机会，截球者练习反应躲避,proposed,,passed
1218,1016,dc32b30b5a528adb427e3eafcd7b5fb040a1e0420cba2035a3424689a6feab2d,飞天保龄球,专项运动技能,篮球运球与投掷目标,同伴互动与社会性;速度敏捷与反应,强化运球与投掷能力,运球、抛投击物和接力构成明确篮球综合技能练习,proposed,,passed
1219,1017,0d5c5d752334b5917f4ff9a8e33917612d144c57314814f62437be5ff62002b7,分心运球,专项运动技能,篮球运球控制与分心,认知注意与执行功能;速度敏捷与反应,边运球边将倒地的标志桶扶起,主要解决运球中分配注意并保持控制,proposed,,passed
1220,1018,9cab4eabb770362a1e140b178fccdabd3740202b84971008a4d4af9c5ec78069,赶小猪,专项运动技能,器械击球与控制,同伴互动与社会性;安全防护与健康边界,锻炼器械控制与手眼协调能力,核心是曲棍球棒控制篮球的击球方向和力度,proposed,,passed
1221,1019,f0767d00eab3aeb6070bbc7edd99bb81ac275911b61375a8ae9ac0db8079924f,龟兔赛跑,基础动作与身体控制,四足爬行与协调,专项运动技能;速度敏捷与反应,锻炼运球跑与四足爬行能力,运球与爬行并列，主要训练全身移动控制,proposed,,passed
1222,1020,78b3b5c4ec2653aa3cc00fb35fb504fbf8483238e34247d54c5b97eb03f19f73,滚雪球,基础动作与身体控制,爬行与颈躯干稳定,同伴互动与社会性;安全防护与健康边界,以爬行状态用头顶篮球,核心是爬行协调，但头顶球带来颈部安全边界,needs_review,专业复核,passed
1223,1021,6964edf47af7e95992c7188248121bca752292078820587e84e405bd19734b98,红绿灯,认知注意与执行功能,颜色信号与动停控制,速度敏捷与反应;基础动作与身体控制,"训练""动-停""控制与注意力",待复核：正文以教练出示敏捷碟颜色控制启停；原理由中的按口令启停缺少正文依据。,needs_review,,passed
1224,1022,f68fc7a8b5959b00507ab47d5ffd4e1fec197878141f866fc6ca9b3da2955293,火车赛跑,力量与稳定性,下肢力量与连续蹦跳,同伴互动与社会性;基础动作与身体控制,锻炼下肢力量与协调能力,持续蹲跳前进的主要负荷在下肢力量和队形控制,proposed,,passed
1225,1023,609e0b1bd46e9e633d57190891224ea068d742b06dd99e0f0127c870a1b0355b,火车赛跑（一路纵队蹦跳）,力量与稳定性,下肢力量与连续蹦跳,同伴互动与社会性;基础动作与身体控制,一起蹦跳前进，分两队进行竞赛,与1224玩法相同，仍以蹲跳移动和协调为核心,proposed,,passed
1226,1024,f3bac4e2cc08b8deda8152a01f2d2ac031eaf63261454aea0b9da12e4e64c0f7,基地争夺战,专项运动技能,篮球运球与连续跳,认知注意与执行功能;速度敏捷与反应,强化运球与连续双脚跳能力,运球跳跃结合猜拳决策，技能目标优先,proposed,,passed
1227,1025,e9acf38141ca13cdf394fc872c29ad228fa00b02ab1dcdf9ae270ab861c5d413,极限拉扯,专项运动技能,篮球运球与对抗控制,力量与稳定性;安全防护与健康边界,训练运球控制与对抗下的稳定性,主要解决干扰和拉拽下保持运球与重心,proposed,,passed
1228,1026,cc1c403094069938cc2e7f042ebd67255c02c7e5601c00dd8ce8c567ecb878d6,极限守门员,速度敏捷与反应,手部防守与击球反应,专项运动技能;同伴互动与社会性,锻炼反应与手眼协调,围圈攻防的核心是快速封堵和击球判断,proposed,,passed
1229,1027,31da7815a0346d8d8db802801c80075b5834c5813e51c4c99a12bd4ba5566019,夹球接力,同伴互动与社会性,双人协作移动,基础动作与身体控制;力量与稳定性,锻炼团队配合与协调能力,夹球接力的主要解决问题是两人同步和移动稳定,proposed,,passed
1230,1028,b440c3f3f485696c442c1aea4a1f32e961c3c94ae15637649457ef39af34bfe2,接力摘水果,耐力与体适能,接力跑与折返搬运,同伴互动与社会性;速度敏捷与反应,发展奔跑能力与心肺耐力,跑动耐力是主目标，接力协作为组织形式,proposed,,passed
1231,1029,c2a3b7c4827f910a1c9f5f37983e3916b0f0d4049a6e398fa46346d16b518d62,截球达人,专项运动技能,传接球与截球预判,速度敏捷与反应;同伴互动与社会性,锻炼传接球与观察预判能力,正文围绕传球线路判断和中间截球展开,proposed,,passed
1232,1030,8baec5182a02a17e20cee3814b4547ea37316046c3f70db6b7d7fd784edd3a03,警察抓小偷,专项运动技能,篮球运球与起跑反应,速度敏捷与反应;认知注意与执行功能,两人同时在原地根据教练口令进行各类运球动作,口令分心后加速追捕，运球技术和反应并重,proposed,,passed
1233,1031,b8dd377871a085553e977b0d9208ac1d999a78c07f967c4f409f1a61e42459ab,揪尾巴,专项运动技能,篮球运球与护旗躲闪,速度敏捷与反应;认知注意与执行功能,强化运球推进与控制能力,主要目标是运球状态下观察、护旗和闪躲,proposed,,passed
1234,1032,126f81ed7d4ce726d81a9180371a67cf2586a82982875738267f413d8c377765,篮球全垒打,专项运动技能,篮球传球与加速跑,耐力与体适能;速度敏捷与反应,四个学员分别站在四个点，按顺序逆时针传球，把球传一圈,传球速度与跑者加速构成球类技能主线,proposed,,passed
1235,1033,fa8fe0cfa1fd47360377b753186dab71105a6e3488cd3a33662c0ceecef5c8c0,篮球运输,同伴互动与社会性,双人协作侧向移动,基础动作与身体控制;力量与稳定性,训练身体控制与侧向移动稳定性,背靠背夹球要求同步协作和侧向稳定,proposed,,passed
1236,1034,7b78f2fe89072f49b34ccf1221a6ca8313abb9414208b5baee682c119ad38e74,老狼老狼几点钟,耐力与体适能,追逐跑与规则反应,速度敏捷与反应;认知注意与执行功能,锻炼反应、灵敏与规则意识,传统追逐形式服务于跑动、反应和规则执行,proposed,,passed
1237,1035,38b89aa0c6292c29401dbb4abe8f5d7c532f8d1e1fd362aedc7458204b1295b1,老鹰抓小鸡,同伴互动与社会性,追逐中的团队保护配合,耐力与体适能;速度敏捷与反应,锻炼反应、灵敏与团队保护配合,角色协作和保护队形是该游戏的独特教学目标,proposed,,passed
1238,1036,b2e35d554bbfb5756987019040848cea420fffd4e1e89e3e8c5ecc9181cfea50,灭火行动,专项运动技能,篮球运球与投掷目标,认知注意与执行功能;速度敏捷与反应,在保持运球的状态下抛投沙包,主要练习运球中保持控制并完成目标投掷,proposed,,passed
1239,1037,e918c13856fa13a31dfb519426d73aaa4fd004efea531129a1fb5726b3fd126e,木头人,认知注意与执行功能,动停抑制与规则执行,速度敏捷与反应;耐力与体适能,"锻炼快速反应与""动-停""控制能力",核心是听信号急停并抑制移动冲动,proposed,,passed
1240,1038,3cace0541ff486aa624e584a0937bfc939607d73189778f5a3423a363444646a,躲避球（内容）,速度敏捷与反应,躲避球与反应规则,耐力与体适能;安全防护与健康边界,发展奔跑与躲闪能力、心肺耐力,正文主线为躲避投掷和按规则应对,proposed,,passed
1241,1039,56b0c1c2a0d53aae67ff3fcd4d5354d93f649ba9f4683ba640528c7b38d0cf99,抛球接力,专项运动技能,抛接球与移动配合,速度敏捷与反应;基础动作与身体控制,锻炼抛接球能力与手眼协调,连续抛向斜面并接回是明确技能目标,proposed,,passed
1242,1040,eb5289bbe9bced3048f4b304164f38ea5ca317f8fc9e56898637f3f82c049b96,抢西瓜,认知注意与执行功能,运球中的策略决策,专项运动技能;速度敏捷与反应,锻炼策略、竞争与快速决策,主要教学问题是抢球选择和场上快速决策,proposed,,passed
1243,1041,883e10413e5712f2e80aee67d16df5c1e1e8a02ed5fdfae012c14ca2ef7e39ac,抢椎桶,专项运动技能,篮球运球与反应抢夺,认知注意与执行功能;速度敏捷与反应,强化运球与注意力分配能力,在运球指令中切换到拍手抢桶，核心是注意分配和反应,proposed,,passed
1244,1042,21894bde5b10738e16eb479b43abd789803bbec315c044523c5d926d3ef6f69a,趣味采宝石,耐力与体适能,起跑与往返跑,速度敏捷与反应,发展奔跑能力与心肺耐力,短距离反复跑和听哨起跑是主要目标,proposed,,passed
1245,1043,21229016f5518a758b8d15a55798f2b076836c3aa3b77ddaebb3fd28a05b9d73,人体绕桩,专项运动技能,篮球运球绕障与传球,同伴互动与社会性;基础动作与身体控制,强化运球与绕桩变向能力,运球绕人和胯下传球构成技能主线,proposed,,passed
1246,1044,a2ae1145c0e4cace6631d420d757e0631c5a572d9d9125e640efc5a03e2074db,扔沙包,速度敏捷与反应,投掷躲闪与接沙包,专项运动技能;安全防护与健康边界,锻炼投掷与躲闪能力,投掷攻防和躲闪接球直接决定分类,proposed,,passed
1247,1045,a5f5b5aa3e6e6b7895096d54c07ad854ed15ceece0ebebd1f863d84865b6e918,沙包投球,专项运动技能,投掷目标与力量控制,同伴互动与社会性;速度敏捷与反应,锻炼投掷能力与目标感,沙包击球使投掷瞄准和方向控制成为核心,proposed,,passed
1248,1046,09985b8e61f40500b1ba4ec97dced3424509a92fddb61513815c332d5d4c5f22,松鼠与大树,认知注意与执行功能,口令反应与规则执行,速度敏捷与反应;同伴互动与社会性,锻炼注意力与规则执行,多角色口令切换要求听辨、抑制和快速换位,proposed,,passed
1249,1047,8b15d389629a7a8e91e9595f7ff1e3a9b846f57755b3acd412e473673c17470c,贪吃蛇,基础动作与身体控制,核心支撑与连续爬行,力量与稳定性;同伴互动与社会性,锻炼核心力量与四肢支撑能力,拱桥支撑和爬行接力的核心是支撑与身体控制,proposed,,passed
1250,1048,79bcc340a2e27028ff12575b9cf0b48d313f1b84e7b6f631e4d3894ab4b0661e,体前变向运球,专项运动技能,篮球体前变向与突破,速度敏捷与反应;力量与稳定性,强化体前变向运球技术,正文明确围绕变向护球突破防守,proposed,,passed
1251,1049,1c75fc23bccce12417a905ba7553f4d53266fac070a89c39b4929330c8abca45,跳大绳,专项运动技能,跳绳节奏与连续跳,速度敏捷与反应;耐力与体适能,发展跳跃能力与心肺耐力,传统跳大绳的主要教学目标是连续跳绳节奏和耐力,proposed,,passed
1252,1050,714c8e941c51d084a5939ec1d6897c19631783ba6d00e9cf947a49c8bd1b2846,跳跃运送萝卜,力量与稳定性,下肢夹物跳跃,基础动作与身体控制;速度敏捷与反应,发展腿部力量与跳跃能力,双脚夹桶跳跃直接训练下肢力量、协调和稳定,proposed,,passed
1253,1051,9cdf71fc0f2d73ca2365e41d7bf7eaa14650bb9d22620b632a39cb3d6c696d40,贴膏药,速度敏捷与反应,追逐跑与空间判断,耐力与体适能;同伴互动与社会性,锻炼反应、灵敏与空间判断,追者和逃者持续换位，核心是变向和空间判断,proposed,,passed
1254,1052,ed1230911c0ceb2b6411283a7391c9bd6e61a8b5250296d48d5875a40e438414,推箱子拿碟子,基础动作与身体控制,推物与跑动协调,耐力与体适能;同伴互动与社会性,发展奔跑与推物能力,主要解决推鞍马方向控制与跑动协调,proposed,,passed
1255,1053,7d7d88f2b20efb27d2b52f2c1ccc7af668c58ed5433c058a8cb4ce53b6528f79,小马过河,专项运动技能,篮球运球闪躲与护球,速度敏捷与反应;安全防护与健康边界,锻炼运球状态下的闪躲与变向能力,教练拦截下保持运球和变向是主要技能目标,proposed,,passed
1256,1054,915418b31af524fe0fbe76ce36a1614b4586f6e1095a95373e63cacab984e032,消灭小飞虫,专项运动技能,篮球运球与击打协调,认知注意与执行功能;速度敏捷与反应,运球状态下的手眼协调与击打反应,与1206同类，核心是单手运球配合击打目标,proposed,,passed
1257,1055,ab23a9ba88f5543e59f79e5242bbb167d041c9c28b7f3aea74c215d45de97dd1,小心丧尸,专项运动技能,篮球运球与躲避,速度敏捷与反应;安全防护与健康边界,边运球边运送标志桶,运球中避开移动障碍是主要训练问题，但蒙眼追逐存在安全风险,needs_review,专业复核,passed
1258,1056,20126424dd612dd7d5ccd3f89bd7dc2cdd992be5fe5bfb43cfefc4dfd3b63259,小心炸弹,同伴互动与社会性,双人布袋抛接协作,基础动作与身体控制;速度敏捷与反应,锻炼团队配合与抛接协调能力,两人共同控制布袋完成抛接，协作与节奏是主线,proposed,,passed
1259,1057,3e5f2aebcdb7a24f00cf5ddc74ae158e7a78d2d01d825b3cdf580462984736ea,小椎桶持球赛跑,基础动作与身体控制,持物平衡与跑动,专项运动技能;同伴互动与社会性,强化持物平衡与跑动能力,重点是保持桶上球不落并完成接力,proposed,,passed
1260,1058,9dc31d74bac1148ce91630584087b619c244541221911d1b7d147f49c0e1f792,修建高楼,专项运动技能,篮球运球与接力策略,同伴互动与社会性;基础动作与身体控制,强化运球推进能力,运球搬砖和团队搭建构成综合任务，技能目标优先,proposed,,passed
1261,1059,1819420895e1463310751c87536ae93d41815b4f8d4386be2382af57e97b96b3,寻宝大作战,专项运动技能,篮球运球与探索反应,认知注意与执行功能;同伴互动与社会性,锻炼探索反应与团队接力配合,主要解决运球中快速判断和搜索目标,proposed,,passed
1262,1060,8d4e6f77ba39bf55c158f3a36671a279dff807ff3684c81415858dd97a552afc,寻找宝石,专项运动技能,篮球运球与探索协调,认知注意与执行功能;速度敏捷与反应,运球状态下的探索、反应与手眼协调,掀桶找球要求运球持续并完成探索判断,proposed,,passed
1263,1061,776c12d738476d89fddb6dc382debbf87f28a4b74f147bfd15c3e480a34ddb0c,羊出没,专项运动技能,篮球运球闪躲与护球,速度敏捷与反应;同伴互动与社会性,羊的学员需保持运球状态进行逃离,运球逃避和追捕构成主要解决问题,proposed,,passed
1264,1062,fd5b767d72b0570673a4753969194264f2c7fc1d770edeb0af9d02dc5c97fdfb,移动球门,速度敏捷与反应,跑动时机判断与协调,基础动作与身体控制;耐力与体适能,锻炼移动中的协调与时机判断,跑动中判断滚球穿胯时机是核心,proposed,,passed
1265,1063,6d6f33942bafa8a3603536a881f9129d4215996cd5cd888346b34f65bac91f73,勇士穿越,专项运动技能,篮球运球与闪躲,速度敏捷与反应;安全防护与健康边界,边运球边躲避教练攻击,主要训练运球状态下的来向观察、闪躲和护球,proposed,,passed
1266,1064,a3465f4f630277a42d9e89846747c2b4e32fb7dc76ad667d32c6d14c307e45c2,鱼网抓鱼,专项运动技能,篮球运球闪躲与团队协同,同伴互动与社会性;速度敏捷与反应,小鱼组学员需在运球时逃避,运球护球是主线，渔网协同是配套规则,proposed,,passed
1267,1065,f417569284cb5619b9e6230d44a1a33740903341d157392df28ec84a0e80d131,运球拔萝卜,专项运动技能,篮球运球与动停躲避,认知注意与执行功能;速度敏捷与反应,锻炼运球状态下的反应与躲避,教练回头触发运球急停，核心是球技结合抑制反应,proposed,,passed
1268,1066,f157c9e82aa4534ddb77ba482a9426f373d32bd192cd8cf076b423cb786bc978,运球躲避,专项运动技能,篮球运球与投掷躲闪,速度敏捷与反应;安全防护与健康边界,保持运球的同时，躲避海绵球,中间学员需在运球过程中观察并躲避投掷物,proposed,,passed
1269,1067,f665be10ad7c0dca0939c3013b7150d66eb03dac03a3ae2194d53df43e0e2ff9,运球停起,专项运动技能,篮球运球与动停控制,认知注意与执行功能;速度敏捷与反应,立即收球，保持不动状态,运球推进的教学重点是口令触发收球和急停,proposed,,passed
1270,1068,1f40152b06a72bfa89c84e69055e96c041da491a0b194f0d51bb36ec2c5769ed,运输宝藏,基础动作与身体控制,钻爬与往返搬运,耐力与体适能;安全防护与健康边界,发展奔跑与钻爬能力,核心是弯身钻越训练器并完成往返搬运,proposed,,passed
1271,1069,ed61e39f716b35c1a044ac3c4a9821b724a818c96c0f0cfe115d3dec7ce9836b,摘宝石,力量与稳定性,下肢夹物跳跃,基础动作与身体控制;耐力与体适能,用脚夹着标志桶跳回来,夹桶跳跃主要训练下肢力量、落点和协调,proposed,,passed
1272,1070,80ace826aa1b67b171824ad530f92323032b8fbcb7684a6a6e476ba15caa8fe3,摘水果,耐力与体适能,跑动与折返搬运,同伴互动与社会性;课堂组织与行为支持,发展奔跑与折返能力、心肺耐力,跑道折返和按道取物是主要体能与规则任务,proposed,,passed
1273,1071,befdd5efe236e9338d8f8cc7f684a36ac97ee67f2a94911a299ff1aae422ecd0,折返跑,耐力与体适能,往返跑与心肺耐力,速度敏捷与反应,发展奔跑与折返能力、心肺耐力,内容直接围绕重复折返跑和取物,proposed,,passed
1274,1072,37ab1101d831b8d4f52c8c413b0d0ea3ab7472f55dae98060018bd2b79b53453,折返跑接力赛,同伴互动与社会性,接力跑与协作,耐力与体适能;课堂组织与行为支持,锻炼团队接力与协作配合,折返跑是载体，击掌接力和团队配合是教学重点之一,proposed,,passed
1275,1073,b67d19f3c832b70c0a2937d6f057cc252d680bc4aee34ed46f9be85d9df2d91a,折返跑通过不同高度的跳绳,基础动作与身体控制,跳跃钻越与灵敏判断,耐力与体适能;速度敏捷与反应,锻炼跳跃、钻越与灵敏判断,按绳高选择钻或跳是核心动作决策,proposed,,passed
1276,1074,2d7ffc11e344aea1d8870501b6491eee08ce53c02150794ee2358e9f5d559a8a,折返跑运宝藏,基础动作与身体控制,钻越与往返搬运,耐力与体适能;课堂组织与行为支持,发展奔跑与钻越能力、心肺耐力,穿越训练架取物并返回，主目标是钻越和搬运体能,proposed,,passed
1277,1075,5d9cc25bda96adbb27b68df9a12683fb9305c0512394d24a9b48f14aba442230,抓尾巴,速度敏捷与反应,追逐变向与绕障碍,耐力与体适能;安全防护与健康边界,锻炼反应、追逐与绕障碍能力,追逐教练尾巴要求变向和障碍绕行,proposed,,passed
1278,1076,8f8df445bd9e4e1e0163d6fc9c457dba68c4f89f757be329d43b8a24ad077602,抓小鸟,专项运动技能,篮球运球与接球判断,认知注意与执行功能;基础动作与身体控制,运球状态下的手眼协调与接球判断,一手运球一手接弹球，核心是双任务球技协调,proposed,,passed
1279,1077,f8d3482ea1703348ece2aa3994b9e14ac84fec1b60238d81190d6fc7a9e586b4,抓鸭子,认知注意与执行功能,数量听辨与反应,耐力与体适能;速度敏捷与反应,锻炼反应、注意与数量认知,围圈跑只是背景，听数量并取对应数量物品是主目标,proposed,,passed
1280,1078,e804425b48bb7d52f1098884676bb97e6d01051a378f45456761090468cb65b4,追飞碟,速度敏捷与反应,起跑反应与冲刺跑,耐力与体适能,锻炼起跑反应与冲刺跑,哨声后的快速启动和取物冲刺是核心,proposed,,passed
1281,1079,8c0a8616f172d2ea7480be199ccdf7da52389bc22a1889dd8f4238f4e381ffb7,追和逃,速度敏捷与反应,追逐换位与空间判断,耐力与体适能;同伴互动与社会性,锻炼反应、灵敏与空间判断,拍肩换跑者和追逐角色转换要求空间判断,proposed,,passed
1282,1080,0bd0cc259abb3c4021f67d4b0fc2d6967c89d46c1b4999ae72e9a5b5744c5313,捉迷藏,认知注意与执行功能,空间观察与规则执行,基础动作与身体控制;安全防护与健康边界,锻炼观察、反应与遵守规则意识,躲藏寻找涉及空间观察、等待和按规则轮换,proposed,,passed
1283,1081,d2cb100744c9c9214cb5a5c8f4c961e8081d006f6512934447df21259fc056fb,摇篮摇晃,感觉统合,前庭觉与温和摇晃,情绪与心理支持;家校协同与家庭支持,温和刺激前庭觉、建立安全感,正文明确前庭输入、缓慢摇晃和亲子安全感目标,proposed,,passed
1284,1082,f9a850a1fcffcc7dedefb85049b70e75d79658e58d7f26e6defb22896c776819,举高高,感觉统合,前庭觉与垂直运动,安全防护与健康边界;家校协同与家庭支持,提供垂直方向的前庭刺激,正文明确前庭目标，但低月龄托腋举起存在肩颈风险,needs_review,专业复核,passed
1285,1083,cc9ed3151078555f12e2fbc2e26da9df820a084e1fb0e2f21c370771d720c40b,原地旋转,感觉统合,前庭觉与旋转刺激,基础动作与身体控制;安全防护与健康边界,提供旋转性前庭刺激,正文明确旋转前庭输入和旋后平衡调节,proposed,,passed
1286,1084,1d7db1250cdf6c42c13c747e9ede31cdf4ce1e6ab939358f0d7b6a661a8002b8,荡秋千,感觉统合,前庭觉与线性摆动,安全防护与健康边界;家校协同与家庭支持,提供线性前庭刺激,秋千的前后摆动和安全带使用构成明确前庭活动,proposed,,passed
1287,1085,e5252fa37cb960b51d4d2ee2632c1a329294f30941fb50e265c71a74198cedbb,滑滑梯,感觉统合,前庭觉与速度刺激,基础动作与身体控制;安全防护与健康边界,提供速度性前庭刺激,滑行速度和身体控制是正文直接目标,proposed,,passed
1288,1086,17dc093a9c6d5bcc71eb5ba507fa654624b5afe442f8270bba1e77c763315571,蹦蹦床,感觉统合,前庭觉与垂直跳跃,力量与稳定性;安全防护与健康边界,提供垂直方向的前庭刺激,正文同时强调前庭刺激和下肢跳跃，前庭目标为主,proposed,,passed
1289,1087,20d6d370b63af804125ee00d110aa76d49bffb90b7f272226a23ab0fa144f755,平衡木,感觉统合,前庭觉与静态平衡,基础动作与身体控制;认知注意与执行功能,提升静态平衡能力,正文将活动置于前庭训练并聚焦平衡、控制和专注,proposed,,passed
1290,1088,03586cdcb2895b5b67a65527b5f594f3ee4c1ab3996baa69dd7c0ed5a58935ee,单脚站,感觉统合,前庭觉与单脚平衡,力量与稳定性;认知注意与执行功能,提升单脚平衡能力,前庭训练框架下的主要任务是单脚平衡和核心稳定,proposed,,passed
1291,1089,5b4b3d3adc78f30e248799fcbde111c27e619ae6a639d98cac8aa75211cd12bb,倒走,感觉统合,前庭觉与空间定向,基础动作与身体控制;安全防护与健康边界,提升空间感知能力,倒走在前庭训练框架下强调方向、空间和风险意识,proposed,,passed
1292,1090,d70d2aeaad985ede552617ce551ddf3f18c852ba40c0e232b4bd7c844634562a,侧滚翻,感觉统合,前庭觉与旋转翻滚,基础动作与身体控制;安全防护与健康边界,提供旋转性前庭刺激,正文明确滚动提供旋转性前庭输入和空间定向,proposed,,passed
1293,1091,33445e092a2ec7aac42be0931f317d124fca2808c16c5af50fa36c6ed26937dd,跳绳,感觉统合,前庭觉与跳绳节奏,专项运动技能;基础动作与身体控制,提升节奏感和协调性,正文明确归入进阶前庭训练，跳绳节奏与协调为主要目标,proposed,,passed
1294,1092,ea701101044bcc08b0ba125ab3ff4bdba79d692af3091592062a8f6df883f34a,跳房子,感觉统合,前庭觉与跳跃平衡,基础动作与身体控制;认知注意与执行功能,提升单脚跳跃能力,正文明确前庭训练并以单双脚跳格和平衡控制为主,proposed,,passed
1295,1093,aebfd79debfec6d6f8db93962ccdd5d5ac9b6c42b3329bf6eade2a57c044594b,跳格子,感觉统合,前庭觉与听觉动作整合,认知注意与执行功能;基础动作与身体控制,提升听觉-动作协调能力,口令指向格子跳跃，前庭框架下突出听觉信号到动作执行,proposed,,passed
1296,1094,b8d1fa03648bf63f9c953f4762fceddad9508f64cc39ce53a4b12386e1bbd7e6,跳障碍,感觉统合,前庭觉与跳跃障碍,基础动作与身体控制;安全防护与健康边界,提升跳跃能力、增强风险评估能力、培养勇气,正文明确前庭训练，并要求渐进障碍和风险评估,proposed,,passed
1297,1095,eed5b009705cd3d3a4ba2c3bd6f4a82a54de5852de82e26d840b9061df61371d,走直线,感觉统合,前庭觉与直线平衡,基础动作与身体控制;认知注意与执行功能,提升直线行走能力,正文明确前庭训练，沿线行走用于平衡和专注,proposed,,passed
1298,1096,8d7ab61cff43e380689fec180bb5d64217c5c1923394706935863df3d657151f,走曲线,感觉统合,前庭觉与曲线动态平衡,基础动作与身体控制;安全防护与健康边界,提升曲线行走能力、增强身体灵活性、培养动态平衡,正文明确前庭训练，曲线行走训练身体倾斜和动态平衡,proposed,,passed
1299,1097,da7920ed97b74697b4d7f35199f0db01221a6155fb37f0ebea2ee42873dcfdcf,走迷宫,感觉统合,前庭觉与空间规划,认知注意与执行功能;基础动作与身体控制,提升空间规划能力,正文明确前庭训练，迷宫活动主目标为路径规划、问题解决和专注,proposed,,passed
1300,1098,6204fccbd7b8bedc767ac58291dcc1bab503d5b5ffb4ba28977910786ac2e4bf,闭眼走,感觉统合,前庭觉与本体感觉整合,安全防护与健康边界;家校协同与家庭支持,提升前庭-本体感觉整合,闭眼行走明确以感觉整合和空间记忆为目标，需家长全程保护,proposed,,passed
1301,1099,b95e6037edb4b8c671a7e4ab11a0d0ced7dfc0fae54c2711f669b84664799dab,倒爬,感觉统合,前庭觉与逆向空间协调,基础动作与身体控制;安全防护与健康边界,提升空间感知能力,正文明确前庭训练，倒爬同时训练逆向方向和四肢协调,proposed,,passed
1302,1100,d2e48de9a8a15accb1c4e7b0c4101f06ad04ab6818fe7e043cd432a18b65a20b,螃蟹走,感觉统合,前庭觉与侧向协调,力量与稳定性;基础动作与身体控制,提升侧向移动能力,正文明确前庭训练，螃蟹走聚焦侧移、核心和协调,proposed,,passed
1303,1101,2976cae00151105774a037d374a9ebd0e73b8f6c4a429d2ce97b3d4926b53ff5,毛巾秋千,感觉统合,前庭觉与多方向摇晃,家校协同与家庭支持;安全防护与健康边界,提供多方向前庭刺激,正文明确前庭输入和亲子安全感目标,proposed,,passed
1304,1102,d7b00f562c49b1b753cb8f936e6fbc85384536bb527f9987f43a16370f0fbd2a,枕头大战,感觉统合,前庭觉与不规则刺激,情绪与心理支持;速度敏捷与反应,提供不规则前庭刺激,枕头拍打和躲闪服务于前庭、反应与情绪释放,proposed,,passed
1305,1103,8b7b2efe613276f6cfdafc7b92758a8d81dbe419fadab94a997459222513c146,旋转椅,感觉统合,前庭觉与旋转刺激,安全防护与健康边界,提供旋转性前庭刺激,正文明确旋转前庭目标但带轮椅具存在倾倒风险,needs_review,专业复核,passed
1306,1104,a3067a36f10ed1fd46cb851859dc00df9b40baa3dacdf8addf0bfee7102b6b1d,平衡板,感觉统合,前庭觉与动态平衡,力量与稳定性;安全防护与健康边界,提升动态平衡能力,平衡板活动明确置于前庭训练并聚焦核心稳定,proposed,,passed
1307,1105,c889019f6afe4d0c3e12361f671425615afdc1a3bd0459a092caf602ee283b28,滑板车,感觉统合,前庭觉与滑行平衡,力量与稳定性;安全防护与健康边界,提升动态平衡能力,滑板车训练明确前庭挑战、平衡和速度感,proposed,,passed
1308,1106,b1426aa0ec40b394fb5f798d3cd45d258792f5c8f596f2d034a50c6ceb97c8e0,三轮车,感觉统合,前庭本体与双侧协调,力量与稳定性;安全防护与健康边界,提升双侧协调能力,骑三轮车活动明确前庭本体和方向感目标,proposed,,passed
1309,1107,97b720aa910f3d0653bdd250f664ee0c254cd3a1cf2e30d54547c162126b1c8e,跑步,感觉统合,节律性前庭与跑动,耐力与体适能;基础动作与身体控制,提供节律性前庭刺激,正文同时强调前庭输入和心肺协调,proposed,,passed
1310,1108,429b737ff29f0bb42983fb33d85247e42d7d39d1c8a5b9826bb974e18f18847c,追逐游戏,感觉统合,前庭反应与追逐,速度敏捷与反应;耐力与体适能,提升反应速度,明确归入前庭挑战，但核心活动是追逐反应,proposed,,passed
1311,1109,d7949bc0896203ee2f4e8a577df0513a2d6e62ff9bba8a4cf67ca9c5a24fdfca,躲猫猫,感觉统合,空间感知与躲藏,认知注意与执行功能;同伴互动与社会性,提升空间感知能力,前庭训练框架下主要目标为定位、记忆和互动,proposed,,passed
1312,1110,6e8f75fb93dd3c691862b71005d460e13bf41a51649554e50e816ecaea8cd4a3,老鹰捉小鸡,感觉统合,前庭反应与团队配合,同伴互动与社会性;速度敏捷与反应,提升团队配合能力,正文明确综合前庭挑战和队形移动反应,proposed,,passed
1313,1111,db39c78b181ac0a4cc81f5b811e563c69c311a7da1d2406e03e3e7fa71c4e27c,抚触按摩,感觉统合,触觉探索与身体感知,家校协同与家庭支持;情绪与心理支持,提供温和触觉刺激,正文明确触觉输入、身体感知和亲子依恋,proposed,,passed
1314,1112,da6b34fcb5cbff10712aef9b3218bd5b508b5830ba95c85176a2c50748e4198b,材质箱,感觉统合,触觉探索与材质辨识,认知注意与执行功能;安全防护与健康边界,提升材质辨识能力,闭手触摸不同材质是主要教学目标,proposed,,passed
1315,1113,d97d77b6df4ad11f095cd427ecdd01de75d724dab0718e6ace6975f4dd3af9fa,沙子游戏,感觉统合,触觉探索与沙物感知,力量与稳定性;认知注意与执行功能,提供丰富触觉刺激,沙抓握、塑形和足底体验构成明确触觉输入,proposed,,passed
1316,1114,5b1de3a677042dea4d801d154746b103bbfb75cd221f39d4921f8c5915e273ae,水游戏,感觉统合,温度触觉与水中探索,基础动作与身体控制;认知注意与执行功能,提供温度触觉刺激,正文聚焦温度、流动阻力和沉浮探索,proposed,,passed
1317,1115,3706c7ebd268d9c7c7c6e551ddae16f588316ff531c1065fa5ec0f26d74c5919,面团游戏,感觉统合,阻力触觉与手部力量,力量与稳定性;认知注意与执行功能,提供阻力触觉刺激,揉捏面团同时训练手部力量和创造活动,proposed,,passed
1318,1116,6090fde555d5529fcdbadcc82171d9c38983d3a0206c4a81d7b3b5280099d192,手指画,感觉统合,湿滑触觉与手指灵活,认知注意与执行功能;安全防护与健康边界,提供湿滑触觉刺激,手指蘸颜料的湿滑输入是主要目标,proposed,,passed
1319,1117,e3c21dd17bafbfa94c344198ea53c4ac1f2ab5e4617c113fa545d1f1ee2170ad,踩草地,感觉统合,自然触觉与足底感知,基础动作与身体控制;安全防护与健康边界,提供自然触觉刺激,赤脚草地活动明确训练足底自然触觉,proposed,,passed
1320,1118,168185ff69a2dc6dc92a77f721902db9b4d3e9ebe931ad6057f4508564acac04,踩沙滩,感觉统合,沙地触觉与足底力量,基础动作与身体控制;安全防护与健康边界,提供独特触觉刺激,沙滩行走和足趾感受直接对应足底触觉,proposed,,passed
1321,1119,28f41c94b26b3fc246cd87ec77de4810cb679829d8fc4c9619a1e035172ec685,玩泥巴,感觉统合,泥土触觉与手部操作,力量与稳定性;家校协同与家庭支持,提供自然触觉刺激,泥土黏性和可塑性是主要感觉探索目标,proposed,,passed
1322,1120,1e7ee8aa6371c0ef2eaeefe19cdaaa1f6fef2d47fb3967499149f352ccd437d1,赤脚走路,感觉统合,足底触觉与材质辨别,基础动作与身体控制;安全防护与健康边界,丰富足底触觉体验,不同地面行走同时训练平衡和身体感知,proposed,,passed
1323,1121,2b883e7b8d0cfca0f02aee4a5b3ec1b20773bdc3ce07aebadd7058dd813066cd,触觉刷,感觉统合,触觉调节与敏感适应,情绪与心理支持;安全防护与健康边界,降低触觉敏感度,正文直接以触觉脱敏和情绪调节为目标，含效果表述需审视,needs_review,专业复核,passed
1324,1122,b3ef424e641bbd6d9e4ba0912347ea33423cd0d7d1998639c906b610d57726ac,深压按摩,感觉统合,深层触觉与情绪调节,安全防护与健康边界;情绪与心理支持,提供深层触觉刺激,按压活动的主目标是深压安抚和身体感知,proposed,,passed
1325,1123,f6efa3932d3e154e73240f09b046cf5312355f103dba6b19c3f90f1b0af79622,拥抱挤压,感觉统合,深层压力与安全感,情绪与心理支持;家校协同与家庭支持,提供深层压力刺激,拥抱挤压以压力和安抚焦虑为核心，但0岁适用存在风险,needs_review,专业复核,passed
1326,1124,162d6b46b2a49131838fbbab752f5088f6f2287b40d2afb0a8dda40cc5db7cfb,瑜伽球滚动,感觉统合,大面积触觉与核心控制,力量与稳定性;安全防护与健康边界,提供大面积触觉刺激,趴球滚动同时涉及核心和身体接触感知,proposed,,passed
1327,1125,b37ab88a3e06759a3a6e71ba6e3655d6de03a93aa96f1bb7094964c08566d74f,豆袋按压,感觉统合,深层压力与专注调节,情绪与心理支持;安全防护与健康边界,提供深层压力刺激,豆袋按压的主线是深压安抚和专注，重量安全边界需复核,needs_review,专业复核,passed
1328,1126,2e3c1e0634afc59a75f674c22d4de6cdea98210340c3bf55cdb8dd2916775a2c,毛巾包裹,感觉统合,全身压力与安全感,情绪与心理支持;安全防护与健康边界,提供全身压力刺激,毛巾包裹明确提供压力和安抚，但包裹方式有安全边界,needs_review,专业复核,passed
1329,1127,a8d76fcdb6b028c61a0f8c66f7fcc60250a3135cd638da30fd502f3f9f1837a1,不同温度刺激,感觉统合,温度触觉与适应,安全防护与健康边界;认知注意与执行功能,提供温度触觉刺激,冷热水交替直接训练温度辨识与适应,proposed,,passed
1330,1128,3afb16f861914ebe3883f15ea58838ea620db698a9d4e60b71a9837cc9158f85,吹泡泡,感觉统合,轻触觉与视觉追踪,基础动作与身体控制;速度敏捷与反应,提供轻微触觉刺激,追逐和戳泡泡结合轻触觉与手眼协调,proposed,,passed
1331,1129,cda7803f4d6a9222cbef8ce71d595fe09eb0b17c17052f37a98e3a43a0da4a14,羽毛挠痒,感觉统合,轻触觉与身体感知,家校协同与家庭支持;情绪与心理支持,提供轻触觉刺激,羽毛接触以身体感知和互动乐趣为核心,proposed,,passed
1332,1130,55d3d819f151b38a2d96ae65d754ace8655913f21df44bcf7ec410ec77d6577c,刷子游戏,感觉统合,触觉辨识与敏感调节,认知注意与执行功能;安全防护与健康边界,丰富触觉体验,不同刷子比较触感并涉及敏感适应，硬毛刷需复核,needs_review,专业复核,passed
1333,1131,9503344780c2ea123ad5cbebec1e45633241dcc61c853bee715a42c97f1cdaad,寻宝游戏,感觉统合,精细触觉与触觉辨识,认知注意与执行功能;力量与稳定性,提升精细触觉辨识,闭眼在米豆中寻找物体，主目标是触觉辨识和专注,proposed,,passed
1334,1132,0024d40b1b5d27575596a4fe17dd2448ba8c7d88fc04e6e9a8b89296826dbd67,神秘袋,感觉统合,精细触觉与形状材质辨识,认知注意与执行功能;语言表达,提升触觉辨识能力,不透明袋中触摸和描述物品是核心,proposed,,passed
1335,1133,95685af00bb1c95256405391c8e395f11c814d2414e0dae6d2132680747473ad,触觉配对,感觉统合,触觉记忆与配对,认知注意与执行功能;基础动作与身体控制,提升触觉记忆能力,闭眼凭触觉找相同物品，目标是辨识和记忆,proposed,,passed
1336,1134,13b9956afc8b4aa5295a417e53fa0d52fa102d61b2e90590e58716bb01ccf470,蒙眼猜物,感觉统合,触觉辨识与语言表达,认知注意与执行功能;情绪与心理支持,提升触觉辨识能力,蒙眼描述物品突出触觉辨识和表达自信,proposed,,passed
1337,1135,d8c7f5d44cc06df1ace68f16dea670e8157f034c8b4efb20f00bf7e0984ea17d,不同纹理画画,感觉统合,纹理触觉与艺术创造,认知注意与执行功能;安全防护与健康边界,丰富触觉体验,粘贴并触摸不同纹理，感觉体验是教学主线,proposed,,passed
1338,1136,159b4e4a98c350786b9736b05cd2e7b80df177fa3bc5c3d2808d6ca55bf4adb3,粘土造型,感觉统合,阻力触觉与精细操作,力量与稳定性;认知注意与执行功能,提供阻力触觉刺激,粘土揉捏和造型同时训练手部力量,proposed,,passed
1339,1137,bdbbe695c92b52933003910104c4a7d7ef0c670f6f3ec041135ebdd9d8d63f75,橡皮泥,感觉统合,阻力触觉与精细动作,力量与稳定性;认知注意与执行功能,增强手指力量,橡皮泥按压切割以阻力触觉和精细动作展开,proposed,,passed
1340,1138,41252e1fdef18ec9f958f1eecf5d1f7299f8b21b82e4b84dfdf5987649cc4f3b,撕纸,感觉统合,听觉触觉联合与手指力量,力量与稳定性;基础动作与身体控制,提供听觉-触觉联合刺激,撕纸同时提供声音、触感和手指用力,proposed,,passed
1341,1139,312a60c4ba0555d67e79e48e41efdef372130bf769d3832337704eb89e245a4e,揉纸团,力量与稳定性,手指力量与精细协调,感觉统合;基础动作与身体控制,增强手部力量,揉纸团主要解决手指用力、灵活和手眼协调,proposed,,passed
1342,1140,a48ba4ca47b9350e485d93c75f6e5b684dba557eda91231683a62488d83ad43b,捏泡泡纸,感觉统合,触觉听觉联合与手指控制,力量与稳定性;认知注意与执行功能,提供触觉-听觉联合刺激,捏泡泡纸的声音和手指操作构成联合感觉体验,proposed,,passed
1343,1141,9dc246c5b0afe60177746b5d5195672a8990805f9fcf9baa31ba20981debbbd3,推重物,感觉统合,本体觉与大肌肉用力,力量与稳定性;安全防护与健康边界,增强大肌肉力量,推重物明确以本体觉、力度控制和坚持为目标,proposed,,passed
1344,1142,fe83fbd1f911cbdbef957d375136eed3142e6126d25f91bcf9fc302e29fc07e3,拉重物,感觉统合,本体觉与牵拉用力,力量与稳定性;基础动作与身体控制,增强大肌肉力量,拉重物训练用力、协调和平衡感知,proposed,,passed
1345,1143,da8ca49a9624f28e83f910aa644d560b499acf83d498c303aaf626ad35acf003,搬运工,感觉统合,本体觉与搬运控制,力量与稳定性;基础动作与身体控制,增强大肌肉力量,搬运物品聚焦身体用力、姿势和协调,proposed,,passed
1346,1144,35c09efffd87b700bd98daa7af3334875a5bf70380c83823cf46f833e42d077b,拔河,感觉统合,本体觉与全身力量,同伴互动与社会性;安全防护与健康边界,提升力度感知,拔河明确训练力量和本体力度感知,proposed,,passed
1347,1145,e57a4c6d8b66c4338c97d51c09fff28f502d9aa60bd992fe30c00923ece2a04d,爬行,感觉统合,本体觉与双侧整合,力量与稳定性;基础动作与身体控制,提升核心力量,爬行以四肢协调、核心和双侧整合为目标,proposed,,passed
1348,1146,75c8190ef4da927192aa96e69992429b0fec4205832f7b36ced82f8dbdef51fd,熊爬,感觉统合,本体觉与四肢力量,基础动作与身体控制;力量与稳定性,增强四肢力量,熊爬明确本体觉框架和手脚协调力量,proposed,,passed
1349,1147,325242fffbf18bec2031ea785c3e17ff8f7cb231c7657364f3608f57e512d3fd,螃蟹爬,感觉统合,本体觉与侧向核心控制,力量与稳定性;基础动作与身体控制,增强核心力量,螃蟹爬聚焦本体觉、核心和侧向移动,proposed,,passed
1350,1148,9bc508062d81436854df5ac2ba374cec51a84e5f1ca9199078f6bbf735902a6b,俯卧撑（简化版）,力量与稳定性,上肢力量与核心稳定,基础动作与身体控制;安全防护与健康边界,增强上肢力量,简化俯卧撑的主要训练目标是上肢和核心,proposed,,passed
1351,1149,e9ab6d6b478622bdba4eff05ae45ebd5a2dc3d7036120bf666d2245cdcf5708d,仰卧起坐（简化版）,力量与稳定性,躯干核心力量,基础动作与身体控制;安全防护与健康边界,增强核心力量,仰卧起坐直接聚焦腹部核心和身体控制,proposed,,passed
1352,1150,f76af714470a38f3936788a413c64ed66eaeab7c2f80809d4dae5d221f001ba0,深蹲,力量与稳定性,下肢力量与蹲起控制,基础动作与身体控制;安全防护与健康边界,增强下肢力量,深蹲的核心是腿部力量、膝髋控制和协调,proposed,,passed
1353,1151,88e5e76b024204e7805a5683f4d504511efc9a32af8a11be96f4f101c4aba815,穿珠子,力量与稳定性,手指精细控制与协调,认知注意与执行功能;安全防护与健康边界,增强手指精细动作,穿珠子主要解决捏取、对孔和手眼协调,proposed,,passed
1354,1152,c225dfaca2c6336fb2516fad1a55e8608e998e1c68767308b730085934f2ac33,夹豆子,力量与稳定性,手指力度控制与精细动作,认知注意与安全防护与健康边界,提升手指精细动作,夹豆子以筷子夹取、力度和持续专注为目标,proposed,,passed
1355,1153,0899f70141a217e7ee93f9c2fdd589ef86b8aa6f304d5edd6a8b296d70964b4c,拧瓶盖,力量与稳定性,手腕力量与生活操作,基础动作与身体控制;家校协同与家庭支持,提升手腕力量,拧瓶盖直接训练旋转用力和生活技能,proposed,,passed
1356,1154,537b31860bbfd34170e08bb062af63763c38aee75da088310306bad275ab7a1e,撕胶带,力量与稳定性,手指力量与双指协调,基础动作与身体控制;安全防护与健康边界,增强手指力量,撕胶带聚焦拇指食指控制和手眼协调,proposed,,passed
1357,1155,57d0fb9a73787257a4b84759471fc81476ed08edf8a6ffd5aa7de21b4bd73558,剪纸,力量与稳定性,手指力量与剪切协调,基础动作与身体控制;安全防护与健康边界,提升手眼协调,剪纸的主要目标是剪切操作、手指力量和协调,proposed,,passed
1358,1156,38f47e875e59d6721d8b51f628c3f942de6c2a3d26861496892f899a6ba074a7,折纸,认知注意与执行功能,空间建构与精细操作,力量与稳定性;基础动作与身体控制,增强空间感知,折纸聚焦折痕操作、空间感知和专注,proposed,,passed
1359,1157,a33473be58472b2865ca3e0cf7d35d5f3836fd4bfdacc629e2d46f9b2bc2b686,握笔练习,基础动作与身体控制,握笔与书写准备,力量与稳定性;认知注意与执行功能,学习正确握笔姿势,核心是三指握笔、手指控制和书写准备,proposed,,passed
1360,1158,9010bbdc2f13f4f52d1c1b01148138996df9dfbdc9529ada0afd6ded030e94c7,捏橡皮泥,力量与稳定性,手指力量与精细塑形,感觉统合;基础动作与身体控制,增强手指力量,捏橡皮泥主要训练手指力量和精细操作,proposed,,passed
1361,1159,35fdf38bc5fe061a83488b9f4f9d2bdb6d28b504ae1a66ff0491921fad289387,搭积木,认知注意与执行功能,空间建构与问题解决,基础动作与身体控制;力量与稳定性,提升空间感知,搭积木的主目标是空间建构、手眼协调和创造,proposed,,passed
1362,1160,981018867492f00b32aab3a154f87495142e22541a2ddef41cfd18af4c045fa2,拼图,认知注意与执行功能,空间思维与专注,基础动作与身体控制;情绪与心理支持,提升空间思维,拼图主要解决形状匹配、空间思维和耐心专注,proposed,,passed
1363,1161,1970567eaa4894a1dd912384411c9ac8a57efdfe980e070e89a5ccaf8d011b5b,投掷游戏,基础动作与身体控制,投掷力度与目标控制,认知注意与执行功能;力量与稳定性,增强力度控制,投掷目标明确训练瞄准、力度和手眼协调,proposed,,passed
1364,1162,d2f077f1727337c8eae6bf9fb333f1e25bdb9485b2e4ca0120406256d0fc50b4,接球游戏,基础动作与身体控制,接球与空间判断,速度敏捷与反应;同伴互动与社会性,提升手眼协调,面对面抛接软球主要训练接球反应和空间判断,proposed,,passed
1365,1163,75cfa4cafa467c8962307b37af877bf52784074d015041c5afcaef89b8456deb,拍球,专项运动技能,篮球拍球与节奏控制,基础动作与身体控制;速度敏捷与反应,提升手眼协调,连续拍球和边走边拍构成明确球技训练,proposed,,passed
1366,1164,a5f6ef581fe0b1a3569a78faa5f4d0d74073845915b445afef1ff6bc338b5f5b,踢球,专项运动技能,足球踢球与力度控制,基础动作与身体控制;同伴互动与社会性,提升腿脚协调,正文围绕踢球姿势、目标和力度控制,proposed,,passed
1367,1165,7c748cdc182f60fa26836468cf6659d75387fac7ae9b444fc5c651585b8fcdc6,跳跃游戏,基础动作与身体控制,跳跃落地与空间判断,力量与稳定性;安全防护与健康边界,提升身体控制,跳跃越线和上下矮凳聚焦身体控制与下肢力量,proposed,,passed
1368,1166,6ea45f6e4c18811fb4358e20b9425f861dc65b2a978ab7067beaba7726444d7a,障碍赛跑,基础动作与身体控制,综合障碍与协调,感觉统合;速度敏捷与反应,提升综合感统能力,虽称综合感统，正文实际由爬钻跳和平衡障碍组成,proposed,,passed
1369,1167,34772047d9571128c56129efbe29b6f5d533147c024d4457ced3fe9f21cb4da2,捉迷藏,认知注意与执行功能,空间感知与听觉注意,同伴互动与社会性;感觉统合,增强听觉注意,综合框架下躲藏寻找主要训练空间定位、听觉和互动,proposed,,passed
1370,1168,53f5b89fbef3a489af1e35d849eb94cdd383cf198af10922bf4e045fb8cdad92,老狼老狼几点了,认知注意与执行功能,听觉反应与规则执行,速度敏捷与反应;耐力与体适能,提升听觉反应,口令报时、停走和追逐构成主要教学目标,proposed,,passed
1371,1169,4ff45c95c821802ddcdbc96549794757d173ba1020f52a4c89d0a28f431b37d5,红灯绿灯停,认知注意与执行功能,听觉动作抑制,速度敏捷与反应;基础动作与身体控制,提升听觉-动作协调,红绿灯口令要求及时启动、停止和规则执行,proposed,,passed
1372,1170,74193f884922759ead8aa7d1d56f296c8e1d366427f7060f3550ced1b90baf2c,Simon Says,认知注意与执行功能,听觉注意与抑制控制,基础动作与身体控制;同伴互动与社会性,提升听觉注意,是否执行Simon指令直接训练听辨、模仿和抑制,proposed,,passed
1373,1171,65d46f1156c0357977cee0f28d2a50b468d3717fa90a4590723e1afd9c27448a,音乐椅,认知注意与执行功能,听觉注意与规则反应,速度敏捷与反应;同伴互动与社会性,提升听觉注意,音乐停止抢座要求听觉反应和规则执行,proposed,,passed
1374,1172,40f0f80ebe12e04d52e49d501955dd3ae9b1bd47d77528c8b1e850d4733b3a1c,传球游戏,同伴互动与社会性,传球合作与规则意识,基础动作与身体控制;认知注意与执行功能,增强团队合作,围圈传球的主要目标是合作、接球和轮换规则,proposed,,passed
1375,1173,19ba0e27528831430c70b75133838c208d23c061430c049fdc8f496227e5d2bf,套圈游戏,基础动作与身体控制,投掷瞄准与力度控制,认知注意与执行功能;安全防护与健康边界,提升手眼协调,套圈核心是距离、瞄准、投掷和专注,proposed,,passed
1376,1174,b91d2880f897efae87c53fc5dd9407c7d12d2276a09790fdc1e15496a6c557fa,钓鱼游戏,基础动作与身体控制,手眼协调与精细控制,认知注意与执行功能;安全防护与健康边界,提升手眼协调,磁性钓鱼主要训练瞄准、专注和耐心,proposed,,passed
1377,1175,9f201ee33ae1f07a23260b64699c5373c69fa322ae022dbb6394a4de1d12a97a,保龄球（自制）,基础动作与身体控制,滚球瞄准与力度控制,认知注意与执行功能;安全防护与健康边界,增强力度控制,保龄球自制活动以滚球击瓶、瞄准和计分为核心,proposed,,passed
1378,1176,b27c89078abb8c689721086e161aed5c8da57f63158fdc6c99a4f34f3c69ad07,寻宝探险,认知注意与执行功能,线索推理与问题解决,同伴互动与社会性;家校协同与家庭支持,增强问题解决,线索寻宝的主目标是根据线索规划、探索和解决问题,proposed,,passed
1379,1177,be10e15f9a1171cd48a089a8c09e4ac47b92aa6843a77931c328e023e4a5053a,模仿秀,基础动作与身体控制,动作模仿与协调,认知注意与执行功能;情绪与心理支持,提升观察模仿能力,模仿动物和日常动作主要训练观察、协调和表现,proposed,,passed
1380,1178,182d95949ce7f5bbaafff273822f76aaab77ea5828440a4d78a019e416ea74c4,气球不落地,基础动作与身体控制,视觉追踪与手眼协调,速度敏捷与反应;同伴互动与社会性,增强视觉追踪,持续拍击气球主要解决视觉追踪和反应协调,proposed,,passed
1381,1179,cd523801ed3685c776caaefbcdb253d8ccd8e8b4a79502aa276af71ceeefc9e9,动物走路,基础动作与身体控制,综合动物动作与模仿,力量与稳定性;认知注意与执行功能,提升身体协调,多种动物走路组合，动作协调和模仿是主目标,proposed,,passed
1382,1180,b78e715c2dbc5c65e9bdf294cd42068dc569de2859d2e5bc6cc15b1ef2c23dd2,感统小超人,感觉统合,多感觉整合与综合挑战,力量与稳定性;认知注意与执行功能,包含前庭、触觉、本体觉任务,正文明确同时覆盖三类感觉输入，属于综合统合卡,proposed,,passed
1383,1181,31ef553c7fc442451b9b3733785b479caf17d86817ffd976bc032da1b6182dd4,ACE三维定义,教学设计与教练方法,ACE三维观察框架,体测与观察评估;家校协同与家庭支持,不只看会不会做,卡片建立动作、认知、参与三维观察和沟通框架,proposed,,passed
1384,1182,89b942d669f1cf4f60685da7208e719f2445ef6c3ae309ccfa8a77889a3a4205,判断顺序：E→C→A,教学设计与教练方法,ACE判断顺序与课堂调整,认知注意与执行功能;家校协同与家庭支持,学员有没有进入课堂、有没有跟上节奏,核心是按参与、理解、动作顺序判断和调整课堂,proposed,,passed
1385,1183,393ae8697f1003d57bd0f661732e211f6596c34565bb6522bcb8eecdcb4dc690,课堂最小闭环,教学设计与教练方法,课堂观察反馈闭环,家校协同与家庭支持;体测与观察评估,每节课至少完成的4个判断,卡片要求从目标、卡点、调整到课后反馈形成闭环,proposed,,passed
1386,1184,f956ab7b9d99003c5c8ba0be071635c1690d3a63b002fe3ede6dbb0fe1494c3b,常见课堂信号,体测与观察评估,ACE课堂信号识别,教学设计与教练方法;家校协同与家庭支持,A动作信号,正文将动作、认知和参与表现对应到现场调整,proposed,,passed
1387,1185,2f7d7a24a6909bc6465ef2f0691fc0b255673484d78265786e80ec54e6fad854,课堂问题ACE拆分,体测与观察评估,课堂问题多维归因,教学设计与教练方法;家校协同与家庭支持,一个问题可能有多个维度原因,核心是避免标签化并按ACE拆分课堂问题,proposed,,passed
1388,1186,145e275069f34670710d828f270699d8a8661d78257672f51a9c7eb41a683c38,家长反馈结构,家校协同与家庭支持,结构化家长反馈,教学设计与教练方法;安全防护与健康边界,不直接下医学诊断,卡片规范反馈顺序、家庭观察点和解释边界,proposed,,passed
1389,1187,354da7d1175be64029ef3695cfddf9d7d2d43738e711d1791e747da125d1a61f,解释边界与误区,安全防护与健康边界,医学解释与承诺边界,家校协同与家庭支持;教学设计与教练方法,不做结果承诺,主旨是禁止诊断暗示、绝对结论和结果承诺,proposed,,passed
1390,1188,3fa058b217df5126abd0102b527f9489aa9051f690f881dea983e650402aedb7,2-4岁发展特点,儿童生长与发育,2-4岁动作认知与社会性,教学设计与教练方法;家校协同与家庭支持,指令应短、简单、具体,卡片综合描述低龄儿童发展特点和相应教学沟通,proposed,,passed
1391,1189,5bdcafcbd1897d23cdbaa884b95675749c9f1d720f6a1f226eb2fad4b0380114,4-6岁发展特点,儿童生长与发育,4-6岁规则与基础动作,教学设计与教练方法;家校协同与家庭支持,规则意识、基础协调和模仿能力快速发展,卡片围绕年龄阶段动作、认知和课堂结构展开,proposed,,passed
1392,1190,2d5ae4ddcaf7f454bc94ef7b3d80698965dcd764fa5a792bf4a5312f38cfed9f,6-9岁发展特点,儿童生长与发育,6-9岁动作质量与协作,教学设计与教练方法;体测与观察评估,理解规则和控制动作的能力明显提升,卡片说明阶段动作、目标和小组协作要求,proposed,,passed
1393,1191,bff147634fff241a441d6c79e16b6a4b863b40840628f6a086a842884771cb3a,9岁以上发展特点,儿童生长与发育,9岁以上专项化与训练意识,专项运动技能;教学设计与教练方法,动作模式成熟，可以追求专项化,卡片聚焦高龄儿童专项、系统训练和自我评估,proposed,,passed
1394,1192,128192cff9d1f2df8744414fccbf230a67d1a7ecfea3ac965196458fc7084886,四个发展维度,儿童生长与发育,动作认知情绪社会性四维,家校协同与家庭支持;体测与观察评估,儿童发展有顺序，但速度不完全一致,核心是综合观察四个发展维度并避免单一结论,proposed,,passed
1395,1193,16c390d2c058855e93a299e330e5f190653c20b3efff54649cb903f00ec23c42,敏感期理解,儿童生长与发育,敏感期的训练沟通边界,家校协同与家庭支持;安全防护与健康边界,"敏感期是训练的""黄金窗口""，不是""最后期限""",卡片强调不制造焦虑，但部分敏感期断言需专业复核,needs_review,专业复核,passed
1396,1194,ca6d7042b45a26d81aa85647ee073463de5e5652998c57646a0651becd5c3034,教练判断顺序,教学设计与教练方法,发展阶段与难度匹配,儿童生长与发育;家校协同与家庭支持,先判断孩子当前更接近哪个发展阶段,核心是按阶段、要求和情绪决定教学调整,proposed,,passed
1397,1195,ceec74fa2b6f78fb3fc6f14c40972de9c4dd352cd532a1d6636316ef11031080,家长沟通与误区,家校协同与家庭支持,阶段化沟通与比较边界,儿童生长与发育;安全防护与健康边界,不贴标签，讲发展,卡片规范家长沟通重点并避免横向比较和单一结果,proposed,,passed
1398,1196,5add9d412cc11acb33bd54c091c29eeaf055ff737db74d056dfc01f276ccf889,前庭觉,感觉统合,前庭觉定义与课堂支持,教学设计与教练方法;安全防护与健康边界,前庭觉主要管平衡和空间感,卡片主旨是前庭相关表现识别和降挑战调整，但含诊断暗示及疗效表述,needs_review,专业复核,passed
1399,1197,c60783db28f5479ad97dfa7eeac50cbe162edf5347ebbf018dd7c90298ee764f,本体觉,感觉统合,本体觉定义与课堂支持,力量与稳定性;教学设计与教练方法,关系到发力、控制、姿势和身体边界感,卡片解释本体觉表现和教学调整，但将表现直接归因于输入不足需复核,needs_review,专业复核,passed
1400,1198,73c24624e24e2d0e7f68c7df85141bd30c0b985d9609734406b1138631a9b218,触觉,感觉统合,触觉防御与渐进支持,情绪与心理支持;教学设计与教练方法,关系到对接触、材质、压力和环境变化的接受度,卡片聚焦触觉相关表现、尊重节奏和渐进接触,proposed,,passed
1401,1199,90d28f02dddbd85fad955dc818b6a38c096adffa285f48e278b9004565ec6440,视觉与听觉,认知注意与执行功能,视觉听觉输入与课堂调整,教学设计与教练方法;基础动作与身体控制,视觉和听觉是孩子接收课堂信息的主要通道,卡片要求区分视觉追随和听觉处理并给出教学调整,proposed,,passed
1402,1200,e9beb39927cda0918b8918e4446c6a45d2f1932719f8be05912b383fb22d67df,教学调整原则,教学设计与教练方法,降低复杂度与建立成功体验,感觉统合;课堂组织与行为支持,先降复杂度，再提要求,卡片提供多任务混乱时的结构化判断和渐进调整原则,proposed,,passed
1403,1201,18465c99e41c2d41568fac519c7c127b9f5c4c2cf630818147d8bd929f51bdf7,常见课堂场景,感觉统合,感觉调节与课堂情境支持,课堂组织与行为支持;家校协同与家庭支持,我们多用慢节奏和重反馈，帮助孩子感受身体位置和用力大小,正文针对平衡抗拒、身体边界及接触敏感调整感觉输入和任务负荷；将场景直接对应感觉系统问题的归因需要专业核实。,proposed,专业复核,passed
1404,1202,3baf544fa22aee58c9cf7a40cb2eb00bdf8649eeb17129e778877bf0080f02a4,家长沟通与边界,安全防护与健康边界,课堂观察反馈与医疗诊断边界,家校协同与家庭支持;感觉统合,不在课堂里替代医疗、康复或心理诊断,核心要求是以课堂事实反馈并守住诊断和转介边界，家长询问感统失调用于演练避免标签化表达。,proposed,无,passed
1405,1203,e44580e4bd9e183de122c3d2a0adb8d40b9db49cd24e7c7e1b82e645f18f9275,感统体操,感觉统合,基础动作中的多感觉整合,基础动作与身体控制;教学设计与教练方法,重点在基础动作模式、身体控制、平衡协调和感觉输入整合,正文明确把感觉输入整合列为课程目标并要求观察和降阶支持，基础动作承担整合训练的载体作用。,proposed,无,passed
1406,1204,1e7bd848b6b8eb6878eb344dbb46844c9c15e7bb9005f9b2c53e5fc517ef1fc0,篮球体能,专项运动技能,篮球控运节奏与传接配合,同伴互动与社会性,先建立控球和运球节奏，再谈投篮结果,教学顺序围绕控运球、停看传接和团队规则展开，向家长解释命中率用于说明篮球基础学习目标。,proposed,无,passed
1407,1205,a499cfec6355f867f2c503950030439d11677d1a2359b36ffe42746f57e41de2,跳绳,专项运动技能,跳绳节奏与手脚配合,基础动作与身体控制;耐力与体适能,先练起跳节奏和手脚配合，再追连续个数,重点是跳绳动作一致性和手脚节拍的建立，连续次数与速度作为专项进阶结果。,proposed,无,passed
1408,1206,4eb531197f93b0d4cb5a5a04ca4707dbbc902cb479c98f06f202ae43f76ca9af,中考体训,教学设计与教练方法,中考体育阶段训练计划与跟踪,专项运动技能;体测与观察评估;耐力与体适能,训练安排要围绕阶段目标，不随意跳项,正文讲解如何把体能储备、项目瓶颈、训练密度和复测组成备考计划，未展开某个考试项目的具体技术。,proposed,无,passed
1409,1207,3e3f82d91763ce80a6cfd8bbae46af8f472e26552a100c20e5d1db0dc8fd6461,搏击防身,专项运动技能,搏击动作控制与防身规则,安全防护与健康边界;课堂组织与行为支持,强调规则、距离、控制和停手意识,课程目标集中在搏击规范动作、力量控制和保护边界，规则教育贯穿专项练习与对抗进阶。,proposed,无,passed
1410,1208,b4a49c1657aa1dd2cd8d066acf49304be81fc8282ed4b31139936cdf2b4659a6,体态矫正,力量与稳定性,姿态觉察与肌群平衡控制,基础动作与身体控制,重点在姿态觉察、基础稳定、肌群平衡和动作控制,正文以发力位置觉察、基础稳定及代偿纠错建立姿态控制习惯，主要训练对象为稳定性和肌群平衡。,proposed,无,passed
1411,1209,2e6bba6a005499a8e223865d67957838457ea7aad864fe5f8dd137e31320b2e0,跑酷,专项运动技能,跑酷越障与落地控制,安全防护与健康边界;基础动作与身体控制,先做动作分解和落地控制，再做连续连接,教学围绕跑酷支撑、越障和落地连接展开，并规定保护位及风险控制作为专项进阶条件。,proposed,无,passed
1412,1210,8dc4b65baf8a6fbc29629319d707868c1a2ce7c82cc72669bf4c50c050c7dc18,课程判断框架,教学设计与教练方法,课程主目标辨析与能力匹配,销售与服务沟通;体测与观察评估,不同课程可以共享训练方法，但不能丢掉各自主目标,四问框架要求识别课程主目标和孩子卡点并检查课堂推进，跨课程推荐是能力匹配框架的延伸应用。,proposed,无,passed
1413,1211,d3902943fc9e11d19e28c53e87e763d54023502644c0712ba60895dc1df915cb,评估核心原则,体测与观察评估,评估解释原则与行动建议,家校协同与家庭支持,单次结果只能说明当下状态，不能代替长期判断,核心是限定单次测评的解释范围并把结果转化为近期训练方向，话术服务于评估原则的落实。,proposed,无,passed
1414,1212,6202d05856cb8eee1b8e7250b49b1ec2f9f4f291828b1916ddad4aa4ac35b018,三类评估来源,体测与观察评估,基础体测与课堂观察及复评整合,教学设计与教练方法,对比前后数据，判断训练效果,正文建立量化基线、真实课堂表现和阶段变化三类证据的互补框架；仅凭课堂表现好推断进步会很快需专业复核。,proposed,专业复核,passed
1415,1213,72017cca6dc645150631aeb02db444b428b46cb510ee3469073218cb246eb1d3,评估五问框架,体测与观察评估,优势短板识别与训练优先级,家校协同与家庭支持;教学设计与教练方法,这个短板更偏动作、理解还是参与,五问框架要求区分短板性质并筛选一至两个优先方向，家庭配合建议属于评估输出的一环。,proposed,无,passed
1416,1214,fff6af8822ee742af62b97047ebe6f26d40b11aad05a1d9183d0dd243b424790,首次体测,体测与观察评估,首次测评基线与风险项识别,安全防护与健康边界;情绪与心理支持,建立基线，不追求一次说完所有问题,首次测评以建立初始能力基线及识别掉队和风险项为目的，同时考虑紧张情绪对数据的影响。,proposed,无,passed
1417,1215,3554de1bc847d78214183159e702871c66773f1cceaf4043194f0028fc695a94,阶段复评,体测与观察评估,阶段复评趋势与训练调整,教学设计与教练方法,观察课堂表现是否同步改善,正文要求比较前后数据和课堂变化来判断当前方向并确定下一阶段重点，核心工作是动态复评。,proposed,无,passed
1418,1216,bbfd49ebaf32752235a643aa02da88eb2100b2a28aad252ad414aefe570ad87c,课堂观察评估,体测与观察评估,课堂多维观察与测评解释一致性,课堂组织与行为支持,体测后不只报分，要结合课堂表现解释含义,观察覆盖理解、参与、动作完成、情绪和社交并用于补充体测解释；从态度推断快速进步及能力无问题的表达需专业复核。,proposed,专业复核,passed
1419,1217,2a61bd866e3e363a290f70927dd1bcdef4d64272c60a50ec8a33cbf57c412a5f,家长沟通模板,体测与观察评估,评估结果反馈与家庭配合建议,家校协同与家庭支持;安全防护与健康边界,不把单次测评结果讲成绝对结论,四步沟通围绕测评优势、关键短板、训练方向和家长配合组织，主教学内容为评估结果的解释与输出。,proposed,无,passed
1420,1218,a24755502041df325c08ee6fa5a1cb09a14ede495d93f879d34c40ddb77b7389,教学核心原则,教学设计与教练方法,可执行教学表达与目标导向,课堂组织与行为支持,教学效果看学员行为变化，不看教练讲了多少,正文把听懂、做出和跟上作为教学成效标准，结合简短表达、秩序建立和目标导向游戏化形成通用教学原则。,proposed,无,passed
1421,1219,89133c800343a92190d6006cf71cb16b72b2246187f3e3e474e9de01b0097927,课堂结构设计,教学设计与教练方法,五段课堂结构与环节衔接,课堂组织与行为支持,主体训练：有主目标和清晰切换点,主要任务是设计从开场到结尾的五段课堂并让热身和应用服务主体目标，平衡训练仅作为结构设计案例。,proposed,无,passed
1422,1220,33e60e56cc1b6e164e2fe2386f8a6e069582090a1a57b9cf09eb9eddde0e797b,指令表达,教学设计与教练方法,简短指令与固定口令顺序,课堂组织与行为支持,用学员能理解的话，不用复杂术语堆砌,教学重点为注意提示、动作任务、关键要求和开始口令的表达顺序及用词控制，前滚翻用于演示分步语言。,proposed,无,passed
1423,1221,e59eabb1174682fb9c40385efcb3953f1f859a363d0bab81dc6ae0f875a0e564,示范与纠错,教学设计与教练方法,动作示范视角与纠错优先级,安全防护与健康边界,用可执行语言，不用抽象评价代替指导,正文规定示范可见性、速度与视角以及安全到细节的纠错顺序；膝盖内扣必然受伤和调整后不会受伤的表述需专业复核。,proposed,专业复核,passed
1424,1222,2f1a798d5787815fa07278da4889b55c778665e86c70965bb670b7a296da892b,氛围营造,课堂组织与行为支持,具体鼓励与竞争情绪调节,情绪与心理支持;同伴互动与社会性,对情绪波动学员先稳状态，再提表现要求,目标是通过过程鼓励、情绪接纳和竞争合作规则维持课堂投入及秩序，输赢后的情绪支持是其中的重要策略。,proposed,无,passed
1425,1223,6e2db6b1933135993f1c5a97e859e52cba4dbf5b06d0a9f947fae075e8a19d75,现场判断,课堂组织与行为支持,课堂推进与个别支持的现场决策,教学设计与教练方法;安全防护与健康边界,现在该统一推进，还是先处理个别掉队,正文要求依据整体状态、安全、时间和个体差异决定控场、个别支持与降阶时机，主要解决现场组织调度。,proposed,无,passed
1426,1224,7b57d36407a8d9f9a212c0464282a4e3edb01fc90434e47bd67bf3de15e0528d,常见误区,教学设计与教练方法,教学表达与纠错负荷的误区修正,课堂组织与行为支持,纠错抓太多点，导致学员不知道先改什么,四类误区涉及讲解过量、规则变更、多点纠错和结构缺失，演练训练教练识别问题并调整教学方法。,proposed,无,passed
1427,1225,7057b80d92e802702c21bc17dabd30fa565df1892a61a42da91159874a851e15,安全基本原则,安全防护与健康边界,安全降阶与异常处置优先级,课堂组织与行为支持,先处理人，再处理课堂，再处理记录,核心要求以安全条件和可控能力决定动作降阶，并在异常时优先照顾学员再恢复课堂和补记录。,proposed,无,passed
1428,1226,8314e9b4df46e848f1af39ecb6299416be234b61097730a1cd03795f8ad3b89d,安全判断,安全防护与健康边界,动作风险识别与保护配置,课堂组织与行为支持,哪些动作有离地、翻滚、冲撞和跌落风险,围绕动作风险、学员状态、人员配置和继续条件建立安全判断顺序，主教学目标是课前与课中风险决策。,proposed,,passed
1429,1227,8a7c1d8bfb398a62ca537ad3fb18a238f96c55e5c22dcf5591f22046ef7c0322,常见风险场景,安全防护与健康边界,风险场景识别与升级处理,课堂组织与行为支持,现场人员配置无法覆盖风险点,内容按动作、异常状态、环境和个体四类风险组织，并训练何时停止和升级处理。,proposed,,passed
1430,1228,4754a97e22f84863f4469e7d37d8650fa816cfe722663d0efd858405875bd28d,异常处理顺序,安全防护与健康边界,异常事件现场处置流程,家校协同与家庭支持;课堂组织与行为支持,先处理人，再处理课堂，再处理记录,核心是发生异常后的五步处置、通知和留痕顺序，话术服务于安全流程。,proposed,,passed
1431,1229,5e75f28f0e291ef79b7466b46e91dfa0206e3138d11c2727d53a76b7c525d0a3,课堂预防,安全防护与健康边界,课堂风险预防与保护位配置,课堂组织与行为支持,只要保护不到位，就必须主动降阶或换项,正文重点是课前检查、规则统一、保护确认和降阶预防，具体动作只是应用场景。,proposed,,passed
1432,1230,9e524f973ab6f42520240c053f66ab87adeb1657e07e59c464cdea9c5b8a8506,急救边界,安全防护与健康边界,教练急救能力边界与升级,家校协同与家庭支持,教练不是医生，不做超出能力范围的处置,卡片明确教练可做的基础处理与不可做的诊断、用药和伤处移动边界，主旨是安全授权范围。,proposed,专业复核,passed
1433,1231,4c037532daa3b8caa8de70bad61834294463498ad350be0a607099a4cfaf1a9a,家长沟通,家校协同与家庭支持,伤情事实沟通与家长告知,安全防护与健康边界;课堂组织与行为支持,讲事实、讲处理动作、讲后续安排,主要训练发生风险后的家长沟通结构、统一口径和避免抢结论，安全事件是沟通情境。,proposed,,passed
1434,1232,58fd4c49b95bbe9e8d8701920d56e9cb23975a6c1418dc7c505007b54e4776f9,单排,教学设计与教练方法,讲解队形选择与镜面示范,课堂组织与行为支持,单排是一种不常用的讲解队形,正文比较不同讲解队形的适用人数、场地和示范方式，当前卡片主旨是单排在教学组织中的使用边界。,needs_review,需核对视觉对应关系,passed
1435,1233,ff8f81d039ea3581790ad8f7ff8fbb6de12742e879da4fc235a7df58e1995436,平行,教学设计与教练方法,讲解队形选择与示范站位,课堂组织与行为支持,平行队形是特定动作讲解队形,正文说明平行队形的适用人数、场地、年龄和正面镜面示范要求，主旨是队形组织。,needs_review,需核对视觉对应关系,passed
1436,1234,915f93f476e64bc858b6b909f79ec307f0de97275c212dda48ca06328b7ad4cd,梯形,教学设计与教练方法,讲解队形选择与教师站位,课堂组织与行为支持,梯形是最常用的讲解队形之一,正文重点是梯形队形的适用范围、人数场地限制及等距站位，属于讲解组织方法。,needs_review,需核对视觉对应关系,passed
1437,1235,df9d97c052a2d5dd5410320cbc496bfab2e9f29609239f53aef470686136c3f2,U形,教学设计与教练方法,讲解队形选择与视线覆盖,课堂组织与行为支持,U形是常用的讲解队形,正文可见内容说明 U 形适合人数较多且场地受限的情境，完整适用细节被截断，需核对原始视觉内容。,needs_review,需核对视觉对应关系,passed
1438,1236,b3a8a9dca4de8bf1ff0767b3b1bee6ea30723dd387835887d0960f46c618bcd6,圆形,教学设计与教练方法,讲解队形选择与示范组织,课堂组织与行为支持,圆形和错位。01方阵方阵是常用的讲解队形,卡片正文只保留队形长摘录且在圆形具体说明前截断，无法充分确认该卡片的独立教学要点。,needs_review,需核对视觉对应关系,passed
1439,1237,56e10626b2b8b3799d1279cc3e64b4a6b0c32a92eb07d83b52ab3b5debfb6798,错位,教学设计与教练方法,讲解队形选择与错位站位,课堂组织与行为支持,错位。01方阵方阵是常用的讲解队形,卡片主要内容是共享摘录，错位自身说明被截断，分类方向可判断但证据不足以支持完整提案。,needs_review,需核对视觉对应关系,passed
1440,1238,3aabc9971419a7b235a1bc0d916a028309f93a3718e04c51a4583baf34bdf533,宾果5.0标准课程模板,教学设计与教练方法,标准课程结构与教案模板,体能与专项训练组织,全套 591 份教案,卡片定义全套课程通用的七板块顺序、时长和字段，是课程设计模板；模板并存风险属于质量问题。,proposed,,passed
1441,1239,ee71e261d6bb9cac2bc10e4d643f52ffdc84f42abd7adeb878d9274e68803e5d,课程信息头设计规范,教学设计与教练方法,教案信息头与课程目标字段,体能与专项训练组织,按 7 个固定字段逐一填写,核心是开课前统一记录日期、教练、RPE、动作和目标等教案头字段，服务于教研与培训口径。,proposed,,passed
1442,1240,719acb5d8e1d0824438a104ca4f6ceafc1561b35b5cc2b1e325cd08cdcdc92d8,情景模拟口令教学法,教学设计与教练方法,情景化口令与年龄适配,课堂组织与行为支持,以情景化叙事承载训练指令,主旨是用年龄适配的情景叙事和固定口令结构组织课堂，游戏名称属于教学形式。,proposed,,passed
1443,1241,841e4075f93e21c4f044b08702419cecfe76f7c3936b1d81b57a2162ee082ee4,课堂总结与下课仪式规范,教学设计与教练方法,课堂总结反馈与下课仪式,同伴互动与社会性,表扬要落到具体动作细节而非笼统夸奖,内容规定课末点评、具体表扬、鼓励、奖励和礼仪收尾，核心是总结反馈与课堂收束。,proposed,,passed
1444,1242,304c0bf9926658d2cf7da0245b1ccd5bf2c59668eacb986696659207fd5bcfa5,负荷设计原则,教学设计与教练方法,训练负荷参数与年龄递进,耐力与体适能;力量与稳定性,通过「次数时间、组数、组间休息、RPE」四要素控制负荷,主要解决不同年龄和课程的训练负荷设计与递进，RPE 倒挂和器械负荷需要专业复核。,proposed,专业复核,passed
1445,1243,880bfb5c3deea3389c6fdf75ff44b29e1a2e1830b6cdb81b425c148793c6c13a,心理品格塑造分层设计,教学设计与教练方法,品格目标年龄分层与课堂落实,情绪与心理支持;同伴互动与社会性,按年龄分层设置品格目标并在课堂总结中强化,主旨是把心理品格目标按年龄和课程分层并落实到课堂行为，训练活动是承载方式。,proposed,,passed
1446,1244,713ac43def9b431a2dca417d35a2d9bfce84e498abd50bfc6afcb79dfaac9933,教学注意事项四件套,教学设计与教练方法,示范纠错与进降阶教学,安全防护与健康边界;课堂组织与行为支持,依据掌握度灵活进退阶，控制难度与负荷,四件套集中解决示范、纠错、指令和难度负荷调整，是通用教练教学动作。,proposed,,passed
1447,1245,9a57098ca9b911ad1f3120b634437f061e60d6cb8a428ab920fbea6f60814d9d,篮球三段课程体系组织,专项运动技能,篮球课程体系与技术递进,教学设计与教练方法;力量与稳定性,分为入门、基础、强化三段,内容围绕篮球 108 课的三段技术链、升班衔接和专项加体能组织，篮球是核心教学目标。,proposed,,passed
1448,1246,9e5f611984cb468b9b85ac4ed982c76e90b1bc965a112e68497c8b2dc39137e2,方阵,教学设计与教练方法,讲解队形选择与镜面示范,课堂组织与行为支持,方阵是常用的讲解队形,正文说明方阵适合人数较多、低龄或规则意识较弱等讲解情境，卡片自身未提供完整独立流程。,needs_review,需核对视觉对应关系,passed
1449,1247,722a450d6354a1ae41e78d0b8b94ee7ac5351cdfac8054e3156a7679e7866f93,风儿和藏羚羊：大班活动组织流程,速度敏捷与反应,四散追逐跑与空间避让,课堂组织与行为支持;同伴互动与社会性,继续学习四散追逐跑,主要活动目标是四散追逐跑、躲闪和奔跑能力，组织提示集中于方向、空间距离和避免碰撞。,proposed,外部素材需专业复核,passed
1450,1248,8898bb10c90ecefbe474514c0e0b146b1a23d9c4abdb84d2be4579120e6048b7,35套3-6岁幼儿体适能系统化训练计划（原文计划集合）,儿童生长与发育,3-6岁训练计划资料边界,教学设计与教练方法,原文标题明示对象为3-6岁幼儿,正文只有计划集合标题和对象信息，训练内容在配图中且未核对，主旨只能暂定为幼儿训练计划资料，需复核。,needs_review,专业复核,passed
1451,1249,292a08b61929227ead6a74b4fd442a714930ab771322ec5dbcb2a5c816cea5a2,大班体适能训练计划——风儿和藏羚羊,速度敏捷与反应,四散追逐跑与躲闪,同伴互动与社会性;儿童生长与发育,目标：继续学习四散追逐跑，发展身体灵敏性及奔跑能力,卡片明确训练目标、追逐跑游戏和空间避让要求，主教学目标是敏捷奔跑与躲闪。,proposed,外部素材需专业复核,passed
1452,1250,315bb180518b1e6efee2cf336efc614e728155f4b43d39996230025127512705,日常拉伸训练：站姿拉伸组合,柔韧与活动度,站姿动态拉伸与呼吸控制,安全防护与健康边界,设计一套能在短时间里完成对全身大肌肉群完成拉伸的动作组合,核心是短时无器械站姿拉伸、动态拉伸、呼吸和渐进负荷，具体动作图示未完成视觉核对。,needs_review,需视觉核对并专业复核,passed
1453,1251,e5823c4e5099b2ad23cb52888949a8de2511adb45cfc83cc0831d2e25dc6cb02,日常拉伸训练：混合拉伸组合,柔韧与活动度,日常全身动态拉伸与放松,,完成对全身大肌肉群完成拉伸的动作组合,正文针对长期伏案后的全身肌肉放松安排站立徒手动态拉伸；动作清单仅存图片且适用对象未说明，需核对组合内容。,needs_review,内容不足,passed
1454,1252,3c789a7c64bd174e27ce4ce22441fbab52e43fd918821af5447e05901b218447,热身准备拉伸训练,柔韧与活动度,运动前动态拉伸与关节活动范围,安全防护与健康边界,可以增加身体各关节的活动范围,主目标是运动前以动态拉伸扩大关节活动范围并升温；运动损伤预防是关联目标，具体动作依赖缺失图示，需核对后细化。,needs_review,内容不足,passed
1455,1253,f8ca0e9615ebb42db01092f7e0f50c5daeafca423873494f742f68d3d1820524,形体改善拉伸训练：健康背部拉伸组合,柔韧与活动度,躯干背部拉伸与姿势改善,力量与稳定性;安全防护与健康边界,本套动作主要用于增强和拉伸躯干与核心区域的重要部位肌肉,正文以动态拉伸组合处理背部及姿势并兼顾核心增强；缺少动作清单使拉伸与强化比重难判，健康背部和姿势改善的效果表述及疼痛适用性需专业复核。,needs_review,专业复核,passed
1456,1254,74ad20515ad622ec3de24cd17123cc5e46d6eb7fe7d60af06248820ff6d26c99,形体改善拉伸训练：健康颈椎拉伸组合,柔韧与活动度,躯干背部拉伸（颈椎标题待核）,力量与稳定性;安全防护与健康边界,儿童青少年将拥有更加健康的背部,标题指向颈椎而正文目标与注意事项均指向躯干和背部，暂按实际正文归背部拉伸；需核对错配和缺失图示，并复核确定性健康效果。,needs_review,专业复核,passed
1457,1255,b535791f431b2a68a8c9a5f07c2f8e2d7455f018a596d1d7f120c81f70898b9f,运动素质发展拉伸训练：一般力量素质训练拉伸组合,柔韧与活动度,力量训练后的针对性拉伸,力量与稳定性,静态拉伸为主，辅助动态拉伸,正文在卧推等力量练习后安排按训练部位选择的拉伸，核心内容是训练后牵拉；动作依赖图片，显著改善力量及缓解疲劳的效果主张需专业复核。,needs_review,专业复核,passed
1458,1256,41b7d05200c7f81cd45e72d761f8f47bab1bd533f6b18d21db440e842b3dbf80,运动素质发展拉伸训练：耐力素质训练拉伸组合,柔韧与活动度,训练后拉伸（耐力标题待核）,力量与稳定性,根据力量训练或训练部位需要，可适当优选训练手段,标题为耐力素质但正文列卧推和弯举等力量练习后的拉伸，按正文暂归力量训练后牵拉；需核对标题错配、缺图和改善力量的效果依据。,needs_review,专业复核,passed
1459,1257,2f6060c88f50eca0e51c8a8ff4f95b774b29440d13fe51996e4c5b5929c880bf,运动项目拉伸训练：上肢爆发力项目拉伸组合,柔韧与活动度,上肢爆发力项目的颈肩躯干拉伸,力量与稳定性,改善以上肢爆发力为主要竞技表现的机体柔韧性,明确以柔韧性和颈部上肢躯干灵活性为目标，爆发力项目是应用背景；具体组合仅见图示，疲劳恢复效果与统一牵拉时长需专业复核。,needs_review,专业复核,passed
1460,1258,9235acdbe660a25d48b53a0a7c439976997814448ee8db291b472c7c221443ba,运动项目拉伸训练：下肢爆发力项目拉伸组合,柔韧与活动度,上肢及躯干拉伸（下肢标题待核）,力量与稳定性,此类运动要求颈部、上肢和躯干肌肉的协调配合,下肢爆发力标题与正文的上肢及躯干部位冲突，依据正文暂归上肢相关拉伸；需核对原图及部位错配，并复核加速疲劳恢复的主张。,needs_review,专业复核,passed
1461,1259,0af181506a2dd2e1c689b59f7f0e8503f3405757d3602280a50604b750b84c41,运动项目拉伸训练：耐力性项目拉伸组合,柔韧与活动度,上肢项目拉伸（耐力项目标题待核）,力量与稳定性,保持上述部位的协调能力和灵活性,正文持续围绕上肢爆发力项目的颈部上肢躯干柔韧性，耐力项目仅见标题；缺少动作图示以确认适用专项，恢复效果亦需专业复核。,needs_review,专业复核,passed
1462,1260,ae5768d151ccd59083a48558cd789baee2a62bc38ad9b1253fbec36a0735bbf9,2026-07-04_儿童青少年力量训练计划全攻略：科学训练设计 + 核心注意事项深度解析,力量与稳定性,青少年全身抗阻训练编排与负荷进阶,教学设计与教练方法;儿童生长与发育;安全防护与健康边界,青少年力量训练应循序渐进，系统规划。,全文以力量发展为中心讲解顺序、频次、呼吸及弹力带实心球杠铃方案；发育年龄界限、停训消退比例和儿童高负荷建议缺少充分条件，需专业复核。,proposed,专业复核,passed
1463,1261,562ebc222ad37232e60419742e2257340cd526f71ae2fc75285017e6c9d1fb15,初级/初阶 training plan,力量与稳定性,全身抗阻与速度力量训练（分级待核）,儿童生长与发育;教学设计与教练方法;安全防护与健康边界,这是一种全身力量练习，可以提高肩部、上肢、下肢和核心区域的力量,正文从弹力带全身力量延伸至实心球和高中最大力量，初阶卡实际含全部学段；需核对分卡边界，体重三分之一和最大力量80%以上的年龄化负荷及肌群命名需专业复核。,needs_review,专业复核,passed
1464,1262,4397910055b60bcc4126e182c36a287c563402cabc5398f04a882c78ed693374,中级/中阶 training plan,力量与稳定性,全身抗阻与爆发力训练（分级待核）,儿童生长与发育;教学设计与教练方法;安全防护与健康边界,提高运动员在扔、摆、旋转这些技术动作中的力量和爆发力,实心球练习用于全身力量及爆发力发展，全文还包含小学弹力带与高中最大力量；中阶标签未对应独立正文，需重核切分以及统一年龄负荷和投掷接力安全条件。,needs_review,专业复核,passed
1465,1263,76ab977b1d5d8d5612393b7397d3dc1e4d3292acb05faf8eb3d17ac78d35bf27,高级/高阶 training plan,力量与稳定性,全身抗阻与最大力量训练（分级待核）,儿童生长与发育;教学设计与教练方法;安全防护与健康边界,通过大重量的负重练习促使肌纤维横断面积的加大,主要内容是全身力量发展并包含增肌及肌内协调训练；高阶卡同样收录小学至高中全文，需核对分级边界，强制完成末组与高负荷处方需专业复核。,needs_review,专业复核,passed
1466,1264,752c917bee5a02ccf0a4e088f4bc8984baac98d90af838bdb86ca515a0a757bf,初级/初阶 training plan,力量与稳定性,躯干核心力量与耐力（分级待核）,基础动作与身体控制;安全防护与健康边界,跪姿平板支撑动作目的：发展腹横肌力量和耐力。,卷腹、弹力带侧屈旋转与支撑共同训练腹部力量及耐力；初阶卡含中高阶全文，需核对切分，静态跪撑按次数计量和直臂卷腹手位矛盾需专业复核。,needs_review,专业复核,passed
1467,1265,a6ab1024226dda432cf3f1b296807e63d06f6d4974138045263dddb0418b580b,中级/中阶 training plan,力量与稳定性,躯干核心力量与耐力（分级待核）,基础动作与身体控制;安全防护与健康边界,仰卧起坐触摸脚踝动作目的：发展腹直肌和腹斜肌力量。,正文以卷腹、触踝、负重侧屈和平板支撑发展核心力量，平衡是伴随能力；中阶卡重复收录全部等级，需核对边界及手臂位置冲突、统一频次的适用条件。,needs_review,专业复核,passed
1468,1266,1b1388e83bffb808dfb30ce34087b58dcc39feb80c645239efe131250414a7fa,高级/高阶 training plan,力量与稳定性,躯干核心力量与耐力（分级待核）,基础动作与身体控制;安全防护与健康边界,双脚交叉平板支撑动作目的：发展腹横肌力量和耐力。,举腿卷腹与单脚支撑围绕核心肌群力量耐力及稳定控制；高阶卡仍含初中阶全文，需核对分级提取，侧卧卷腹左右指令及统一支撑时长需专业复核。,needs_review,专业复核,passed
1469,1267,d19ee39a41c681c0e33f0ecf9895c22a15b63fc20306e55fba9f3388e08b391d,初级/初阶 training plan,力量与稳定性,颈部肌力与颈椎稳定（分级待核）,柔韧与活动度;安全防护与健康边界,收下颌训练动作目的：增强颈椎稳定性。,收下颌、头手对抗及肩颈练习以颈部稳定和肌力为中心，活动拉伸作为辅助；初阶卡含全等级，需核对切分并专业复核头部着地前滚和360度绕环的适用性。,needs_review,专业复核,passed
1470,1268,740d7ccc3781ff6acfa7584fda5a03f92abec03bff0361127972f5cf999326f5,中级/中阶 training plan,力量与稳定性,颈部肌力与颈椎稳定（分级待核）,柔韧与活动度;安全防护与健康边界,侧卧抬头动作目的：活动颈部关节，锻炼颈部肌肉。,全文通过颈部自重抬头、抗阻和肩部动作发展颈部肌力并辅以活动度；中阶卡含初高阶，需核对分级边界以及头部承重动作和按性别固定负荷的安全依据。,needs_review,专业复核,passed
1471,1269,36f8189f6cdc23c93e4c2ef277a7356d6091e771b12afc4fa94a69f52f12b7d3,高级/高阶 training plan,力量与稳定性,颈部肌力与颈椎稳定（分级待核）,柔韧与活动度;安全防护与健康边界,双手负重侧上举动作目的：加强颈部后侧肌肉力量。,负重侧上举和抬头保持明确以颈部肌力为目的，整卡同时覆盖初中阶；需核对高阶正文切分，并复核男女固定5与2.5千克负荷及肩部动作的颈肌归因。,needs_review,专业复核,passed
1472,1270,be2c9396434480e90bdd1f58749e731673099694f04c1e58c00351dd4183378b,初级/初阶 training plan,力量与稳定性,下肢髋膝踝肌力与稳定（分级待核）,基础动作与身体控制;安全防护与健康边界,脚尖走动作目的：增强踝关节周围肌肉稳定性。,蹬伸、弹力带踢腿、蹲跳和提踵围绕髋膝踝肌力稳定；初阶卡含全部等级，不稳定支撑也服务运动稳定目标，需核对切分并复核憋气及膝不过脚尖的绝对要求。,needs_review,专业复核,passed
1473,1271,069140a88889dcc003b5e05adf1247146f100ead0f63f3bf8f98f845b84ff32d,中级/中阶 training plan,力量与稳定性,下肢髋膝踝肌力与稳定（分级待核）,基础动作与身体控制;安全防护与健康边界,锻炼膝关节周围大肌群及深层小肌群,中级不稳定平面跳跃的明示目标是膝周肌群力量，支撑变化属于力量稳定训练条件；全卡含初高阶，需核对分级提取及不稳定面跳跃、憋气指令的儿童适用性。,needs_review,专业复核,passed
1474,1272,935ce2e5b49a9eca351c501173d69f17e66252bd4260dcbf72415510395c6c67,高级/高阶 training plan,力量与稳定性,下肢髋膝踝肌力与稳定（分级待核）,基础动作与身体控制;安全防护与健康边界,平台单腿跳动作目的：锻炼膝关节周围肌群。,平台跳和弹力带跳以髋膝踝肌力稳定为主要目标，跳绳也是踝稳定训练手段；高阶卡收录全级别，需核对切分，单脚上下平台与负重跳的进阶条件及憋气需专业复核。,needs_review,专业复核,passed
1475,1273,75ccb0a38974f7c01f429a81a4e1009911ccf849b3fce26d2784d0fdfacf4652,初级/初阶 training plan,力量与稳定性,背部伸肌与肩胛肌群力量（分级待核）,安全防护与健康边界,双手背部交叉背屈伸动作目的：发展竖脊肌力量。,背屈伸、飞鸟、划船及引体共同发展背部肌力；初阶卡实际含中高阶，需核对切分，负重最大幅度背伸和颈后引体的儿童适用性及肌群表述需专业复核。,needs_review,专业复核,passed
1476,1274,5108598e4b3eb53189a2ab2d9a30dc98aac0dae5daa36426e51faf36dae9fe8a,中级/中阶 training plan,力量与稳定性,背部伸肌与肩胛肌群力量（分级待核）,安全防护与健康边界,发展背部背阔肌、斜方肌、三角肌后束的力量。,飞鸟与划船段明确训练背部及肩胛相关肌力，全文兼有竖脊肌与引体练习；中阶标签未隔离其他等级，需核对切分以及划船手臂路线、肌群名称和背伸幅度。,needs_review,专业复核,passed
1477,1275,baa360f485864a0f647284c95202c8c75edfe9b74529ff0fe44763bc95a3538b,高级/高阶 training plan,力量与稳定性,背部伸肌与肩胛肌群力量（分级待核）,安全防护与健康边界,弹力带直腿硬拉动作目的：发展背阔肌、竖脊肌力量。,两头起、硬拉及引体向上以背部伸肌和拉力肌群为核心目标；高阶卡仍含全部等级，需核对切分，并专业复核最大限度后挺和单杠接近肩胛位置的颈后引体要求。,needs_review,专业复核,passed
1478,1276,f49a0ab5dba7d83e9d65f91b8e4907f1b206c5dcd3c738b06e334c5242147356,宾果5.0 篮球入门课 W10 训练计划（高低手运球）,专项运动技能,篮球／高低位运球切换,速度敏捷与反应,至小标志桶处低位运球5次交替进行6个标志桶,重点练习高低手运球并按大小桶切换运球高度后传接投篮；抛球抢跑承担辅助反应训练。,proposed,无,passed
1479,1277,91a665f307208c5e6f9c43e6df46a04333669a8649bd19d55105184e7464939f,宾果5.0 篮球入门课 W11 训练计划（高低手运球接体前变向）,专项运动技能,篮球／高低位运球衔接体前变向,速度敏捷与反应,高低手运球接体前变向，左右手各10次/1分钟,以高低位控球接体前变向为专门练习并在过桩和突破教练防守中应用；敏捷梯与折返跑辅助脚步灵敏。,proposed,无,passed
1480,1278,6186abcc3585a40f597a63d42360e0c467c09ed0924a70dfc2e9978713e093a7,宾果5.0 篮球入门课 W12 训练计划（跳步收球投篮）,专项运动技能,篮球／跳步收球与投篮衔接,速度敏捷与反应;基础动作与身体控制,最后快速运球变向绕桩至篮筐位置跳步停球投篮,重点动作及组合终点均要求跳步收球投篮；踏板跳服务手脚协调且口令抢桶提供反应训练。,proposed,无,passed
1481,1279,5e47f2c3c0dc73e7f17707866daa64c053b6e933dcfbc80980f1cc015ff28aa2,宾果5.0 篮球入门课 W13 训练计划（两步投篮脚步动作）,专项运动技能,篮球／两步投篮脚步与运球衔接,基础动作与身体控制,最后完成一次两步投篮动作,以两步投篮脚步为核心并接续行进间体前变向；敏捷环脚步叠加运球用于协调支持。,proposed,无,passed
1482,1280,1914e2827d17cf3c1300af83cdab53e8ab59e0efce4808d76b90a015a4c8dff8,宾果5.0 篮球入门课 W14 训练计划（单手低手位投篮动作）,专项运动技能,篮球／单手低手位投篮,力量与稳定性,至篮筐处进行一次低手位投篮,专门反复练习单手低手位出手并接入变向绕桩及运球开合跳；药球上举和支撑蛙跳属于辅助力量环节。,proposed,无,passed
1483,1281,1a8853c52f50f36412bccd5cfa9669241f58b87b13831cc6fd50af6cc007e922,宾果5.0 篮球入门课 W15 训练计划（单手中手位投篮动作）,专项运动技能,篮球／单手中手位投篮,基础动作与身体控制,单手中手位投篮动作，5次/1分钟,重点练习中手位单手投篮并以投篮接篮板启动运球急停变向组合；小锥桶接网球支持手眼协调。,proposed,无,passed
1484,1282,2ff41f58a72177d7700066f79f7d923c7acfc1b8634c91d3f63bdefdccf27741,宾果5.0 篮球入门课 W16 训练计划（单边胯下运球）,专项运动技能,篮球／单边胯下运球,力量与稳定性,单手运球向前推进到指定位置进行一次胯下运球,从胯下拨球进入单边胯下运球再在四个位置重复应用并接传球投篮；跳箱训练承担下肢力量目标。,proposed,无,passed
1485,1283,d04189a330f064a4d182b32b8baf0f5c4a1d9765cd133b800fe71afedba9862d,宾果5.0 篮球入门课 W17 训练计划（连续胯下运球）,专项运动技能,篮球／连续胯下变向运球,耐力与体适能,单手运球至指定位置进行3次胯下变向运球,由单边胯下复习推进到连续胯下运球并在多个点位连做后接三步投篮；分组yoyo跑为辅助心肺耐力训练。,proposed,无,passed
1486,1284,8a2b5405ad76b09594c1710da2e882cf864d6a391d4991bab7a9222d89dd7a3d,宾果5.0 篮球入门课 W18 训练计划（行进间胯下运球）,专项运动技能,篮球／行进间胯下运球,速度敏捷与反应;基础动作与身体控制,进行6次行进间胯下变向运球,原地胯下球性练习后沿路径训练移动胯下变向并衔接投篮；左右移动接球和运球击飞盘支持协调反应。,proposed,无,passed
1487,1285,e02184e7f27d665d4c56350319a04b105aab1676baa6b03a2435f2327e1b86ff,宾果5.0 篮球入门课 W19 训练计划（胯下运球衔接投篮）,专项运动技能,篮球／胯下运球衔接投篮,力量与稳定性,最后至篮筐处进行一次胯下运球接投篮,重点将胯下运球与投篮连成动作并在双人传球和运球拾物后应用；抛球越绳用于上肢力量辅助。,proposed,无,passed
1488,1286,5443bd699f9e29baeda8e7d34f1c7078c9ce71a15fe9c24bc2c03edda8e06d7f,宾果5.0 篮球入门课 W1 训练计划（双手拍球）,专项运动技能,篮球／双手拍球入门,力量与稳定性,行进间双手拍球：10米/20秒,从拍打与回弹接球建立球性再练定点及行进间双手拍球；药球胸前推击和侧向爬行补充上肢力量。,proposed,无,passed
1489,1287,df73bf4dfd10c452282d75e8ea254a67204573f0940dc7bdd8e012e6dcda18b5,宾果5.0 篮球入门课 W20 训练计划（传接球投篮）,专项运动技能,篮球／移动传接球衔接投篮,基础动作与身体控制;同伴互动与社会性,两两学员出发，相互位移传到球至篮筐处进行一次投篮,重点及双人循环均围绕移动传接后投篮；BOSU接传球明确服务平衡素质且布袋传球要求同伴配合。,proposed,无,passed
1490,1288,1d1d276b9bb6bb9a939e53450be94e1afa501ce277b39e5c05fc6ef50143cae6,宾果5.0 篮球入门课 W21 训练计划（过顶传球）,专项运动技能,篮球／过顶传球与跑动接球,速度敏捷与反应;基础动作与身体控制;认知注意与执行功能,随即快速跑动过程中接住教练传球衔接三步投篮,过顶传球专练后串联跑动接球和三步投篮；踏板传球支持协调且按颜色顺序找桶增加规则记忆要求。,proposed,无,passed
1491,1289,51a161cb093ad7be34bae6085660a4fec6d2eaa30c0b4345fb3a935df6c5bff5,宾果5.0 篮球入门课 W22 训练计划（三步投篮）,专项运动技能,篮球／三步投篮,速度敏捷与反应,快速运用体前变向绕过6个椎桶随后进行一次三步投篮,三步投篮既是专项重复练习又是绕桶运球后的终结动作；八字绕桩后看抛球加速抢球辅助灵敏反应。,proposed,无,passed
1492,1290,0b2c1a2dc5839834cc44c3e852ecfec2222f45cf888d3b0844df74755e043f99,宾果5.0 篮球入门课 W23 训练计划（行进间运球接三步投篮）,专项运动技能,篮球／行进间运球衔接三步投篮,力量与稳定性,直线运球推进接三步投篮,教学聚焦推进运球向三步投篮的连续转换并设置障碍变向前序动作；墙球推墙承担上肢爆发力辅助目标。,proposed,无,passed
1493,1291,64bd2a809cf1a8108473cfb7d3a2b963a6f090a5259c232ad44f06b2bc0194b7,宾果5.0 篮球入门课 W24 训练计划（跳步停球）,专项运动技能,篮球／跳步停球与投篮配合,速度敏捷与反应;基础动作与身体控制,持球学员跳步停球后投篮，无球学员接篮板球,跳步停球为专项重点并嵌入双人传球投篮接篮板流程；敏捷梯同时传接球用于协调敏捷支持。,proposed,无,passed
1494,1292,388fc2267c950714a7f055929f77532b4384cb61c9e3829290d8d652e1a40d5b,宾果5.0 篮球入门课 W25 训练计划（胯下变向运球）,专项运动技能,篮球／口令触发胯下变向运球,速度敏捷与反应,听见教练口令后立即进行胯下运球变向,从体前运球准备按口令切入胯下变向再投篮形成教学主线；接放标志杆辅助反应且曲棍球棒运球属于游戏环节。,proposed,无,passed
1495,1293,f43c3ce789056d83cc8d14e5a588ba03cd7445c576304832d11ca8edc4661bc1,宾果5.0 篮球入门课 W26 训练计划（跳步接球）,专项运动技能,篮球／跳步接球与变向衔接,力量与稳定性;同伴互动与社会性,跳步接住教练传来的球后一次体前衔接一次胯下运球6轮,重点是跳步接住来球后衔接体前及胯下运球；推药球砸墙球补充力量且背对背夹球接力练习合作。,proposed,无,passed
1496,1294,514877c57e4d3033cc776352fa4e3d50c571304108f1f0473b9c96be962360c3,宾果5.0 篮球入门课 W27 训练计划（体前双变向）,专项运动技能,篮球／体前双变向运球,速度敏捷与反应,于大椎桶前进行体前双变向运球4趟,重点练习双变向并在搬桶后的指定位置反复完成再接跳步投篮；阻力高抬腿后加速跑支持速度素质。,proposed,无,passed
1497,1295,3ac0e94fc872a6ed1b68048d1c2fdb11f95218d8352f9e9a70568a357d4e9abc,宾果5.0 篮球入门课 W28 训练计划（运球接单手传球）,专项运动技能,篮球／运球衔接单手推传球,速度敏捷与反应;力量与稳定性,将球单手推传给教练，随后快速绕桩跑接教练传球,主线为运球后单手推传并跑动接回球投篮；敏捷环接跳箱和Z字跑训练敏捷爆发且小推车仅用于游戏。,proposed,无,passed
1498,1296,c969ef12f560e105584d3850945a5971d1e15ec9cae6f58f953675b2a4bda850,宾果5.0 篮球入门课 W29 训练计划（行进间接地滚球）,专项运动技能,篮球／行进间接地滚球,速度敏捷与反应,加速跑接教练抛滚出的篮球后胯下变向绕过6个椎桶,专项练习跑动接滚地来球并衔接胯下绕桩投篮；听哨八字跑及侧向三步后的加速训练为速度灵敏辅助。,proposed,无,passed
1499,1297,0171af64d072abca5f049f0349c0ca65f9de17379db8e9d99ec91e7013035251,宾果5.0 篮球入门课 W2 训练计划（单手拍球）,专项运动技能,篮球／单手拍球与移动控球,力量与稳定性;速度敏捷与反应,单手拍球，左右手各10次/1分钟,由双手拍球复习进入左右手单手拍球再用绕桩拾物和对抗运球巩固控球；连续栏架跳抢球补充下肢力量及反应。,proposed,无,passed
1500,1298,00e67b17ffadc8b1acfdd6f069768d6e1a985262e93f184ed81ae3257be33ed5,宾果5.0 篮球入门课 W30 训练计划（半转身变向）,专项运动技能,篮球／半转身变向运球,速度敏捷与反应;力量与稳定性,运球至椎桶处进行半转身变向6个椎桶后跳步收球投篮,半转身变向专练后逐桶应用并接跳步收球投篮；跳箱落地接栏架跳和侧滑步用于灵敏爆发支持。,proposed,无,passed
1501,1299,91ba47cb44e628199c6cb51232c3be6c7d035890976e7b8aff336e5f82c32932,宾果5.0 篮球入门课 W31 训练计划（胸前传导球（直传、击地传））,专项运动技能,篮球／胸前直传与击地传球,速度敏捷与反应,重点训练动作：胸前传导球（直传、击地传）,分组练习两种胸前传球并以三次传接球启动变向运球组合；口令反应跑为辅助且心理品格列项仅表达培养目标。,proposed,无,passed
1502,1300,544206282e1aaba0a3a8b3e4f933fb2525623decc753827ce62a2a5eb59c0f6e,宾果5.0 篮球入门课 W32 训练计划（体前变向运球衔接半转身）,专项运动技能,篮球／体前变向衔接半转身,速度敏捷与反应,然后进行体前变向运球衔接半转身练习,重点将体前变向和半转身连贯完成并接投篮；敏捷环绕桩跨栏及加速跑支持速度敏捷且运球投沙包用于控球巩固。,proposed,无,passed
1503,1301,57b2581c3881156cad425e3d977d7e23270e29f61c2ac7c3aace483ab3d7f73b,宾果5.0 篮球入门课 W33 训练计划（接球三步投篮）,专项运动技能,篮球·接球三步投篮,速度敏捷与反应,加速跑接教练传球三步投篮,传球后跑动接球上篮贯穿重点与组合训练。,proposed,字段错位待核对,passed
1504,1302,d58a1df2a7085564fd3747afcf4fe5782837d981a57069ce0ae9148165e057e8,宾果5.0 篮球入门课 W34 训练计划（中手位单手投篮）,专项运动技能,篮球·中手位单手投篮,力量与稳定性,重点动作：中手位单手投篮,定位投篮与运球拾物后投篮为核心学习任务；三点支撑辅助核心训练。,proposed,字段错位待核对,passed
1505,1303,6bc5c33f9b0587a0cae786f812906f77bc7bfa6eed74a4f6e280b48edc3e2d91,宾果5.0 篮球入门课 W35 训练计划（中手位单手投篮）,专项运动技能,篮球·中手位单手投篮,速度敏捷与反应,运球推进至篮筐位置进行一次篮球投射,投篮重点训练结合跳步接球推进；追捕活动补充反应速度。,proposed,字段错位待核对,passed
1506,1304,cece0e449c7457e1a1c386c806be109497ac36fc80bad9c7df4eea997c31e367,宾果5.0 篮球入门课 W36 训练计划（高手位单手投篮）,专项运动技能,篮球·高手位单手投篮,力量与稳定性,最后复习高手位单手篮球投射,变向运球后完成高手位投篮为主线；跨跳用于下肢爆发。,proposed,字段错位待核对,passed
1507,1305,d6153e0ab273852bc773a676f024ba4ea3d8aea32952e476c020e9a731d98816,宾果5.0 篮球入门课 W3 训练计划（行进间单手运球）,专项运动技能,篮球·行进间单手运球,基础动作与身体控制,单手运球加速跑：10米/5秒,持续运球下完成信号停走与拾物绕桩以发展移动控球。,proposed,字段错位待核对,passed
1508,1306,0382fd52a92d6f1647da100a11c4b4296a785a1dcf1ee767bddd9efacd860350,宾果5.0 篮球入门课 W4 训练计划（交换手运球）,专项运动技能,篮球·交换手运球,力量与稳定性,行进间完成交换手运球绕桩,换手控球结合绕桩传接练习为教学主线；蹲跳为体能辅助。,proposed,字段错位待核对,passed
1509,1307,31ee223d4b983ef90c684258453546334f8672fbe36f186fdf7df24e309bb533,宾果5.0 篮球入门课 W5 训练计划（传接球）,专项运动技能,篮球·传接球与传球准确性,力量与稳定性,原地与教练进行三次传接球后运球绕桩,传接球练习及障碍后定位传球服务篮球传球能力。,proposed,字段错位待核对,passed
1510,1308,b4c2ee0fd8a1405ddc43d7556844a3ce7851e83dc41dd023ba7fd2603fd3e86d,宾果5.0 篮球入门课 W6 训练计划（原地体前变向运球）,专项运动技能,篮球·体前变向运球,基础动作与身体控制,需要通过体前变向运球穿过教练防守,从原地变向到绕桩和突破防守形成专项控球进阶。,proposed,字段错位待核对,passed
1511,1309,9d503760ad7159febc78944f84f67149cc4609f5c4a5ed061347af6b5c75ebff,宾果5.0 篮球入门课 W7 训练计划（体前变向运球基础移动脚步）,专项运动技能,篮球·变向运球与移动脚步,力量与稳定性,连续进行行进间体前变向运球脚步动作6次,重点把变向控球和步伐结合；仰卧起坐传球补充核心力量。,proposed,字段错位待核对,passed
1512,1310,21c55bf3675441b340f2f1f7a171b052aad7208fac7a9bf9a1f0cbb2a75a45e7,宾果5.0 篮球入门课 W8 训练计划（体前双手投篮）,专项运动技能,篮球·体前双手投篮,力量与稳定性,最后于小篮筐前进行一次双手胸前投篮,运球组合最终衔接双手投篮；药球推接为上肢辅助。,proposed,字段错位待核对,passed
1513,1311,88715605480d032b5542effaa3192f4ee349bc680f74886700b731a5e5ce21c9,宾果5.0 篮球入门课 W9 训练计划（运球收球投篮）,专项运动技能,篮球·运球收球投篮,基础动作与身体控制,最后直线运球停球接投篮动作,在移动和传接情境练习收球投篮衔接是主要目标。,proposed,字段错位待核对,passed
1514,1312,37250b3c47d17e63b7f6b046af3961377b32ed3723a8f82a2af9b3f1ddde9309,宾果5.0 篮球基础课 W10 训练计划（运球侧步停球）,专项运动技能,篮球·侧步停球,力量与稳定性,指定位置进行一次侧步停球,急停变向推进后侧步停球构成控球脚步专项训练。,proposed,字段错位待核对,passed
1515,1313,ceb683c7069b562ab830c0d0be3f9e51675777e326361cc051731e52b7a11246,宾果5.0 篮球基础课 W11 训练计划（运球侧步投篮）,专项运动技能,篮球·侧步投篮,速度敏捷与反应,进行一次运球侧步投篮,顺步绕桩接侧步投篮是重点；折返跨栏补充灵敏性。,proposed,字段错位待核对,passed
1516,1314,081d39606739d5df83148f0b29db1af2e38ba4e60a23a8acf05de63a43f53978,宾果5.0 篮球基础课 W12 训练计划（运球后撤步停球）,专项运动技能,篮球·后撤步停球,速度敏捷与反应,指定位置练习4次后撤步停球,绕桩变向后反复后撤停球；颜色接球任务属于辅助反应训练。,proposed,字段错位待核对,passed
1517,1315,5f5a069e85d94bf28682477d9cf67499c20a60220776cbfe14ef68ccacf873cb,宾果5.0 篮球基础课 W13 训练计划（运球后撤步投篮）,专项运动技能,篮球·后撤步投篮,速度敏捷与反应,完成一次运球后撤步投篮,多次变向后以后撤投篮结束组合训练，主目标明确。,proposed,字段错位待核对,passed
1518,1316,ee7f8f9e902af981a51e0142224afc41bea8fb2caacd5e5c8f8a536942e01c8e,宾果5.0 篮球基础课 W14 训练计划（移动接球投篮）,专项运动技能,篮球·移动接球投篮,力量与稳定性,快速侧步绕桩随后接球投篮,传球后无球移动再接球出手是主体；墙球训练辅助爆发力。,proposed,字段错位待核对,passed
1519,1317,a5fed04ff6abe53e23bafbca078ad35f36d7670daf66a9a990615db00017be57,宾果5.0 篮球基础课 W15 训练计划（移动接球投篮）,专项运动技能,篮球·移动传接与投篮,速度敏捷与反应,相互传接球至篮筐处进行投篮,双人移动配合通向投篮，虽组合字段错位仍可识别专项目标。,proposed,字段错位待核对,passed
1520,1318,93b10114fc2890ce12f49a8f34e6bc81d66ce7cbc162354fe4dae30fd64d3968,宾果5.0 篮球基础课 W16 训练计划（移动接球投篮）,专项运动技能,篮球·移动接球投篮,基础动作与身体控制,最后向前移动接教练传球进行一次投篮,跑动接球出手为主任务；BOSU传接球体现平衡控制目标。,proposed,字段错位待核对,passed
1521,1319,8f9cc1f4ab4409e214ce3ec287426574f773fba044aa477d1825bda06e8a79be,宾果5.0 篮球基础课 W17 训练计划（移动接球运球一步投篮）,专项运动技能,篮球·移动接球一步投篮,力量与稳定性,跑步状态接球依次运球停步投篮,变向传球后跑动接球衔接一步投篮；爬行抛球为辅助力量。,proposed,字段错位待核对,passed
1522,1320,ab5fde6a36c3ee10f7b55bf363f0eaa61d6369fb7f632fccf76fe652fcf6c0ff,宾果5.0 篮球基础课 W18 训练计划（移动接球运球一步投篮）,专项运动技能,篮球·移动接球一步投篮,基础动作与身体控制,最后接球运球一步投篮,双人传导推进最终完成一步投篮；踏板抛接补充协调训练。,proposed,字段错位待核对,passed
1523,1321,20e3b00eaa295d1106bb266f9edeb373904e654690df9779b980e908dad62966,宾果5.0 篮球基础课 W19 训练计划（运球顺步突破）,专项运动技能,篮球·顺步突破上篮,速度敏捷与反应,顺步突破运球上篮,变向传接后顺步突破上篮构成专项学习链。,proposed,字段错位待核对,passed
1524,1322,27c7181082c4af0e582150d286921c339db0a8cf9dcfa6d3a4442e398676f1cb,宾果5.0 篮球基础课 W1 训练计划（单手V字运球）,专项运动技能,篮球·单手V字运球,速度敏捷与反应;力量与稳定性,单手V字运球小步前进,从定位V字控球到移动跨步运球发展球性；栏架跳为辅助。,proposed,字段错位待核对,passed
1525,1323,0eaeb5b65836e0d26a2db2c0d23f2dd0b6346807086320c26abac8292992bd42,宾果5.0 篮球基础课 W20 训练计划（顺步突破）,专项运动技能,篮球·顺步突破上篮,力量与稳定性,教练面前完成一次顺步突破进行上篮,绕桩后突破防守完成上篮为主线；爬行与开合跳辅助力量。,proposed,字段错位待核对,passed
1526,1324,b83aefee49dc0efa459896caba97003fb431e30a31d25580b18d93e484a834ed,宾果5.0 篮球基础课 W21 训练计划（顺步突破）,专项运动技能,篮球·顺步突破与投篮衔接,力量与稳定性,顺步突破动作后单手运球单手推送跳箱,突破后控球推箱再投篮属于篮球组合；蒙眼随机走动及推箱负荷需专业核定。,proposed,专业复核,passed
1527,1325,a879933604da0f927d7c3dd9f8dea566cf0764458acc40dec1ebc063783ce20b,宾果5.0 篮球基础课 W22 训练计划（交叉步突破）,专项运动技能,篮球·突破步法与上篮,速度敏捷与反应,重点动作：交叉步突破,主目标写交叉步而组合写顺步，暂归突破步法并待确认具体技术。,needs_review,动作口径冲突;字段错位待核对,passed
1528,1326,e5939a5ce092fce69a6fafe04a532f24e89ff7536a6a3d3632314ab0b2929be2,宾果5.0 篮球基础课 W23 训练计划（交叉步突破）,专项运动技能,篮球·交叉步突破上篮,速度敏捷与反应;基础动作与身体控制,交叉步突破过教练身位进行一次上篮,绕桩接传球后交叉突破直接应用于上篮。,proposed,字段错位待核对,passed
1529,1327,a7d76bd4f5cf4befeaf3b6aa0e82d8661197886f1f56618948e130043ef52a13,宾果5.0 篮球基础课 W24 训练计划（交叉步突破）,专项运动技能,篮球·交叉步突破与变向,力量与稳定性,交叉步突破动作过教练身位后运球推进,突破与急停双变向上篮组成主要练习；推药球翻箱为力量辅助。,proposed,字段错位待核对,passed
1530,1328,25e5f79af95c9575b0d35ea8ccd44666792a08d58ab28439b60245cc9ec7dd28,宾果5.0 篮球基础课 W25 训练计划（防守侧滑步）,专项运动技能,篮球·防守侧滑步,力量与稳定性,另一人保持防守姿态进行侧滑步跟随,双人进攻防守配对练习侧滑跟随；卷腹辅助核心训练。,proposed,字段错位及项目数量待核对,passed
1531,1329,78ac8ec281de59e0848e1fd146c86c7e5716d029897cc90f7e4d9a0f1208c80f,宾果5.0 篮球基础课 W26 训练计划（防守交叉步）,专项运动技能,篮球·防守交叉步,耐力与体适能,进行交叉步动作防守跟随,依据进攻者推进练习交叉步防守；循环跳跃服务耐力。,proposed,字段错位及项目数量待核对,passed
1532,1330,5b80f587ead9daf72c7477fcf3073ac56fb5efe8cb68bb2cbafb790341780c0b,宾果5.0 篮球基础课 W27 训练计划（上步防守）,专项运动技能,篮球·上步防守,力量与稳定性,中间学员看谁持球则立即上步防守持球学员,传球情境中追踪持球者上步防守；头部附近掉放墙球接推需核定保护方式。,proposed,专业复核,passed
1533,1331,dc4df751996c58e1f729bb01374eab1139f13275f34f492e525a2acefdb31f51,宾果5.0 篮球基础课 W28 训练计划（原地转身投篮）,专项运动技能,篮球·卡位接球转身投篮,速度敏捷与反应,进攻者卡位接传球后转身投篮,两人攻防中的卡位接球转身出手是核心目标。,proposed,字段错位待核对,passed
1534,1332,62ebee6b412aee30eb58cfe8adaea1fda49499cf7d94220117bfb7246ee91ff0,宾果5.0 篮球基础课 W29 训练计划（原地一次运球转身投篮）,专项运动技能,篮球·一次运球转身投篮,耐力与体适能,篮下卡位接传球后一次运球转身投篮,篮下接球运一次球后转身出手形成明确专项技术链。,proposed,字段错位待核对,passed
1535,1333,c1c7464ce33571ef56735120406bca6549b17ba425872532194ab2f9cfbd4272,宾果5.0 篮球基础课 W2 训练计划（胯下变向）,专项运动技能,篮球·胯下变向运球,基础动作与身体控制;速度敏捷与反应,完成一次胯下变向动作,传接后胯下变向接侧探步强调控球衔接；脚步接球补充协调。,proposed,字段错位待核对,passed
1536,1334,8e85fd42635878f44bab47bb2f1333f35c31037a9f81c7e71cb891a522ed3808,宾果5.0 篮球基础课 W30 训练计划（一步停球投篮）,专项运动技能,篮球·接球一步停球投篮,力量与稳定性,接教练传球一步停球投篮,移动接传球后的停球出手为主要技术；撑球跳为辅助力量。,proposed,字段错位待核对,passed
1537,1335,0ca9d3b9f843049e26bdbc1f3303e87c3567a691a07bc9cb92af3f985be58696,宾果5.0 篮球基础课 W31 训练计划（运球一步停球投篮）,专项运动技能,篮球·对抗中一步停球投篮,速度敏捷与反应;基础动作与身体控制,根据防守人跑位状态进行运球一步停球投篮,根据防守站位选择控球停步出手是应用重点。,proposed,字段错位待核对,passed
1538,1336,8722481ab97dc475edbfec17b4765af9f056db5c6122edd6872fe6843224a187,宾果5.0 篮球基础课 W32 训练计划（未注明）,专项运动技能,篮球·体前与胯下运球组合,基础动作与身体控制,教练随机吹哨立即衔接胯下运球上篮,正文重点及组合均指向变向胯下衔接；头部缺项仍有充分分类依据，失误追加波比跳需复核。,proposed,专业复核,passed
1539,1337,e7566b4b36ec3706ca2b6c8d23adf23f7243c801e58a51a8a2e6d46cd0ce8a50,宾果5.0 篮球基础课 W33 训练计划（体前胯下运球组合）,专项运动技能,篮球·体前与胯下运球组合,力量与稳定性,完成一次体前胯下运球组合后上篮,移动中按哨声组合变向接上篮，跳箱训练辅助爆发。,proposed,字段错位及文字讹误待核对,passed
1540,1338,1892dfcc9b7e93bf9f1d5e1bdbe948bf91e22b5b79a0e9811a0f861d6b9a61e6,宾果5.0 篮球基础课 W34 训练计划（体前变向转身）,专项运动技能,篮球·体前变向转身上篮,力量与稳定性;基础动作与身体控制,保持体前变向运球前进听教练口令衔接转身上篮,主练变向转身到上篮的连接；单脚落地稳定属于体能辅助。,proposed,字段错位待核对,passed
1541,1339,eea857da0ed6e2d942e33c6a51d4f1c32f4036b361a2d3c89c07949325443672,宾果5.0 篮球基础课 W35 训练计划（体前变向转身）,专项运动技能,篮球·体前变向转身上篮,力量与稳定性,立即完成一次体前变向转身动作后上篮,哨声触发变向转身上篮为专项任务；墙球击推补充爆发。,proposed,字段错位待核对,passed
1542,1340,70fcaf5b9e8960a613ca1519b9222821c4ba0ae5ef5a93b9864ce9e3d0269a96,宾果5.0 篮球基础课 W36 训练计划（胯下体前转身变向运球组合）,专项运动技能,篮球·胯下体前转身组合,速度敏捷与反应,完成一次胯下体前转身变向运球组合动作后上篮,连续多种变向接上篮是主线；蒙眼学员随机移动的碰撞保护需复核。,proposed,专业复核,passed
1543,1341,bd02881276d8020f624513def9b67ec34d62c9cc31f1bb885a870fd2a2b3f469,宾果5.0 篮球基础课 W3 训练计划（体前胯下变向）,专项运动技能,篮球·体前胯下变向,力量与稳定性,进行一次体前胯下变向运球后再次推进小椎桶,反复推进与体前胯下变向后接三步投篮是主任务。,proposed,字段错位待核对,passed
1544,1342,c96696a349ddd0c0bcd90e290c9a15117db2c0e0c421216b847bd29bc5116e06,宾果5.0 篮球基础课 W4 训练计划（单手V字运球接体前变向）,专项运动技能,篮球·V字运球接体前变向,速度敏捷与反应,进行一次单手V字运球接体前变向,前进侧移后退中反复组合变向并接传球投篮，专项控球占主导。,proposed,字段错位待核对,passed
1545,1343,3863118cd910d84436d6ca291c28ac50bd9e433b1b1cf83e87e950d70e04bcb3,宾果5.0 篮球基础课 W5 训练计划（单手运球跨步胯下变向）,专项运动技能,篮球·跨步胯下变向,耐力与体适能,进行一次单手运球跨步胯下变向动作后继续推进,推进中跨步胯下变向再急停上篮形成教学主线。,proposed,字段错位待核对,passed
1546,1344,ba65d66ee77b3d33230612837184eb344b82e8838a32d9d5417135e9bff3a98b,宾果5.0 篮球基础课 W6 训练计划（未注明）,专项运动技能,篮球·运球一步投篮,速度敏捷与反应;基础动作与身体控制,先进行运球一步合球动作练习,正文从一步合球练到一步投篮，足以补充标题缺项的分类依据。,proposed,头部缺项及字段错位待核对,passed
1547,1345,f854b76058f6345c86d2c2dfa4bb70a9dc2cf4259bdbbe80d2d0f201a4cabb5d,宾果5.0 篮球基础课 W7 训练计划（运球一步投篮）,专项运动技能,篮球·运球一步投篮,基础动作与身体控制;速度敏捷与反应,最后至篮筐位置完成一次运球一步投篮,急停变向及梯上控球后衔接一步投篮为技术主线。,proposed,字段错位待核对,passed
1548,1346,74b477048ea4c96d0dfe5cdde7e697aa9777596b84d30108ce0effd09dd31a00,宾果5.0 篮球基础课 W8 训练计划（运球一步投篮）,专项运动技能,篮球·防守情境一步投篮,力量与稳定性,根据教练防守状态完成运球一步投篮动作,依据防守完成一步投篮是主要问题；药球推补充上肢力量。,proposed,字段错位待核对,passed
1549,1347,d9bf5f8848f52ec4a00b524659b7a05fe6291ed80ff2af33381bd8bc0eb7ecf2,宾果5.0 篮球基础课 W9 训练计划（体前变向一步停球投篮）,专项运动技能,篮球·体前变向停球投篮,速度敏捷与反应;基础动作与身体控制,完成一次体前变向一步停球投篮后返回起点,手势触发胯下推进后变向停球出手，重点在专项衔接。,proposed,字段错位待核对,passed
1550,1348,dbf744ee3958484d66cb38df120455b3c1a388d2a6a4501e775ceb2191500f6c,宾果5.0 篮球强化课 W10 训练计划（体前胯下背后运球）,专项运动技能,篮球·体前胯下背后运球组合,速度敏捷与反应;力量与稳定性,最后至教练面前完成一次背后变向运球衔接投篮,梯上体前变向与胯下绕桩接背后投篮构成多技术组合。,proposed,字段错位待核对,passed
1551,1349,618e1408123a2e1b9723da78d34848ad1ec15391b75ef15a7db6e85293bf83b9,宾果5.0 篮球强化课 W11 训练计划（体前胯下背后运球）,专项运动技能,篮球·多种变向的口令选择,基础动作与身体控制;速度敏捷与反应,完成体前/胯下/背后运球或组合动作后完成上篮,跑动中依据口令选择变向组合并上篮，网球交叉接辅助协调。,proposed,字段错位待核对,passed
1552,1350,0a11c2380cb2f9a802288795689e3f6066eb11824a16d07bb596bcce2629141f,宾果5.0 篮球强化课 W12 训练计划（体前胯下背后运球）,专项运动技能,篮球·体前胯下背后运球组合,基础动作与身体控制,再进行一次体前胯下背后运球后上篮,原地组合控球转推进再组合上篮体现技术迁移。,proposed,字段错位待核对,passed
1553,1351,458d0b7595002f9063c07118ff6fa15b1bf6804b128a94e5fb1dfb11d288b592,宾果5.0 篮球强化课 W13 训练计划（运球转身）,专项运动技能,篮球·运球转身过桩,速度敏捷与反应,运球转身过四个椎桶回到起点,侧向运球脚步后连续转身过桩训练控球转向。,proposed,字段错位待核对,passed
1554,1352,bbedbd752b9b6e84befe67bf5fcc1b95c22b0e95fcfc84cc9365a071fb7d4ba4,宾果5.0 篮球强化课 W14 训练计划（运球转身）,专项运动技能,篮球·转身突破与上篮,力量与稳定性,完成一次运球转身动作过教练,转身过人接体前绕桩上篮为主体；侧爬俯卧撑补充上肢力量。,proposed,字段错位待核对,passed
1555,1353,cce13006e2a6157417e54aa012486f93104d798c52a4aef21a5e0bac5e0c244f,宾果5.0 篮球强化课 W15 训练计划（运球顺步突破）,专项运动技能,篮球·顺步突破投篮,速度敏捷与反应,运球顺步突破动作过教练后运球推进,顺步突破教练防守并推进投篮为专项目标。,proposed,字段错位待核对,passed
1556,1354,1edd0b2656f8d663747cdecb1b926166130d898ebf60e89e7725ab36e52eaf94,宾果5.0 篮球强化课 W16 训练计划（运球顺步突破）,专项运动技能,篮球·对抗中顺步突破,速度敏捷与反应;同伴互动与社会性,完成一次运球顺步突破动作后衔接投篮或上篮,两人攻防轮换中应用顺步突破，夹球接力提供合作练习。,proposed,字段错位待核对,passed
1557,1355,b9389d2a407f687e7b0f22c4062023746594c081238b6bbc5696bd4b98d22ea5,宾果5.0 篮球强化课 W17 训练计划（运球交叉步突破）,专项运动技能,篮球·交叉步突破衔接变向,力量与稳定性,完成一次交叉步突破动作后以体前变向动作绕过4个椎桶,交叉突破后变向绕桩接出手是主体；俯撑触摸辅助核心稳定。,proposed,字段错位待核对,passed
1558,1356,6d5d67f124396fd8dbf9be652816058a3eef648bf914d1e65637504569271106,宾果5.0 篮球强化课 W18 训练计划（运球交叉步突破）,专项运动技能,篮球·对抗中交叉步突破,力量与稳定性;基础动作与身体控制,完成一次交叉步突破后进行上篮或投篮,双人攻防应用交叉突破；跳跃空接网球辅助下肢协调。,proposed,字段错位待核对,passed
1559,1357,29179c8a7b8ffccc86e2164c7879171acecf75f840574c432e0663d496dbc5d3,宾果5.0 篮球强化课 W19 训练计划（三步上篮）,专项运动技能,篮球·变向衔接三步上篮,力量与稳定性,体前变向运球过跳箱衔接三步上篮,绕桩突破障碍接三步上篮为重点；单脚及跳箱跳为体能辅助。,proposed,字段错位待核对,passed
1560,1358,ebe403debb4157af13602c6860b02c5ee404e8af509de569d85e6eac5d7642b6,宾果5.0 篮球强化课 W1 训练计划（背后变向运球）,专项运动技能,篮球·背后变向运球,力量与稳定性,完成一次背后变向运球衔接投篮,绕桩转身后背后变向投篮为主体；同伴扰动支撑需明确力度与保护。,proposed,专业复核,passed
1561,1359,584280f88eb834fa5e8487fe9fd454f69b7f85dd9682789c6e3e618f3e7299ea,宾果5.0 篮球强化课 W20 训练计划（三步上篮）,专项运动技能,篮球·推进三步上篮,力量与稳定性,运球推进衔接三步上篮后保持运球,三步上篮与梯上控球循环练习为主；支撑球与药球推补充力量。,proposed,字段错位待核对,passed
1562,1360,e634fccca7991fff33edb501bd7939ae3d7e7e2b510dd2182115b39c4192e195,宾果5.0 篮球强化课 W21 训练计划（三步上篮）,专项运动技能,篮球·跑动接球三步上篮,基础动作与身体控制;同伴互动与社会性,接教练传球后完成三步上篮,跑动接传球再上篮为主要技术；转髋跳和夹球配合为辅助。,proposed,字段错位待核对,passed
1563,1361,1f97519bfbfb1a40754466e8deaaf505cce7c75cd8280efc5812e3aa4c3db020,宾果5.0 篮球强化课 W22 训练计划（投篮动作）,专项运动技能,篮球投篮动作与运球后投篮,力量与稳定性,原地投篮：1次，组数10组,重点动作反复练习投篮并在绕桩后完成投篮；靠墙静蹲为辅助下肢训练；器材栏混入指导文字,proposed,字段错位,passed
1564,1362,1f86a2ad9280034dc68e9cba8ccc55b65da4534877e81b9a403629cfd644daec,宾果5.0 篮球强化课 W23 训练计划（一次运球投篮）,专项运动技能,篮球接球后一次运球投篮,基础动作与身体控制;速度敏捷与反应,接教练传球后运一次球完成投篮,传接后运一次球投篮构成核心技术链；滑步敏捷梯和追逐补充协调敏捷；器材栏错位,proposed,字段错位,passed
1565,1363,896453ab7a09d869d83acd6aff56f9336f7207393469ef71c21e969daaee3e84,宾果5.0 篮球强化课 W24 训练计划（变向运球（体前/胯下/背后/转身）接投篮）,专项运动技能,篮球多种变向衔接投篮,力量与稳定性,一共完成四次变向运球后最后一次收球投篮,以连续变向后的收球投篮为主要技能任务；跪姿跳和单脚上箱为辅助体能；器材栏错位,proposed,字段错位,passed
1566,1364,d6beaba93ec1e0ee2d9e84ecd9b7a748c528986ce75593d9f6e6613471948025,宾果5.0 篮球强化课 W25 训练计划（体前双变向）,专项运动技能,篮球体前双变向与三步上篮,速度敏捷与反应;基础动作与身体控制,行进间体前双变向运球通过10个椎桶后收球三步上篮,专项练习和绕桩组合均围绕体前双变向并衔接上篮；抛接追球训练反应；器材栏错位,proposed,字段错位,passed
1567,1365,f980fa921d7e7b1d3af4c9117e2273a2922be5c8a005359e60a11d5ad4316a4a,宾果5.0 篮球强化课 W26 训练计划（分腿体前变向）,专项运动技能,篮球分腿体前变向突破终结,力量与稳定性,于教练前完成一次分腿体前变向接投篮或上篮,分腿体前变向在教练前应用并接投篮上篮是主要教学任务；爬行墙球为上肢辅助；器材栏错位,proposed,字段错位,passed
1568,1366,6126c383af05237c1ecc2e8029f1fc37aafc2870afbef9ec2f96449068a40d89,宾果5.0 篮球强化课 W27 训练计划（四大变向（体前/胯下/背后/转身））,专项运动技能,篮球四大变向整合应用,力量与稳定性;同伴互动与社会性,重点动作：四大变向，各10次，组数5组,四种变向重复练习再用体前与胯下衔接投篮；抗扰弓步和夹球合作为辅助；器材栏错位,proposed,字段错位,passed
1569,1367,892e21a663425e1230f149163f6d923d53f4be5f5e8dfe369273bc2b59d186af,宾果5.0 篮球强化课 W28 训练计划（四大变向（体前/胯下/背后/转身））,专项运动技能,篮球随机口令变向与终结,速度敏捷与反应,根据教练口令完成一次变向动作,随机口令下选择变向并上篮投篮强调篮球技术应用；落箱接球与追逐补充反应训练；器材栏错位,proposed,字段错位,passed
1570,1368,2c419d23de0b6a98a81e487cbc74eed2372d178d4a5f2e50144ac849621e053e,宾果5.0 篮球强化课 W29 训练计划（转身变向）,专项运动技能,篮球转身变向与上篮投篮,力量与稳定性,完成10次转身变向动作后上篮或投篮,转身变向的分侧练习与连续动作后终结构成主体；跪姿推药球是辅助力量；器材栏错位,proposed,字段错位,passed
1571,1369,c57e0b7b94f506fbb6937e800d2ae5ed3e6674018762f324cb5f0e4b6473fcc1,宾果5.0 篮球强化课 W2 训练计划（背后变向运球）,专项运动技能,篮球背后变向的听令应用,速度敏捷与反应,学员立即做一次背后变向运球后上篮,移动运球中听令背后变向并上篮是专项学习目标；小步跑冲刺补充敏捷；器材栏错位,proposed,字段错位,passed
1572,1370,de429243a7f7f11c333fd37194651cdcf7904f90ab957ec8487c903d5f002bbd,宾果5.0 篮球强化课 W30 训练计划（体前变向运球接转身）,专项运动技能,篮球体前变向接转身组合,基础动作与身体控制;同伴互动与社会性,体前变向运球接转身衔接上篮或投篮,传球跑位接球后使用变向转身组合并终结为核心；双人抛接夹球支持协调合作；器材栏错位,proposed,字段错位,passed
1573,1371,e505cc617ad6d99d91d61838160e958a9f5d806e3a4122eb62b0d400bbe0ef58,宾果5.0 篮球强化课 W31 训练计划（分腿胯下运球突破）,专项运动技能,篮球分腿胯下突破与传投衔接,力量与稳定性,重点动作：分腿胯下运球突破,分腿胯下过桶后接连续变向和传投构成主要技术练习；跳跃闯关为下肢辅助；器材栏错位,proposed,字段错位,passed
1574,1372,1fbabc17c786d39632e2532a090fb53cdc1644f0b23fd335ba44b08f53da6925,宾果5.0 篮球强化课 W32 训练计划（体前胯下变向组合）,专项运动技能,篮球体前与胯下组合变向,速度敏捷与反应;安全防护与健康边界,完成一次体前胯下变向运球组合上篮或投篮,绕桩后组合变向终结明确篮球目标；抛标志盘击打学员的躲避安排缺材质及击打部位边界需复核,proposed,专业复核,passed
1575,1373,53791318692443ce53ac31eb2bec12ce14ab18a4b45650f3443c17e9b3c810dd,宾果5.0 篮球强化课 W33 训练计划（胯下双变向运球过人）,专项运动技能,篮球胯下双变向过人与上篮,力量与稳定性;安全防护与健康边界,完成一次胯下双变向过人进行上篮,胯下双变向过人终结为主体；辅助负重蹲跳10次乘10组另叠加单脚跳且缺负重和休息参数需复核,proposed,专业复核,passed
1576,1374,528fbb3c3976ac7c1abf11d78fa8b2ba92dd046bdf10baa574a94418fa4fe638,宾果5.0 篮球强化课 W34 训练计划（背后变向运球）,专项运动技能,篮球背后运球接加速急停变向,力量与稳定性,原地进行5秒背后运球后加速运球推进,背后控球起动后急停变向上篮是主要技术链；支撑跳和推药球辅助力量；器材栏错位,proposed,字段错位,passed
1577,1375,9fd1bfd05dbc2252b5096c6b355769b59e971c2bd04d2e8edd3133a94bdcf9d6,宾果5.0 篮球强化课 W35 训练计划（背后双变向运球）,专项运动技能,篮球背后双变向与投篮衔接,力量与稳定性,完成一次背后双变向运球后继续推送,推桶移动中反复背后双变向再投篮体现专项控球目标；负重弓步为辅助体能；器材栏错位,proposed,字段错位,passed
1578,1376,33c7626a69b0b56b7102c338e64f6052658559a1ebc6f474ef687a43da24d62e,宾果5.0 篮球强化课 W36 训练计划（行进间背运过桩（背后运球、背后双运球））,专项运动技能,篮球背后过桩与下坠双运球,基础动作与身体控制,完成一次下坠背后双运球完成上篮或投篮,背后绕桩接下坠双运球后终结为核心；踏板抛接为协调辅助；器材栏含10min等错位值,proposed,字段错位,passed
1579,1377,264973604ccfcdbab3562c08e45be3c334da09a4c0d81ae62fbaf1aa76bce871,宾果5.0 篮球强化课 W3 训练计划（背后变向运球）,专项运动技能,篮球侧步背后变向与上篮,力量与稳定性,重点动作：背后变向运球，30秒，组数6组,侧步移动背后变向过桶接上篮与专项重复练习一致；单脚跳为辅助爆发；器材栏错位,proposed,字段错位,passed
1580,1378,fea472bfb4d440c58f374b0a92b600aa8a7fc6d8f197b80930233651f224a7c1,宾果5.0 篮球强化课 W4 训练计划（胯下变向运球）,专项运动技能,篮球胯下变向与接球投篮,速度敏捷与反应,胯下运球接投篮：1次，组数10组,胯下变向过桶传球后再次胯下收球投篮是主要技能；听令启停跑补充反应；器材栏错位,proposed,字段错位,passed
1581,1379,d5bad08c409e19928f9a610e1b6a2c871a393b67c57d360054952ef1965b5507,宾果5.0 篮球强化课 W5 训练计划（胯下变向运球）,专项运动技能,篮球胯下绕桩与传切上篮,速度敏捷与反应;力量与稳定性,胯下运球绕过4个椎桶将球传给教练,胯下过桶接传球跑位上篮突出运传投衔接；踏板与跳箱辅助敏捷爆发；器材栏错位,proposed,字段错位,passed
1582,1380,348337cf764a4630abc5ef039475992ab961a0c7503314f9b1d9f7815175d384,宾果5.0 篮球强化课 W6 训练计划（胯下变向运球）,专项运动技能,篮球侧移胯下变向与投篮,基础动作与身体控制,胯下运球变向：6次，组数10组,侧移到指定桶完成胯下变向并反复衔接投篮为主体；网球绕球抛接补充协调；器材栏错位,proposed,字段错位,passed
1583,1381,862d18a6e209b946308da8416f0e08ac41c5f1b553cf09a18234da1401bb804f,宾果5.0 篮球强化课 W7 训练计划（胯下背后变向运球）,专项运动技能,篮球胯下背后连续变向,基础动作与身体控制,胯下背后变向运球：4次，组数10组,推送器械中完成胯下背后变向后投篮是专项任务；多方位接球辅助手眼协调；器材栏错位,proposed,字段错位,passed
1584,1382,327f94c9356ecb00e36e8ef93e3b846dad4deae5fef273c8a91673a6cfb156a7,宾果5.0 篮球强化课 W8 训练计划（胯下背后变向运球）,专项运动技能,篮球抛接干扰下的胯下背后变向,速度敏捷与反应;基础动作与身体控制,进行一次胯下背后变向运球动作至下一标志桶位置再进行一次,单手运球兼顾抛接后反复组合变向投篮突出复杂控球；听令抢球辅助反应；器材栏错位,proposed,字段错位,passed
1585,1383,73fe5cdf0e48dc922aaaad1b8676af1f302ab056e2ac831889d2e0bfafa371d5,宾果5.0 篮球强化课 W9 训练计划（胯下背后变向运球）,专项运动技能,篮球听令胯下背后变向与绕桩,速度敏捷与反应,保持原地胯下运球状态听教练口令立即衔接背后运球,听令从胯下切换背后运球再绕桩终结构成主技术链；八字跑抛接为辅助；器材栏错位,proposed,字段错位,passed
1586,1384,998563663f50f1143fed81a5362306823dcff25e0413bd02da4520217722463b,宾果5.0 体能课 2.5-3岁 48周训练计划,基础动作与身体控制,幼儿跑跳爬投基本动作启蒙,教学设计与教练方法,以基本动作模式习得与运动兴趣激发为核心,八种基本动作螺旋练习与平衡爬行闯关支撑动作启蒙目标；周期乘式及组数口径前后不一致需核对,proposed,内容矛盾,passed
1587,1385,7f66082c88b963c65c05deb41b33a21e9405503716394bf79980adab4c833baf,宾果5.0 体能课 3-4岁 48周训练计划（注：缺W38）,基础动作与身体控制,幼儿跨越翻滚投掷的动作进阶,教学设计与教练方法,在保持兴趣的同时开始系统学习基本动作模式,跨越翻滚投掷及双板块闯关主要服务基本动作学习；正文明确W38空缺需补课但分类目标清晰,proposed,内容缺失,passed
1588,1386,9896e51f5456fe50658809d21a688bde76dbca4276ac5db94e1f4d16f2e9fc64,宾果5.0 体能课 4-5岁 48周训练计划,基础动作与身体控制,幼儿基本动作配对与复杂度提升,教学设计与教练方法,系统学习基本动作模式并逐步提升动作复杂度,侧弓步钻单脚站跳踏板和爬坡的配对进阶共同指向基本动作控制,proposed,无,passed
1589,1387,efdf2b4764773435d383e0b87f8a4bb77dd5782cd9a345c61a908ba14fc00cfa,宾果5.0 体能课 5-6岁 48周训练计划,基础动作与身体控制,幼儿平衡协调与复合动作学习,教学设计与教练方法,在动作学习基础上叠加双素质板块训练,重点动作学习结合平衡敏捷协调组合持续增加动作复杂度形成主线,proposed,无,passed
1590,1388,3a723f0ed8ee21e81a4afac9c8390c8500ff25f501a542efc934be6b3580819f,宾果5.0 体能课 7-9岁 48周训练计划,耐力与体适能,儿童多素质综合体能进阶,速度敏捷与反应;力量与稳定性;教学设计与教练方法,以灵敏速度、协调爆发、平衡耐力三大素质目标驱动,三类体能目标轮换覆盖跑跳投滚与心肺游戏；RPE倒挂和短休息负荷配置需专业核验,proposed,专业复核,passed
1591,1389,ad97beba30e17ade43831ef198efe5cdac1c3c3a00c63502e94a68ddd167d7aa,宾果5.0 体能课 9岁以上 48周训练计划,耐力与体适能,儿童综合体能周期训练与负荷递进,速度敏捷与反应;力量与稳定性;教学设计与教练方法,三素质目标（灵敏速度/协调爆发/平衡耐力）系统轮换,折返跑跳箱及耐力板块构成多素质训练；高RPE阶段统一短休息的适配性需专业复核,proposed,专业复核,passed
1592,1390,485204d273e30211bb588405b9a1656149d7b62c711bdf6e4c0204652accd54b,宾果5.0 增高课 5-6岁 36周训练计划,耐力与体适能,幼儿下肢速度爆发与肌耐力训练,力量与稳定性;速度敏捷与反应;安全防护与健康边界,以下肢速度、爆发力、肌肉耐力为核心,正文主体是三类下肢体能训练；低龄负荷已有审计警示且纵向发育关联表述需专业核验,proposed,专业复核,passed
1593,1391,1b5575c17abf5a265b8b66fc20d703af86e23c3245e0ddb959a64c52f88482c4,宾果5.0 增高课 7-9岁 36周训练计划,耐力与体适能,儿童下肢综合体能与肌耐力,力量与稳定性;速度敏捷与反应;安全防护与健康边界,下肢速度训练 → 下肢爆发力训练 → 肌肉耐力训练,速度跳跃和负重闯关构成课程主体；重型器械负荷及纵向发育关联和RPE倒挂需专业复核,proposed,专业复核,passed
1594,1392,8ef7a70d34e8803a3452891c710e6d95c7e4518d8675c7544aebf9cd30e7de38,宾果5.0 增高课 9岁以上 36周训练计划,耐力与体适能,高年龄段下肢综合体能进阶,力量与稳定性;速度敏捷与反应;安全防护与健康边界,无反向/有反向/单脚跳跃进阶,跳跃难度和负荷升级配合速度肌耐力训练体现综合体能目标；发育关联与高负荷进阶需核验,proposed,专业复核,passed
1595,1393,f9c78418d23b3f03a76285507402260a47ac5be019d6e05ea67f7721f1248fe2,宾果5.0 强化课 7-9岁 36周训练计划,耐力与体适能,小学体测项目的综合体能补强,速度敏捷与反应;力量与稳定性;柔韧与活动度,补力量、爆发、耐力、柔韧短板,正文教授达标动作并补足多项体能短板；测评操作和结果解释并非主体内容,proposed,无,passed
1596,1394,3ee7d89fd7118dddbb807cd62e5f17ae00b1e4e788cd638f6da1651aa8ba9982,宾果5.0 强化课 9岁以上 36周训练计划,耐力与体适能,小学体测达标动作与体能提升,速度敏捷与反应;力量与稳定性;柔韧与活动度,逐课聚焦一个达标项目,按体测项目轮换开展动作和综合体能训练；正文提示与低年龄段近乎同构需核对分龄负荷,proposed,分龄适配复核,passed
1597,1395,22e344ecfe33ddfc906e83e7ac2a955a32582ec4cb5c8d9fa019cd3631417dad,宾果5.0 跳绳课 8课训练计划,专项运动技能,跳绳基础动作与摇跳协调纠正,基础动作与身体控制;教学设计与教练方法,针对握绳姿势、准备动作、摇绳动作模式分组或针对性纠正,握绳空摇甩绳到连续跳的技能递进及个别纠错是主体教学目标,proposed,无,passed
1598,1396,4caf0620b544224357c5393014482cb18cf7af5611613ceafe88e928d801e40d,宾果5.0 篮球入门课 36周训练计划,专项运动技能,篮球球性启蒙与运传投入门,速度敏捷与反应;教学设计与教练方法,移动传接球 + 定位投篮循环,从拍球单手运球到传接投篮和比赛的螺旋技能线主导36课内容,proposed,无,passed
1599,1397,8a0d1237fb3f1d7033f1aa22f6fe5071bf218c62b453e2d433acfd9c2c4895a7,宾果5.0 篮球基础课 36周训练计划,专项运动技能,篮球行进间运球与完整技术链,速度敏捷与反应;教学设计与教练方法,以行进间运球为轴心的完整技术链,移动运球连接停球传投突破防守与转身形成专项学习主线,proposed,无,passed
1600,1398,5e44fa95fa6fb495f376c11cf601e4b61dc233d6fd554fd1fff395831afb6d8a,宾果5.0 篮球强化课 36周训练计划,专项运动技能,篮球进阶变向突破与对抗应用,力量与稳定性;教学设计与教练方法,每课一个进阶运球技术重点,复杂变向组合叠加突破上篮投篮和对抗构成主要教学目标；力量训练支持专项应用,proposed,无,passed
1601,1399,7a096263913fc94b1271eb4271162ce1d87a91d35d98f865a3f3de40dfe83707,0-3岁分龄感统训练方案（按月拆分）,感觉统合,婴幼儿分龄多感觉探索与刺激调节,家校协同与家庭支持;安全防护与健康边界,各阶段覆盖触觉、前庭觉、本体觉、视觉等系统,按感觉系统组织触摸摇晃追视并依据抗拒信号调整；固定训练剂量及持续三个月才咨询的阈值需专业复核,proposed,专业复核,passed
1602,1400,a785eb34639f948445501f0aecdd8fa94d321d481a4e37da56ab8fa3c67f583f,3-6岁感统训练黄金期方案（按年龄拆分）,感觉统合,学龄前多感觉整合与触觉适应,家校协同与家庭支持;安全防护与健康边界,选择 2-3 个游戏并覆盖不同感觉系统,触觉适应及跨感觉系统游戏组合明确感统目标；黄金期普遍获益与固定月数见效表述需专业复核,proposed,专业复核,passed
1603,1401,cf38119dc0941bfaf121bf0916fa574df9b37e88e52f87f669b489fc24233b3b,6-12岁学龄期感统训练方案（针对学习困难与注意力不集中）,感觉统合,学龄期多感觉整合家庭训练,认知注意与执行功能;家校协同与家庭支持,情绪调节训练（触觉+前庭觉）,方案以多感觉输入支持学龄期学习与协调；年龄分期及显著改善断言需专业核验,proposed,专业复核,passed
1604,1402,12c6d4e5e3a64c7c82eb77560237c67b1c82f47c91cbe7e192ea07cd648fb795,12周循序渐进感统训练计划（从入门到进阶）,感觉统合,触觉前庭本体觉分阶段整合,教学设计与教练方法;家校协同与家庭支持,触觉唤醒（抚触、材质探索、沙水游戏、食物触觉）,三阶段围绕感觉体验和耐受控制递进；跨婴幼儿年龄的旋转倒立安排需安全复核,proposed,专业复核,passed
1605,1403,459c238ebe5fe633d812308b66b4ca2ce538801098be65ea303c5d7b2361b140,21天感统训练打卡计划（每天3个游戏）,感觉统合,多感觉交替与家庭适应训练,家校协同与家庭支持,每天训练覆盖触觉、前庭觉、本体觉、视觉、听觉等不同感觉系统交替进行,每日游戏以不同感觉系统交替为核心；21天养成习惯及脱敏安排需核验,proposed,专业复核,passed
1606,1404,1b063dcf4ae6fc9d22ced6c4334919eb00e5c39672e1bb8e5df33afa19874c85,感统分龄居家训练方案,感觉统合,分龄触觉与前庭启蒙,儿童生长与发育;家校协同与家庭支持,训练重点触觉+前庭觉启蒙,分龄活动明确围绕触觉探索与前庭启蒙；推断时长及婴幼儿刺激剂量需复核,proposed,专业复核,passed
1607,1405,a92e66360fdd17ca74af154a2231320a738bd14961a7f1d7f85c6cb59679d279,感统训练打卡计划表,家校协同与家庭支持,家庭训练打卡与坚持支持,体测与观察评估;感觉统合,使用节奏为每日记录、每周回顾、每月总结,主旨是帮助家庭持续执行和记录训练；自拟评分表及21天习惯口径需复核,proposed,专业复核,passed
1608,1406,d450da888c3a20fa3a71917ab259ca47940504009a2e008e7c31e31bb64d0be4,春夏秋冬四季感统活动（户外游戏）,感觉统合,户外多感觉探索与触觉适应,家校协同与家庭支持;安全防护与健康边界,孩子对某种触觉刺激明显抗拒时不要强迫,四季游戏明确以自然感官整合及触觉适应为目标；户外效果优越论与健康建议需核验,proposed,专业复核,passed
1609,1407,d1aaa5ba0c19869ac6b8b2b2573f3dcffd3b1768d20c255022409999eec53f68,Core safety and contraindications,安全防护与健康边界,力量训练注意事项概要待补,力量与稳定性,原文未单独形成完整禁忌清单,正文只说明力量训练安全主题且缺具体注意事项；暂定安全类待补文复核,needs_review,专业复核,passed
1610,1408,525ced30b31e2f93ed09b5335652374da3a0fdc733519bd7f3ebe495ba69c1a1,足踝软组织恢复与灵活性安全卡,安全防护与健康边界,足踝恢复操作的适用与转介边界,柔韧与活动度,原文未明确可适用年龄、诊断范围、禁忌边界或专业资质要求,现卡核心为足踝恢复审核边界；具体动作和适用条件缺失无法细判操作主题,needs_review,专业复核,passed
1611,1409,80f101ae0669010b1bae7fb5501c02373fbcc784b8b07c20285d0674ba6eff1d,儿童青少年运动损伤安全卡,安全防护与健康边界,运动损伤处理与康复使用边界,,原文未明确统一禁忌边界及转介标准,正文只保留损伤与康复的审核提示；部位和处理内容缺失需补充专业审阅,needs_review,专业复核,passed
1612,1410,176e7bbceb315f0ce58b713faac21ed4a2ff765a1de3e6fa9f9c79fb97ac9098,儿童青少年运动性病症安全卡,安全防护与健康边界,运动性病症识别与医疗转介,,具体病症、症状和应对步骤须按正文逐项核验,主要强调病症应对的医疗边界；具体病症与预防步骤尚缺需待复核,needs_review,专业复核,passed
1613,1411,ed776e3508888c75d7a5b41304a8826859b83e46e7da5ad2be98b0100b6cc06e,儿童青少年生长发育安全与教学提示,儿童生长与发育,生长发育特点与教学适配概要,安全防护与健康边界,原文讨论儿童青少年生长发育特点,唯一可确认的知识主旨是生长发育特点；无具体发育内容暂定并待补文核验,needs_review,专业复核,passed
1614,1412,4d163b9f8ce428500232b8b8dc2b9a6fc6d5595a2dd0f9bf0da02b414f50fc8e,儿童青少年运动损伤现场急救安全卡,安全防护与健康边界,运动损伤现场急救使用边界,,不得将本卡作为医疗诊断或独立急救SOP,正文强调急救内容的使用限制；缺现场处置步骤与具体损伤类型需待复核,needs_review,专业复核,passed
1615,1413,ca6909a9c1a51bb58ce0204d507acb83f336a41930212b87be176464df368d8f,幼儿段（2.5-3岁）训练安全要点,安全防护与健康边界,低龄课堂监护与器械间距,课堂组织与行为支持,保证每人处于视线范围内,低龄课的监护和碰撞预防是核心；课时组数与负荷适龄性应由专业人员复核,proposed,专业复核,passed
1616,1414,8a739baf1e5118e3bf33d8e08eeb7a31de683548780d6432c97900e09f9a86f8,跳箱与跳跃器械使用安全,安全防护与健康边界,跳跃器械检查与落地保护,基础动作与身体控制,用前检查器械稳固、软垫到位、落地区无杂物,重点为跳箱器械安全及落地风险控制；高度上限与保护标准需专项核验,proposed,专业复核,passed
1617,1415,058d1a0998c49d94dd1267c2918fb739196ac76e6981cc310b906b5033c7fb66,药球沙袋等负重训练安全,安全防护与健康边界,儿童负重与投掷器械安全,力量与稳定性,投掷类设安全间距并清场，防止误中同伴,主要预防负重投掷的砸伤与拉伤；低龄1kg示例和按龄禁忌需专业确认,proposed,专业复核,passed
1618,1416,cf28c95a696348ce7e7638e32c4239d36ca5678999ff2f703b3a88e4c0e2e978,追逐对抗类游戏安全,安全防护与健康边界,追逐对抗的碰撞与场地风险,课堂组织与行为支持,用标志桶圈定游戏范围，确保路径清晰,全文围绕追逐游戏的路径人数和碰撞防范组织安全措施,proposed,无,passed
1619,1417,fe9bdd93f74d85255acc3a5a43b75b6c2d49411dcf5018ba707a84c97c4e9dd3,感统训练误区与安全规范,安全防护与健康边界,感觉训练停止指征与安全规范,感觉统合;家校协同与家庭支持,出现过度训练信号（失去兴趣、持续疲劳、睡眠下降、食欲减退、情绪烦躁等）,安全流程及停止转介为主；80%以上改善等疗效数字和年龄剂量需专业复核,proposed,专业复核,passed
1620,1418,7fb17c4b26ee173c4becc4c769bb834f5ee576de94796088e8c02385764cac3c,夸孩子‘你好认真’比夸‘你真棒’好在哪里,教学设计与教练方法,过程导向表扬与描述性反馈,情绪与心理支持,把表扬从评价人转向描述过程,核心教授具体过程反馈以支持尝试；将不同表扬直接推导为固定行为结果需审慎核验,proposed,专业复核,passed
1621,1419,1f41c29f7fb210db9b719482984058e5714621bc6dc6d1a6f062024a60dbae79,孩子总忍不住乱动时，如何用游戏练自我克制,认知注意与执行功能,停止信号与抑制控制练习,课堂组织与行为支持,让克制本身变成好玩的事,游戏用于练习停走切换和抑制冲动；将乱动统一归因发育及神经强化断言需复核,proposed,专业复核,passed
1622,1420,3a30766b8c420d22ea2128af670329066410463102ad1142fa1e149b3a2abcee,角色扮演类游戏对儿童发展有什么独特价值,教学设计与教练方法,角色扮演与情境化动作教学,认知注意与执行功能;同伴互动与社会性,把本周动作目标装进一个孩子熟悉的故事外壳,正文教如何把动作目标嵌入故事并保持练习；最强学习方式等普遍化结论需核验,proposed,专业复核,passed
1623,1421,5c0a6eb954e612b18481bb0f5448a59671bc5609131e2d2836a310cd82685a1f,同一批孩子表现差异很大时，教练如何理解气质差异,教学设计与教练方法,气质差异下的参与入口设计,儿童生长与发育;情绪与心理支持,给不同的入口和台阶,主要解决不同气质孩子的教学适配；将气质描述为底层固定设定的口径需复核,proposed,专业复核,passed
1624,1422,d01dddf7d858529061e47b605af38ef6e6d9174de4b16dffff2615d1a2771edf,孩子上课总想看电视短视频，专注习惯怎么建,家校协同与家庭支持,家庭屏幕习惯与睡前作息,认知注意与执行功能;安全防护与健康边界,建议家庭设屏幕停靠站，睡前一小时设备统一存放,主要通过家庭屏幕规则改善课堂状态；兴奋阈值与深睡眠因果说明需核验,proposed,专业复核,passed
1625,1423,908c844fbe1754e907499de41f1c62ecb294ad15e6097a9d3c4ed1139201337c,教育类App和视频真能让孩子学到东西吗,家校协同与家庭支持,教育媒体选择与亲子共看,儿童生长与发育;教学设计与教练方法,家长陪着看，边看边提问，看完在生活中复现,全文指导家长判断媒体互动质量及生活迁移；视频学习与年龄效果的概括需复核,proposed,专业复核,passed
1626,1424,d51d1381d6f4a3bc0574b2b914541dc82bbceacaf0fb91efc374e1af53107802,规矩定了孩子总不守，教练怎么定规矩才有效,课堂组织与行为支持,适龄规则与一致执行,家校协同与家庭支持,后果与行为相关且适度,核心是建立少量清晰规则及固定纠正流程；家庭示例服务课堂规则教学,proposed,无,passed
1627,1425,bf2e5a09b7d27cfb891428cf36e21d6fd63d25053110c2eaf2264a638ce20fb3,管孩子时如何做到温和而坚定,课堂组织与行为支持,共情表达与稳定行为边界,情绪与心理支持,给有限选择：你要自己下来，还是牵我的手下来,教练通过共情和有限选择守住行为边界；危险高处等待案例与一周见效断言需复核,proposed,专业复核,passed
1628,1426,c8d529ec9cff75ea2ea8fd8e12200f47a90dfaa94179dd548bc53bca0d8dfde6,孩子情绪上头听不进话，教练怎么帮他冷静,情绪与心理支持,情绪命名与共同调节,课堂组织与行为支持,替孩子命名情绪，从基础词开始,重点在激烈情绪时帮助识别感受和平复；脑区下岗及命名必然降强度的表述需核验,proposed,专业复核,passed
1629,1427,1f35c330508791717bc69f20f14b985079f31c7bd58cf92a3be9f0aa353813e3,孩子做错事，教练该惩罚还是教导,课堂组织与行为支持,教导性后果与修复行为,同伴互动与社会性;情绪与心理支持,让孩子参与决定修复方案,围绕错误后的相关后果和修复教学展开；对惩罚学习效应的绝对化描述需复核,proposed,专业复核,passed
1630,1428,5dc54eea90039cb3c4363b55da20484dac75b073598c6ca182c6304384125686,上课前孩子状态混乱，教练如何提前筹划避免麻烦,课堂组织与行为支持,环节转换预告与流程前置,,物料按环节预先分区摆好,核心通过预告路线角色物料减少转换混乱；流程措施为分类依据,proposed,无,passed
1631,1429,1853b7b8ddf65963b93a09bf96efd3712d2192abed213775e41ad021be8ec8f3,孩子闹起来没完，教练什么时候该冷处理,情绪与心理支持,安静陪伴与情绪降温,课堂组织与行为支持,三五分钟的平静陪伴,主旨是带离冲突后陪伴降温；拥抱强化哭闹的推断与固定时长需专业复核,proposed,专业复核,passed
1632,1430,72fe7f2b5ee9b8cbcc1d852a8002e338ba2a1590287f964d794a2bd1362b093d,教练自己烦躁时如何在课中快速静心,教练职业发展,课中情绪自调节与微静心,情绪与心理支持,用呼吸和身体感受把注意力从杂念拉回当下,训练对象是教练自身的烦躁与压力；正念脑功能效果和固定呼吸参数需核验,proposed,专业复核,passed
1633,1431,3545b7109d331bc5246e9df40b15196f6d164afc16dc68e616882d38783b4111,催孩子快一点没用时，教练可以怎么慢下来,课堂组织与行为支持,指令加工等待与节奏支持,认知注意与执行功能,一次只说一步，做完再给下一步,通过短指令可视时间与等待窗口改善流程参与；反复催促必然重启加工的机制需核验,proposed,专业复核,passed
1634,1432,31bb3f52113f365adce161a396d64621f45b2bcbc30392bb2e94d8be0963bee2,孩子在家不说中文以外语言，运动课堂语言环境怎么用,教学设计与教练方法,多语言背景下的直观指令,儿童生长与发育;家校协同与家庭支持,用示范和画面托底,主目标是用手势图卡支持语言不同的学员；双语发育正常与认知红利等泛化结论需复核,proposed,专业复核,passed
1635,1433,e4ba39c08d724da131399d7f66459fd223192eb89b63c8a80a89e99de79548af,孩子抢玩具起冲突，教练等一等还是马上介入,同伴互动与社会性,资源争抢中的轮流协商,课堂组织与行为支持;安全防护与健康边界,给一点提示让孩子自己完成协商,以争抢中的协商技能及最小支持为目标；仲裁推迟发育的因果断言需核验,proposed,专业复核,passed
1636,1434,6ddda331981b93dbbe20bf2ed1fa6dda2493fba3b25f9e7881b0124b330b8e03,孩子在家识字算数很厉害，上课却跟不上怎么办,儿童生长与发育,认知与社会情绪发展不同步,同伴互动与社会性;情绪与心理支持,认知、语言、动作、社会情绪各条线的发展速度可以不同步,核心解释学业优势与课堂适应多线发展；社会情绪只能在同伴互动中发展的限定需复核,proposed,专业复核,passed
1637,1435,5e4af6cc2dca8f7362bdf38d1f832b54264c489fe537b906ce02e5e2393657d5,孩子不吵不闹就真的没问题吗,情绪与心理支持,安静儿童的需求回应与表达安全,同伴互动与社会性,给安静孩子设专属连接时刻,关注未表达需求的安静学员并建立连接；将沉默归因为情感忽视需防止过度推断,proposed,专业复核,passed
1638,1436,ebf4bca573bd097316dc227a86c7e1397a29628ef0ecc301a0cd707bcf943803,孩子说不清自己的感受，教练怎么帮,情绪与心理支持,情绪词汇与身体感受表达,,把说感受拆成认表情、选词语、说事件三步,以表情选择和命名提升情绪表达；述情障碍倾向及身体不适情绪归因需专业复核,proposed,专业复核,passed
1639,1437,324c7d8840250bbe663a8b6fed658c05c68e2863a03c0412a8ad9039aad698fe,情绪对学习和运动表现到底有什么用,情绪与心理支持,情绪功能理解与行动转换,,我紧张，所以我提前热身,主要教儿童理解情绪信息并选择行动；爱哭等同共情原料等概括需专业审阅,proposed,专业复核,passed
1640,1438,d2fdb09b0e2d485f54bb83f49c0f148a7caeda6ac867552fe25cc1f65c7717ce,教练如何避免把自己童年的缺失带进课堂,教练职业发展,成长经历触发点与教学自省,情绪与心理支持,建立触发点记录：每次对孩子反应过度后,对象是教练识别自身经历对课堂反应的影响；童年触发与代际传递的确定性解释需复核,proposed,专业复核,passed
1641,1439,6ab571c543331d7b915f98f8de7806185d422cf887af399a66ad62fc130d2c2a,教练如何学会自我关怀避免职业耗竭,教练职业发展,职业耗竭预防与自我关怀,情绪与心理支持,把补给动作写进周计划,主要建立教练的休息边界和日常恢复安排；耗竭成因与症状阈值需专业核验,proposed,专业复核,passed
1642,1440,d252fc82955627ee4229c85e5b8eb108ff24f976fa2be78f35d89d418ae3c956,教练下班后管不住刷手机，如何建立自我约束,教练职业发展,数字使用自控与作息习惯,情绪与心理支持,给刷手机设替代与摩擦,主对象是教练下班后的手机使用和自我管理；自控肌肉及多巴胺循环解释需复核,proposed,专业复核,passed
1643,1441,cb782881362047576d8b157c21a540774e0e08ead3c7b34a34a1c0f3ce309189,遇到专制型家庭的孩子，教练要注意什么,情绪与心理支持,过度顺从儿童的自主与安全感,家校协同与家庭支持,每节课给孩子至少一个无风险选择,重点补充自主选择和安全试错体验；由顺从推测高控家庭的因果归类需专业复核,proposed,专业复核,passed
1644,1442,fc89f9cc14f368f62a5eccabf9fd0d6212cdba78e7058402d87dc026dda03980,遇到放养型家庭的孩子，教练要注意什么,课堂组织与行为支持,低规则经验儿童的边界学习,家校协同与家庭支持,后果与行为直接挂钩,重点通过一致规则和相关后果建立课堂秩序；家庭成因推断及两个月成效口径需复核,proposed,专业复核,passed
1645,1443,13fcaf1884f948f2a888f157db902e6fbcf33168cd3856b29a38e3a34c5d3066,遇到只看成绩的家庭，教练如何保护孩子运动兴趣,情绪与心理支持,成绩压力下的运动兴趣保护,家校协同与家庭支持;教学设计与教练方法,孩子出现怕错退缩时，降低评价浓度,主目标是保护兴趣及缓解表现压力；涉及家庭沟通和续费但教学主旨清楚；条件性价值归因需核验,proposed,专业复核,passed
1646,1444,7855ffb042eedcd88199439160548c5480ffecfc89500ab9852609195d72aa34,孩子总说‘都行’‘随便’，教练怎么帮他表达偏好,情绪与心理支持,偏好表达与自主效能感,同伴互动与社会性,让他体验到：我说了，是有用的,核心是降低表达门槛和恢复表达效能；将随便回答归于需求忽视的解释需复核,proposed,专业复核,passed
1647,1445,2b90b79ca80b295c698bc6921de57d3dc9fcde6116096d35f1015aae1a5dba0b,为什么培养专注力要趁10岁前,认知注意与执行功能,适龄注意启动维持与切换,儿童生长与发育,反复练习注意的启动、维持和切换,直接训练注意系统各环节；十岁窗口及凭乐高表现排除问题的推断需专业复核,proposed,专业复核,passed
1648,1446,9e63eaec75744d7b42679e7b47d01a0c5f6b8ae54dc96b08924c25094de5ee1d,专注力和情绪状态有什么关系,认知注意与执行功能,兴趣与情绪驱动的注意投入,情绪与心理支持;教学设计与教练方法,给游戏装情绪钩子：故事、悬念、倒数、角色,情境激发用于维持任务注意；将专注完全解释为情绪及服从区分绝对化需核验,proposed,专业复核,passed
1649,1447,46b9d9052895c712a2c4086c8a759645913de11b5ff189ddce33a0bc7c6a89b3,孩子做事总半途而废，专注力差还是动力问题,情绪与心理支持,能力信念与任务价值支持,教学设计与教练方法,能力信念不足：把动作拆到必赢的最小单元,主旨是区分低信心与低价值感并恢复坚持；二因子解释全部放弃行为需复核,proposed,专业复核,passed
1650,1448,375e0845a0aebb5e65de10fed25cc7cc1797701669694fef28b8f096168f0f2c,家庭氛围如何影响孩子的专注力发展,家校协同与家庭支持,家庭干扰排查与不打扰时段,认知注意与执行功能,建议家庭设不打扰时段，从每天十五分钟开始,行动中心是家庭环境改造以保护专注；十岁机制和优于报班等效果断言需核验,proposed,专业复核,passed
1651,1449,c7cb70db6c3b2043842bf92245c4522f2b0377316caa643d23c8fe306d6fad9a,孩子一遇难题就放弃，怎么培养坚持到底的习惯,教学设计与教练方法,分段完成与间隔复习设计,认知注意与执行功能,把长内容切分成看得见的段落,核心是课程分段验收和复习帮助完整学习；半成品记忆损失及演示推论需专业复核,proposed,专业复核,passed
1652,1450,9c3885280dcfd0525ec2d4c8adbdde557fec184331d63fb41712b87ae942fc17,孩子学了就忘，是没认真还是记忆规律使然,教学设计与教练方法,动作记忆的间隔提取与复习,认知注意与执行功能,用间隔设计复习点,重点是把复习点和提取练习纳入课程；几天后所剩无几等统一遗忘结论需核验,proposed,专业复核,passed
1653,1451,54a287318a1998c55419a0dbbc5f7b13316fded38d0f172765f978ba5030fd64,哪些日常习惯正在偷偷破坏孩子的专注力,家校协同与家庭支持,家庭微打断与单任务习惯,认知注意与执行功能,建议家庭一次只改一条,主要给家庭自查并逐项调整干扰习惯；主动注意年龄及重返专注时长需核验,proposed,专业复核,passed
1654,1452,dea9507f5d3216467a64527e10708a8f2098c768d6897667a2bea3ea8cf2f76b,总对孩子说‘你不行’会怎样,情绪与心理支持,否定标签与挑战信心支持,教学设计与教练方法;家校协同与家庭支持,用观察式语言替代判决式语言,目的在减少自我否定并恢复尝试；语言决定儿童自我及羞耻机制绝对化需复核,proposed,专业复核,passed
1655,1453,67ce30676d9497c7683f5c47e83bbdb6efb838187950c7e888ff4c3a674fcb96,比赛或考试前孩子太紧张，怎么调,情绪与心理支持,赛前唤醒与焦虑调节,,赛前流程固定化：固定热身、固定锚定语、固定第一个动作,正文围绕比赛测评紧张的调节工具；倒U普遍化及固定最佳区间需专业复核,proposed,专业复核,passed
1656,1454,f2d1b0c13bc15a4b27604432f86d635bdd826728428856a06a0ede8ec3db35e1,如何在训练中安排专注力专项练习,认知注意与执行功能,注意目标时长与抗干扰练习,教学设计与教练方法,每次专项只调一个参数,明确以注意维持和抗干扰参数递进为目标；专项训练广泛迁移及神经适应断言需核验,proposed,专业复核,passed
1657,1455,5fd23e87731d2f619455b87ccaeb3157b49a45a86697131e0eecf9ff59d07ea3,孩子做事差不多就行，如何培养深入思考习惯,认知注意与执行功能,深加工与自我反思习惯,教学设计与教练方法,对新信息做多层次处理,主目标是延长思考并形成反思改进习惯；课堂提问是实施方法,proposed,无,passed
1658,1456,e816223bb6aea35b7ab8f265538d3510e62f1bf2b74aa436b0bcf1a69cc96ae6,孩子站没站相坐没坐相，姿态和学习状态有关吗,课堂组织与行为支持,姿态仪式与课堂准备状态,体测与观察评估,开课设姿态仪式，全员进入准备状态,动作姿态用于课堂状态管理；姿态推断投入和核心力量的因果解释需专业复核,proposed,专业复核,passed
1659,1457,f189a0ce37e0c710a0247c5b524434904c2021218b9a3513ac5e13c1cf31f102,适度压力反而让孩子表现更好吗,情绪与心理支持,适度挑战与压力恢复,安全防护与健康边界,每个压力段后安排恢复段,目标是压力耐受与挑战后的恢复；零压力有害及三倍组数案例需科学安全复核,proposed,专业复核,passed
1660,1458,c5a21ab9e9968b68c988b5c591d1fac671839f2df2a17c30cb87bd793b5863e5,长期高压对孩子的身体和大脑有什么影响,情绪与心理支持,慢性压力下的课堂支持,家校协同与家庭支持;安全防护与健康边界,保证每节课有同伴支持位,通过降量稳定节奏和同伴连接支持高压儿童；海马受损断言与统一减量比例需核验,proposed,专业复核,passed
1661,1459,e62765844a3006d7b770d1ccd598b163aa21816b667d851cee80bb6012e164bc,孩子考试前紧张到发抖，运动能帮忙吗,情绪与心理支持,考试焦虑的轻运动支持,耐力与体适能;家校协同与家庭支持,加入呼吸与放松练习,运动形式调整服务于考前减压；关警报机制及统一运动处方和效果承诺需专业复核,proposed,专业复核,passed
1662,1460,4877ed26cbf7512cf7f34173afea4e8e13e51a968c23a07c1358f1857b67c6d2,安静不下来的孩子是专注力问题吗,体测与观察评估,跨场景注意行为观察与转介,课堂组织与行为支持;安全防护与健康边界,记录孩子在哪些任务、时段、环境下能维持投入,重点是结构化观察与医疗诊断边界；乐高专注判断及先高消耗干预建议需专业复核,proposed,专业复核,passed
1663,1461,39f7797e48d2538bdbbd1fd9a2001c31aeae35a3dfa61cf231379370711a8a01,跑步真的能帮孩子集中注意力吗,认知注意与执行功能,有氧运动对注意功能的支持,耐力与体适能;教学设计与教练方法,包括抑制干扰、维持专注的能力,跑步作为支持注意与执行功能的方式；放电解释和运动后学习窗口剂量需核验,proposed,专业复核,passed
1664,1462,18f71df997fa56d9a2cf54ddd64455c434636ee490cb95d758724947f2ec4780,给孩子选什么运动类型最健脑,教学设计与教练方法,有氧技巧与综合活动组合选择,认知注意与执行功能;家校协同与家庭支持,有氧打底、技巧提升、游戏综合三类内容是否都在,主要指导按发展兴趣组合运动类型；组合最佳和健脑收益外推需专业核验,proposed,专业复核,passed
1665,1463,54e02b6b381354e41649c03026fc2c398406f783dea9ed5f14a12706898c5e4f,中等强度和高强度运动对孩子各有什么好处,耐力与体适能,中高强度配比与恢复安排,教学设计与教练方法;安全防护与健康边界,中等强度主要锻炼心肺耐力与大脑供血系统,正文教授运动强度与课程负荷配比；七成比例和激素收益等处方需专业复核,proposed,专业复核,passed
1666,1464,fa6cb7f20021a41e828136b1b41688ce2fd670b37294b5779d2c84a0d6e71500,孩子从来不爱运动，怎么帮他起步,情绪与心理支持,运动回避与低门槛参与动机,课堂组织与行为支持;家校协同与家庭支持,首要目标是建立频率与乐趣,核心是修复运动体验并逐步建立参与意愿；童年认同难逆转及一次羞辱终身影响需核验,proposed,专业复核,passed
1667,1465,2f25262528d653f4dd3eab11b3482379ade22cc9b6a290704a0b0d41cb230788,小脑只管平衡吗，它和学习有什么关系,儿童生长与发育,小脑功能与动作学习,基础动作与身体控制;认知注意与执行功能,它的经典职责是动作的协调与校准,主要解释小脑与动作认知发展的联系；动作向学业广泛迁移和练得少归因需专业复核,proposed,专业复核,passed
1668,1466,f0630a8d29ef2eeab4118f854682c3361ff32d4c6c0943c0a0569981a8a9b684,运动时肌肉和大脑抢能量吗,教学设计与教练方法,运动恢复与精细学习的课程排序,认知注意与执行功能;耐力与体适能,观察记录各时段的学习效率,重点在强度段与精细学习排序；肌肉抢能量及固定课后最佳窗口解释需核验,proposed,专业复核,passed
1669,1467,215e122a14d2665929cd086774871a4b0de73af6af7c76076d4971a07fc30837,神经新生受阻会怎样，这对课堂意味着什么,儿童生长与发育,运动与神经新生机制的教育解释,认知注意与执行功能;教学设计与教练方法,运动促进大脑生成新的神经元与连接,主教学内容为运动神经机制及规律学习；人体神经新生外推和断练流失断言需专业复核,proposed,专业复核,passed
1670,1468,03b57482a537a32a2befcf3c2704513d36ea0609da1bcbff8b2cc94e6a05cae6,运动真的能改变大脑结构吗,儿童生长与发育,神经可塑性与运动经验,认知注意与执行功能;家校协同与家庭支持,大脑的连接会因经验而重塑,核心说明运动与可塑性的关系；行为进步作为脑结构证据及持续变化承诺需专业复核,proposed,专业复核,passed
1671,1469,7ab8638fb1ecaace4a7eda30854d51e1c5698498254162660d368a518f2687f1,亲切型孩子胆小慢热，教练如何帮他建立安全感,情绪与心理支持,慢热入班适应与关系安全感,课堂组织与行为支持;家校协同与家庭支持,先建立这个人可信的感觉，再谈参与和动作,核心以渐进接触支持陌生环境适应；气质类型对应神经加工深度的断言需核验,proposed,专业复核,passed
1672,1470,87f2132d0ca32cd7aa3b4e26fc9768c2c5cde6d57cb204ebfa09dc9fd2caf511,亲切型孩子被欺负不敢说，教练怎么发现和介入,同伴互动与社会性,隐性受损识别与边界表达,情绪与心理支持;安全防护与健康边界,教最低成本的发声话术,目标是发现被排挤侵犯者并支持求助拒绝；温和类型与受损求助关系的泛化需复核,proposed,专业复核,passed
1673,1471,b65468de5ceecbc90d7991f4bfed2d67a7898cb68403c9631e1c2c78198f458d,思考型孩子慢热完美主义，教练如何降低他的出错恐惧,情绪与心理支持,完美主义与试错恐惧,,系统性地降低试错成本,通过降低错误成本支持启动尝试；公开评选失败动作及气质天赋论需安全心理复核,proposed,专业复核,passed
1674,1472,6f5a6357efb8d9e9ea8d9ab82723b8fc089b8d48440d2ddea65d7d4f1c5537a1,思考型孩子情绪闷在心里，教练如何打开他的表达,情绪与心理支持,非语言与间接情绪表达,,设立非语言情绪出口,主旨为天气卡故事等低压力表达通道；类型化心理推断及安静角监护边界需复核,proposed,专业复核,passed
1675,1473,8b4867e85248d2a2fb1ea01b4dc9b2b6d77bec8bb13aa85e023e46f8bf603b2c,指导型孩子又叛逆又想赢，教练怎么带,课堂组织与行为支持,主导行为的责任角色与边界,同伴互动与社会性;情绪与心理支持,权力与义务同时写清,核心将对抗转为正式角色责任；主导气质因果解释和动作错误加练翻倍需专业复核,proposed,专业复核,passed
1676,1474,d4f19b32c62c431d46815168cb214828cf9a8bd9554f01c089a29c99f1abeb1b,指导型孩子和其他孩子起冲突，教练如何引导,同伴互动与社会性,招募分工与包容性领导,课堂组织与行为支持,教他把蛮力翻译成号召力,目标是协商招募与同伴接纳技能；将主导冲突统一解释为权力技能缺口需复核,proposed,专业复核,passed
1677,1475,3d3fb33a85a6695493961e9496f72b3b315f5cb8431baa1c894dbe5d082bbc19,表现型孩子爱出风头坐不住，教练如何扬长带短,课堂组织与行为支持,展示角色轮换与关注分配,同伴互动与社会性,设立轮换的功能舞台,通过轮换职责和倾听标准支持课堂参与；表现欲必然持续及成人职业类型外推需复核,proposed,专业复核,passed
1678,1476,1e8f9aacc87894cd3d17938b12378534e6b763662e8c537bb6a8f5db46e60c43,如何识别孩子的性格类型而不贴标签,体测与观察评估,行为倾向记录与非标签化观察,教学设计与教练方法,对外只描述具体行为,核心是动态观察以校正类型判断；四类型框架的依据及标签效应泛化需专业核验,proposed,专业复核,passed
1679,1477,0d886b5e33c8b44a4e814b4e7f5bc61d6b81e55e9a947ee1eca0482f79d9901c,孩子突然叛逆不听指令，是逆反还是发展信号,儿童生长与发育,自主意识发展与拒绝行为,课堂组织与行为支持,孩子通过拒绝来确认自我边界的存在,主要解释拒绝行为与自主发展的关系；第一叛逆期年龄和行为突变归因需专业复核,proposed,专业复核,passed
1680,1478,b5e9c5b66b811a9ffd5ecc5573521ddd78dbc57874755fb20141437fd0b15f94,孩子说反话唱反调，教练怎么接,课堂组织与行为支持,口头反抗的有限选择回应,情绪与心理支持,指令包装成二选一,教学重点是选择式指令与接纳合理反对；唱反调统一自主归因及包装选择口径需核验,proposed,专业复核,passed
1681,1479,c7a73de7aa9289bf817df4aa99fa60523a5c0a958862ba2260f4b29f6ad849b0,怎么帮内向孩子交到朋友,同伴互动与社会性,固定搭档与低压力友谊建立,情绪与心理支持,先建立一对一小成功,主要通过共同任务建立同伴连接；儿童互相承担动作保护及内向性格概括需专业复核,proposed,专业复核,passed
1682,1480,c3cfeae3f2282b1b8d18ded8039f3daf87c237dd886b46437f30f33b40fa52bd,放手让孩子自己解决冲突，会不会打起来,同伴互动与社会性,冲突协商的分级成人支持,课堂组织与行为支持;安全防护与健康边界,成人按孩子的实际能力提供刚好够用的帮助,主目标是逐渐提升自主解决冲突能力；九成低级解决及只能真实冲突学会的断言需核验,proposed,专业复核,passed
1683,1481,0158fb08ffb3ac0cf93370a1bd88044570dd23e0b6c92634a1a81e4682c67ecd,如何培养懂感恩的孩子,同伴互动与社会性,具体感谢与亲社会回应,情绪与心理支持,看见获得的东西和它的来源,重点让孩子注意受助来源并表达真实感谢；必然自发表达及奖励撤除的断言需复核,proposed,专业复核,passed
1684,1482,9540b0f9998cf72ccf9f85d7f51f87c034a261761453a0699695f6cc969e486f,用爱制止和引导，具体怎么做,课堂组织与行为支持,行为制止与情绪接纳的双轨引导,情绪与心理支持;同伴互动与社会性,顺序是先止后纳再教,核心是制止越界并提供可行替代行为；情绪失控后延后行为边界的描述需安全复核,proposed,专业复核,passed
1685,1483,32bdce82d7910d4a97971940ecded8640451a45ab10e0acd6536c89f10c3ce61,孩子失败就放弃，真的是越挫越勇型吗,情绪与心理支持,成功经验积累与挫折后重启,教学设计与教练方法,失败后必做归因引导,主目标是恢复挑战信心与挫折耐受；将抗挫完全归结成功存量需专业核验,proposed,专业复核,passed
1686,1484,c59926c74429ce4ed69a6240b47c094bd28bc0f447f75b654a007aa13e6568ee,孩子每天都开心才正常吗,情绪与心理支持,多样情绪接纳与低落支持,,允许每一种情绪来访,核心倡导接纳不同情绪并提供支持；以情绪种类判断心理发育正常及开心风险化需专业复核,proposed,专业复核,passed
1687,1485,7ee13187011b6a2c557bca143031982d19fb44986bd35034b55b0cf683b89d71,孩子说话晚就是贵人语迟吗,儿童生长与发育,语言里程碑与迟语评估转介,体测与观察评估;安全防护与健康边界,课堂观察记录三件套：理解力,核心为语言发育信号与转介路径；年龄红线和不可逆损失及免费评估断言需核验,proposed,专业复核,passed
1688,1486,420b3ce0c53970f4fb0a069b9943e05fdc76e25c0b82008a8b4c21b37bf9a5e8,上早教班等于早期发展吗,家校协同与家庭支持,早期发展中的回应互动与日常游戏,儿童生长与发育,给家长可带走的免费早教清单,重点帮助家庭落实对话共读游戏与回应；课程定位作为家庭支持的补充,proposed,无,passed
1689,1487,90b6f7fb3b69c03c7532ae87494fe33edfcbceda78745a6c2b311e2acbd58814,夸孩子也有门道吗,教学设计与教练方法,真实具体表扬与反馈分量,情绪与心理支持,好的表扬有三个零件：具体的行为、真实的观察、适度的分量,重点训练教练描述性反馈及自查；固定表扬预算和必然心理结果需专业审阅,proposed,专业复核,passed
1690,1488,068cfdeac02230c0661759053a42b44c5a55b38b152b98269af3f8d2b95a747b,孩子该不该接触电子设备,家校协同与家庭支持,家庭电子设备规则与一致执行,认知注意与执行功能,使用规则四要素：时间,核心是家庭屏幕时段内容场景和执行机制；统一20分钟与多巴胺需求减半等断言需核验,proposed,专业复核,passed
1691,1489,8b84729ba1b012992bf6fed5e81c5de6f6302c4aeacfa09148fb22ad5b62dc1f,孩子撒谎了怎么办,课堂组织与行为支持,诚实表达与说谎后的修复,儿童生长与发育;情绪与心理支持,孩子主动承认后，明确肯定承认这一行为本身,主要教授说谎后的支持性处理与修复；将说谎视为发育到位及聪明信号需专业复核,proposed,专业复核,passed
1692,1490,c687797946eba1c543cede5ca28a4e261a16384ad839959f5c3f9e83c1b9a571,要求孩子听话到底对不对,同伴互动与社会性,不合理要求识别与拒绝表达,情绪与心理支持;课堂组织与行为支持,教拒绝句式与演练,核心培养对他人不当要求的判断拒绝能力；由顺从直接推论成年被操控风险需核验,proposed,专业复核,passed
1693,1491,10c97d3465a2db05f488a36e695cd49950c3fd63e759079551f96a85c4868f82,别让孩子输在起跑线这话对吗,家校协同与家庭支持,个体进步参照与比较焦虑,体测与观察评估;情绪与心理支持,汇报只报孩子自己的历史对比,重点帮助家长转换评价参照减轻比较压力；群体参照一概负面化需保留规范发育评估边界,proposed,专业复核,passed
1694,1492,df065ce0c3842cbfd81bd4a6890e0f61427cb90b3cfef309a4bf581cc9178527,养孩子是为了满足家长自己吗,教练职业发展,个人投射觉察与学员目标边界,情绪与心理支持,区分我的目标和孩子的目标,正文主要是教练觉察自身期待并听取学员反馈；人人存在未完成孩子等泛化心理解释需核验,proposed,专业复核,passed
1695,1493,8bb189edd4d1e4a75e6cbdb11b310081192adc12500a705114bc20a2544321e5,爸爸在育儿中的角色有多重要,家校协同与家庭支持,父亲参与与亲子运动连接,同伴互动与社会性;安全防护与健康边界,把爸爸请进孩子的运动生活,核心组织父亲进入日常亲子运动；性别角色不可替代断言及肩上取球保护需专业复核,proposed,专业复核,passed
1696,1494,f9cd6f03b24370c5473a37191a3675c1dc19efd2035102edb86bc804ea9e9707,孩子总说‘我不会’就放弃，怎么破,情绪与心理支持,新任务恐惧与低风险尝试,教学设计与教练方法,把尝试的门槛降到孩子够得着,主要降低失败恐惧并建立首次成功；我不会的单一心理归因和收窄退路安排需复核,proposed,专业复核,passed
1697,1495,99dba085b5122470699f6410807dc4c3c6568c53fe956974c81bb8e9cd45cd85,什么是敏感期？错过了怎么办,儿童生长与发育,敏感期与后续学习机会,家校协同与家庭支持,错过敏感期不等于失去发展机会,核心解释发展窗口和持续学习；三岁平衡窗口及所有领域过期效率下降的外推需专业核验,proposed,专业复核,passed
1698,1496,7a48da4959e1f506c3fad5d400c3860830aa2786550e821b876ed6c45e100456,孩子的吸收性心智是什么，和普通学习有何不同,教学设计与教练方法,成人言行示范与隐性课程,儿童生长与发育,定期录像自查：录自己的课，检查语言、语气、情绪表达,实操重点是教练示范和课堂环境管理；幼儿全面无筛选吸收及暂停正向教育口径需专业复核,proposed,专业复核,passed
1699,1497,63d6c90b48977a3e3ba8832190e992a6c1a9d791957bd6716bbe20d4a9c3ccb6,给孩子自由就是想干什么就干什么吗,课堂组织与行为支持,规则框架内的自主选择,同伴互动与社会性,规则内的自由充分给,核心建立极简规则支持自由探索；案例规则编号错配及同伴监督边界需专业复核,proposed,专业复核,passed
1700,1498,0a4064cc3d49547606ba955c61879eaaa644f603412f3e59358a45637956882b,给孩子自由后课堂很混乱，是方法错了吗,课堂组织与行为支持,自由活动渐进放权与预告,认知注意与执行功能,从二选一、短时间开始，逐周扩大范围,围绕按规则掌握程度逐步扩大自主活动并回退调整,proposed,无,passed
1701,1499,a5c4a30fa967ee8470e247b7373cba369a380fafde7deea36c9951cde0af70dc,孩子反复做同一个动作，要不要打断,教学设计与教练方法,自主重复练习与适时介入,认知注意与执行功能;安全防护与健康边界,观察先行：孩子重复时先记录次数和变化,主旨是为技能巩固保留重复机会并观察质量；重复必然加固及刻板行为判断需专业复核,proposed,专业复核,passed
1702,1500,7389204c9a204ceef5f48c37aea78396681283ef37f289e69e63d4de634425df,孩子专注时教练该立即表扬吗,教学设计与教练方法,专注期观察与完成后反馈,认知注意与执行功能,把真棒从过程中删掉，移到完成后的复盘环节,核心教练调整反馈时机保护任务投入；任何社会反馈必然打断的绝对化结论需核验,proposed,专业复核,passed
1703,1501,c31af12e77ed4d5c23f73e85722d6af8245fbf68f38108d3df0e0b69d1e5ea24,孩子做一会儿就走开，是注意力有问题吗,认知注意与执行功能,幼儿专注周期与课堂投入,课堂组织与行为支持,短时间、多段落、螺旋式的工作节奏,主旨是按儿童专注周期设计课堂并以总投入观察。,proposed,,passed
1704,1502,415ce4f0a8d16889d09a27b0aa162363005fede26fc02ed80b6f3fbdf12e18b2,孩子总要破坏东西拆玩具，是有破坏倾向吗,认知注意与执行功能,探索性拆解与因果推理,教学设计与教练方法,拆开、看里面、试图装回去,核心在区分探索性拆解和情绪性破坏并提供探索出口。,proposed,,passed
1705,1503,1f28339684ba52ba0cec57207537f6b85ac696d6a951590cbc0d4fa7ebddb7e4,孩子给树干涂红色把天空画绿色，要纠正吗,认知注意与执行功能,想象与创造性表达,教学设计与教练方法,绘画是想象与表达的试验场,主旨是保护幼儿非写实绘画中的表达和创造力。,proposed,专业复核,passed
1706,1504,85d3b59883e0a66393301c4585b2d0bdf5a54fa084485adce12dc830754d628b,孩子一会儿听话一会儿不听话，是故意作对吗,课堂组织与行为支持,意志力波动与时段调节,情绪与心理支持,不是不想听话，是那一刻意志力余额不足,主要解决服从波动的课堂安排与行为理解。,proposed,专业复核,passed
1707,1505,d9698e263693b137112b4da621611a698805ac433097027636beaf18d4bf2160,孩子做错了事到底该怎么处理,课堂组织与行为支持,错误后的自然后果与修复,教学设计与教练方法,让孩子面对错误自然后果并参与修复,主旨是用参与修复替代惩罚式处理。,proposed,,passed
1708,1506,941d0f5c645ac6bdced364c551e2b6e26d730b0e615549231b5be01f34cbb439,用奖励激励用惩罚纠正，有效吗,教学设计与教练方法,奖励惩罚与内在动机,课堂组织与行为支持,外部奖励短期内有效，长期会削弱内在动机,核心是调整奖惩结构以保护内在动机。,proposed,专业复核,passed
1709,1507,cb342498c7e46824b1c8e62b30198beef84980d209368d848bc76a8b01217579,孩子发脾气是无理取闹吗,情绪与心理支持,幼儿发脾气的需求翻译,课堂组织与行为支持,发脾气是最后的求助信号,主要教成人识别并安顿情绪背后的需求。,proposed,,passed
1710,1508,f5531b7b19282e7cd4ed3eed75c1126220b92d3119a16f3f1ebf4f22523898c9,孩子特别胆小怕黑怕动物，正常吗,情绪与心理支持,发展性恐惧与渐进脱敏,安全防护与健康边界,不强迫接触，逐步脱敏,核心是支持幼儿面对恐惧的渐进方式。,proposed,专业复核,passed
1711,1509,caaa11d265271822f712b253f92ebff229d251ac116d4790f62c2393b2462a4e,孩子很被动很懒什么都等帮忙，怎么办,家校协同与家庭支持,习得性依赖与责任归还,课堂组织与行为支持,系统性地把责任还给孩子,主旨是通过小任务恢复儿童独立行动。,proposed,,passed
1712,1510,f8a19714267ba756c35d473c7eeef398f19625af34bd2da635c910a6416ede69,孩子做什么都特别慢，忍不住帮他做对吗,家校协同与家庭支持,练习性慢与成人代劳,教学设计与教练方法,慢的过程本身，就是技能在生长,主要解决成人催促代劳对儿童练习的影响。,proposed,,passed
1713,1511,5dc36260dbac7476b35ed0339838331fa6c754734543baa0450c72772df633b5,孩子总模仿教练的动作和口头禅，正常吗,教学设计与教练方法,成人示范与模仿学习,课堂组织与行为支持,这既是巨大的教学资源（示范即教学），也是沉重的责任（示范即风险）,核心是管理教练作为榜样的动作、语言和情绪示范。,proposed,,passed
1714,1512,206951e53b8b3fddfdd9a7ae936baabcae6bcb36c757c6813fe6c8ed29f5eaa3,孩子总问为什么，教练怎么回答,教学设计与教练方法,提问回应与探究学习,认知注意与执行功能,回答的质量直接决定好奇心是继续生长还是被掐灭,主旨是以开放回应支持儿童持续提问和求知。,proposed,专业复核,passed
1715,1513,75286228228cc5aa8f71d42710326e4dd385501f589a1028dfa83d6cc0bc2d00,孩子总指使大人提要求，是聪明还是问题,同伴互动与社会性,命令转请求的社交语言,家校协同与家庭支持,同样的需求用请求的语气说,核心是教幼儿用请求句式改善同伴合作。,proposed,,passed
1716,1514,26d41c071af205eac7d029170434759dd693bdbe174dd8307cf1f840e6503281,孩子走路几步就要抱，如何鼓励独立,情绪与心理支持,依恋安全感与独立行走,家校协同与家庭支持,抱给足安全感，走练足独立性,主要解决要抱行为中的连接需求与独立支持。,proposed,专业复核,passed
1717,1515,dce9b2ea7237c4aa491301026e0d7fb735ee0c04c7ced664946492a446708b54,孩子在幼儿园总跟着大孩子转，不自己做，正常吗,同伴互动与社会性,混龄观察模仿学习,教学设计与教练方法,他正在用大孩子当教材,主旨是利用混龄跟随促进模仿和独立练习。,proposed,,passed
1718,1516,9471941d5341f502d9688a50c8356257258c0296c21d007b33624a4629e7763a,孩子对秩序特别敏感，东西放错就大哭，是强迫症吗,情绪与心理支持,秩序敏感与变化适应,课堂组织与行为支持,位置、顺序、程序的固定给他安全感,核心是用可预测秩序支持幼儿安全感与弹性。,proposed,专业复核,passed
1719,1517,ae48fd850f1a168e12df6ec5ca705c59c060ab289bb2c61234f110c8d8582d4c,孩子2岁开始说话多但常出错，要纠正吗,儿童生长与发育,语言发展性错误与示范输入,家校协同与家庭支持,正确做法是示范正确形式,主旨是以自然复述支持语言发展并识别转介边界。,proposed,专业复核,passed
1720,1518,aa5ac998bb4013c7e84d6e0217fe0b8f63a799467e2d9a7c2efe10b7e3a66244,孩子发音不准需要纠正吗,儿童生长与发育,幼儿发音发展与转介,家校协同与家庭支持,只有明显滞后于同龄或影响交流时,核心是区分正常发音发展和需要评估的异常。,proposed,专业复核,passed
1721,1519,963ff5f3c3cf522d1abe08dd90947e79629799ad62d0717d551a26dc10f38007,为什么儿童学语言比成人容易,教学设计与教练方法,幼儿语言习得与示范指令,认知注意与执行功能,指令要短、要直观、要有示范,主要将语言发展机制转化为课堂指令设计。,proposed,专业复核,passed
1722,1520,a1cd8fea1242ab53262b7925acf4346dc57eaa5d42ec7e3306347b0300d048d1,0-3岁宝宝什么都不懂吗,儿童生长与发育,0-3岁互动与早期学习,家校协同与家庭支持,互动即学习,核心是说明日常照料互动对早期发展的作用。,proposed,专业复核,passed
1723,1521,7fa80c7337b182ee0c61dce6e42a06b59d738d8dc217baadebbce55f6e91bcdd,为什么孩子3岁前的事记不住,儿童生长与发育,婴幼儿期遗忘与隐性记忆,家校协同与家庭支持,记不住，不等于没发生过,主旨是解释早期体验如何以隐性方式留存。,proposed,专业复核,passed
1724,1522,c4396dab5e1d8ae56b0ee4854ffbbc58cae2fe126fc43c87d8d545d1daa56f07,为什么说6岁前是人生最重要阶段,儿童生长与发育,关键期与终身可塑性,家校协同与家庭支持,关键期不等于决定期,核心是平衡早期重要性和避免发展焦虑。,proposed,专业复核,passed
1725,1523,977af4a984ca1d81c346b50cca8bd7f20423999c320484c24674549271a99926,童年不好的影响现在纠正还来得及吗,儿童生长与发育,终身可塑性与关系修复,情绪与心理支持,大脑的终身可塑性给出了明确答案,主旨是将修复希望转化为稳定互动并设置转介边界。,proposed,专业复核,passed
1726,1524,0fbe6743c3d0a7226fe55560e5dd2d0493792e3a08497a3e64b4d3e830c8b794,为什么成人和孩子的冲突会影响孩子一生,课堂组织与行为支持,权力斗争与合作式引导,家校协同与家庭支持,用选择、提前约定、有限度的尊重,核心是把成人儿童对抗转为有边界的合作。,proposed,,passed
1727,1525,d8f3c34db213f7022db2ed0c2d4166f5ae82ddb72741009debb4196ab24a8c63,为什么孩子在家里总被限制和禁止,课堂组织与行为支持,禁止转向正向引导,家校协同与家庭支持,把不能做什么改成可以做什么,主旨是保留安全边界并保护儿童探索。,proposed,,passed
1728,1526,974efcb25f4250d54caf0091c1a966d54ac37a71396db395a5154e66e73367b2,孩子吃饭很慢不肯吃，是身体问题吗,安全防护与健康边界,幼儿进食自主与转介,家校协同与家庭支持,孩子决定吃多少，大人决定吃什么,核心是提供喂养框架并守住教练不做营养处方的边界。,proposed,专业复核,passed
1729,1527,c47b1b28701e031c0365ed58887064bc13b14dd105dcd9e8b5bceaea6a05e0fa,买了很多玩具孩子却不珍惜不感兴趣，为什么,教学设计与教练方法,选择过载与深度游戏,认知注意与执行功能,深玩一个玩具胜过浅玩十个,主要讨论器材数量、轮换和深度投入的设计。,proposed,,passed
1730,1528,f60e944727b6557c734d337e5ebbc1eb87c5ff77850319b5b14f906a17eefe08,孩子不愿意去户外只想待在家，怎么办,家校协同与家庭支持,户外活动习惯与快乐体验,耐力与体适能,固定时段、固定玩伴、让户外和快乐绑定,主旨是用家庭结构培养户外运动习惯。,proposed,,passed
1731,1529,215e7f3250fe7777f20c3e8659ec5da60133a418a9cc049fcdedfcc9ffbc313f,孩子总被要求早睡这对吗,安全防护与健康边界,儿童睡眠规律与课堂状态,家校协同与家庭支持,规律性和时长有,核心是沟通睡眠对学习状态的影响并守住建议边界。,proposed,专业复核,passed
1732,1530,667d000f61655f39356092d33c7f044f4d6315ba68687a5fb7aafe96e0229a95,感觉训练对日常生活有什么实际用处,感觉统合,触觉本体觉前庭觉与动作反馈,基础动作与身体控制,触觉、本体觉、前庭觉的精细化,正文明确以感觉输入和迁移到动作质量为主，归入感觉统合。,proposed,专业复核,passed
1733,1531,f13f7376445eb01dc3f0f04129cee8cb8313c80caa4178aacdcad48a86ea7e67,教孩子认识颜色形状总搞混，怎么办,教学设计与教练方法,单一变量与概念分类,认知注意与执行功能,一次只教一个变量,主旨是控制认知负荷设计颜色形状教学。,proposed,,passed
1734,1532,021f7cf3a597dfc7364f29cb3c8265bb0533591973cfa86fc5c75a255b0fd4ef,蒙台梭利老师为什么不主动教孩子,教学设计与教练方法,观察者角色与自主学习,课堂组织与行为支持,先观察孩子的兴趣和能力水位,核心是观察后适度介入，支持儿童自主探索。,proposed,,passed
1735,1533,278bd7d7901a54d7a6756b0647cf4e7fd70d68895e944e879d2149fa93ac6462,教具应该怎么呈现给孩子,教学设计与教练方法,动作示范与分解呈现,基础动作与身体控制,动作示范优于口头讲解,主要讨论新动作和教具的呈现流程。,proposed,,passed
1736,1534,95a2b60b997de31375247fca056264b6b61a9ea97e4916c745fe535aab5868fa,为什么要用轻便桌椅让孩子自由移动,课堂组织与行为支持,儿童可及环境与独立流程,家校协同与家庭支持,环境的设计决定孩子的独立性,核心是用环境尺寸、重量和流程减少依赖。,proposed,,passed
1737,1535,02fbd7ebeebbff2926e98995dbd6d05a2e84c9a36a1f52e8302e4ec96f3c7807,孩子的精神需求比物质需求更重要吗,家校协同与家庭支持,陪伴质量与精神需求,情绪与心理支持,被看见、被回应、被陪伴,主旨是帮助家长用专属陪伴满足连接需求。,proposed,,passed
1738,1536,20ef66f4d785e51e938793773fe3f338c076a2452713e7b4169704879ae91d4e,什么是儿童之家，真正属于孩子的环境长什么样,课堂组织与行为支持,儿童之家与环境可及性,教学设计与教练方法,所有东西都按孩子的尺寸和能力设计,主要是儿童环境设计与独立秩序支持。,proposed,,passed
1739,1537,7eb94729d8e03c06c034b720f411157b3443f503beb2437361d01df3b6c9bed4,游戏是孩子的功课这句话什么意思,教学设计与教练方法,游戏化学习与发展目标,认知注意与执行功能,游戏本身就是最高效的儿童学习形态,核心是为游戏设置发展目标并向家长解释。,proposed,专业复核,passed
1740,1538,681a66ceacfc1ec091e89e49c738e7352ea8d9049135213881471c94a4490716,怎么听懂孩子游戏里的语言,同伴互动与社会性,游戏观察与儿童表达,情绪与心理支持,游戏是孩子的语言,主旨是通过主题、角色、情节和冲突观察儿童。,proposed,专业复核,passed
1741,1539,07c30dce19b9d0ea4348e85fa653dda017f4408b5a083cbefbbce585e7072d6d,为什么孩子玩角色扮演时会突然变得讲道理,课堂组织与行为支持,角色扮演与规则内化,教学设计与教练方法,把规则装进角色里,核心是以假装框架降低冲动并支持规则遵守。,proposed,专业复核,passed
1742,1540,dc3e2b39f30e276776273f723fa4b332fa8e57589a563b9dd6fb8c383c5dd48f,孩子编的故事里藏着什么,情绪与心理支持,故事性游戏与情绪表达,认知注意与执行功能,故事里藏着发展的密码,主要解读儿童故事中的经验、能力和情绪表达。,proposed,专业复核,passed
1743,1541,aab2983e44c61c2576fc01177b8fa19e41ee6d344eba72d0f0f335de12fef487,孩子游戏中的害怕主题需要干预吗,情绪与心理支持,游戏中的恐惧加工,课堂组织与行为支持,在可控的游戏里重演害怕的场景,核心是区分可控加工和持续困扰并提供安全框架。,proposed,专业复核,passed
1744,1542,7365a6a40c14e7aa2ba4fa5fa57511e98778226da2101fd46900e1d914c723bc,抢椅子这类淘汰游戏要不要玩,情绪与心理支持,淘汰游戏与挫败调节,同伴互动与社会性,淘汰即转角色而非出局,主旨是改造竞争结构以保护失败后的参与和情绪。,proposed,,passed
1745,1543,f46cc1f7e6e6946a0d98b1dbba9d4ba6aff9a5af9e9986e988417601eff80929,如何让孩子把游戏里的想法说出来,教学设计与教练方法,游戏后观察式对话,认知注意与执行功能,用具体的观察代替抽象的问题,核心是用对话技术让儿童表达游戏想法。,proposed,,passed
1746,1544,24f0fbc31c84048ef982aaf3889b868a4b081d6c49cad4ca7d274fbe80a9aa49,孩子把幻想当真说谎了吗,儿童生长与发育,幻想现实区分与发展性澄清,情绪与心理支持,想象与现实的边界还没建立,主旨是保护想象表达并温和建立现实边界。,proposed,专业复核,passed
1747,1545,9bfdb88c4544bae4984ef5f4ec076d67613bdbabee55b3e252638b41a2fef963,家庭氛围对孩子课堂状态的影响有多大,家校协同与家庭支持,家庭氛围与课堂安全感,情绪与心理支持,家庭氛围是影响孩子课堂状态的首要环境因素,核心是识别家庭背景对状态的影响并守住教练边界。,proposed,专业复核,passed
1748,1546,d8683bfce4aedb3bf984bcedfbd2b13d6b669d06883b7da31e3a09a3234e15dd,家长总把孩子当对手较劲，教练怎么引导,家校协同与家庭支持,亲子对抗转合作,情绪与心理支持,把比个高下换成并肩作战,主旨是引导家长改善对抗式互动。,proposed,,passed
1749,1547,eb3e64dd2ec9c987dcb643268821279f75a419dc35559918fb0a480593c5adf1,家长接送时一直刷手机，教练要提醒吗,家校协同与家庭支持,接送时刻亲子联结,情绪与心理支持,接送时刻是亲子联结的黄金窗口,核心是用联结仪式改善家长回应质量。,proposed,,passed
1750,1548,8124a76ff6b80b18a26d064e3536e8caa4f381c67cc9a3152fe4f707a292a037,怎么说孩子才不会觉得被贴标签,家校协同与家庭支持,行为描述替代人格标签,情绪与心理支持,描述行为而非定义人格,主旨是调整成人反馈语言，保护儿童可改变感。,proposed,,passed
1751,1549,0e22dd452fff208c0475d976fbea429090899fc75a117795f0b002ca8449fcb7,教练对孩子发了火，关系还能修复吗,教练职业发展,师生关系破裂与修复,情绪与心理支持,冷静、承认、弥补、继续,核心是教练发火后的关系修复和边界维护。,proposed,,passed
1752,1550,041ed2ec69e3c8e19762a632614142d672a2d5b28e31e8c811ae2bb586bba1b7,为什么不能只看孩子的单个行为下结论,体测与观察评估,多情境行为观察与动机,认知注意与执行功能,不能只看单个行为下结论,主旨是用目标、情境和模式避免行为误判。,proposed,专业复核,passed
1753,1551,f73495b7b6a81a5881b1c3e172a115240c8a20b302b8c6ba2e291dde90793dcf,孩子的好胜心太强，是好事吗,情绪与心理支持,好胜心与自我比较,同伴互动与社会性,把它引导成与自己的竞争,核心是调节输赢情绪并建立个人进步坐标。,proposed,专业复核,passed
1754,1552,45d31087d12acf8d366581d5b653d7b84dd6b499d73cbafe030924513cea048d,孩子为了赢不择手段时怎么引导,课堂组织与行为支持,作弊行为与规则内化,情绪与心理支持,重建赢的路径,主旨是处理作弊动机并以正当胜利替代羞辱惩罚。,proposed,,passed
1755,1553,dafb65337e6c4d0c9cf585ce9118e3f05af1f8dadd252ef307ae44564c639305,孩子故意不好好练，可能是懒惰策略,情绪与心理支持,失败恐惧与保护性懒惰,教学设计与教练方法,让努力变得安全，让失败不丢脸,核心是降低失败风险以恢复练习投入。,proposed,专业复核,passed
1756,1554,6b7b9fdf8b145c3ef07786ae522bc6a2718d563dcd890e2f672b0598a3466e86,孩子自卑是怎么形成的,情绪与心理支持,自卑与成功经验重建,教学设计与教练方法,让孩子在真实的小事上反复赢,主旨是用可完成任务重建自我评价。,proposed,专业复核,passed
1757,1555,5c8b82d68057a6c829f8c3f9cbd38799fc71e92577e8c63d740e7bb403a1a676,决定孩子成长的是天赋还是环境,儿童生长与发育,能力可塑性与成长归因,教学设计与教练方法,天赋决定起点，看法决定方向,核心是从天赋标签转向方法和练习归因。,proposed,专业复核,passed
1758,1556,4c3ae157e220f2294bb15414402122da05f2627cf61607a6f08952a721aee706,家中排行会影响孩子的课堂表现吗,家校协同与家庭支持,家庭排行与心理位置,情绪与心理支持,排行不是命运的判决书,主旨是理解排行倾向并避免套用标签。,proposed,专业复核,passed
1759,1557,d46f582ca30e813ce4c44623b97bed6f30008b0963ca2eeb615b562ba49b4233,新环境是孩子发展的试金石,情绪与心理支持,新环境适应与安全锚点,家校协同与家庭支持,适应表现背后的准备度缺口,核心是识别安全感、分离、社交和独立准备度。,proposed,专业复核,passed
1760,1558,8641eecc149ab0909ed3c1178ef1c5ba8ae623a4af73cf87e72c647b65e00afc,孩子成绩下滑就说明退步了吗,体测与观察评估,多维成长记录与成绩波动,认知注意与执行功能,成长是多维度的,主旨是用全景记录避免用单次成绩判断退步。,proposed,专业复核,passed
1761,1559,50ba68399fc0efb290c9890ac74d25f1d956f193668a0b48f73390e16eb8c065,生病后的孩子变得娇气难带，怎么办,家校协同与家庭支持,病后退行与独立恢复,情绪与心理支持,温和地把病前的能力和节奏还给病后的孩子,核心是阶梯式恢复自理并保留关心。,proposed,专业复核,passed
1762,1560,9095fba6b39a594a1fdacd09747ec66600b1e9c301a3b4d803e772cd1e09f31c,教练如何面对总是没效果的坚持,教练职业发展,教育效果滞后与持续迭代,教学设计与教练方法,成长的周期比教学的周期长,主旨是用长周期小台阶记录支持教练坚持和调整。,proposed,专业复核,passed
1763,1561,e1ee4d3656c5d89d8ac103a2a0e56fed6f9e20e636bb5966f5191737e5db0d34,被哥哥姐姐比下去的孩子，教练如何支持,情绪与心理支持,兄姐比较与独立价值,家校协同与家庭支持,建立独立的坐标系,核心是帮助被比较儿童以自身进步建立价值感。,proposed,专业复核,passed
1764,1562,d1b747b914b2df28f27fabec577bd4af9b14671828a45ae5450ebd3b04898727,口吃的孩子上课不敢发言，教练怎么帮,课堂组织与行为支持,口吃儿童的低压力参与,同伴互动与社会性,不纠错、不催促、不围观,主旨是提供替代参与通道并降低口语压力。,proposed,专业复核,passed
1765,1563,d6b02324b4368f313d13845f8fa7accc2a69e6629bfb9f931aa76c230e501e46,基因决定孩子的发展上限吗,儿童生长与发育,基因环境与能力可塑性,家校协同与家庭支持,基因只是配角，环境才是主角,核心是讨论遗传倾向与环境经验的关系并避免决定论。,proposed,专业复核,passed
1766,1564,1c9ff645e33f63183cc42093d0c6a65c153a5e9799f35446950f89922595cd06,儿童大脑的吸收力有多强,儿童生长与发育,儿童大脑吸收与环境输入,教学设计与教练方法,环境的质量就是大脑的质量,主旨是强调儿童对示范和环境经验的吸收。,proposed,专业复核,passed
1767,1565,63bae192720fff0671a5abb2adb8b1e14bf158c21bdfe0334216c5a43dc673e7,为什么日常小事对大脑发育最重要,家校协同与家庭支持,日常生活经验与大脑发展,教学设计与教练方法,大脑借生活经验成熟,核心是把生活自理和互动作为家庭发展支持重点。,proposed,专业复核,passed
1768,1566,b1bf1ab93381992eae3324e288248cb577d07f710d1561a924d2d35cac7c5b14,敏感期错过了还能补吗,儿童生长与发育,敏感期与可弥补性,家校协同与家庭支持,敏感期可以部分弥补,主旨是解释窗口期重要性并避免倒计时焦虑。,proposed,专业复核,passed
1769,1567,0039f1e54c3791581208b8307aadb7030070efbd2a4ee05ba89674a998026306,语言环境贫富对大脑的影响,家校协同与家庭支持,家庭语言输入与对话,儿童生长与发育,最常听到的语言塑造大脑,核心是用家庭对话数量和质量支持语言发展。,proposed,专业复核,passed
1770,1568,8b5db2b01706ac031c8cedc202b600dd9dca5649fcc62d4f514d7cdbb81a5d78,社交剥夺对大脑发育的伤害,同伴互动与社会性,社交剥夺与安全社交入口,情绪与心理支持,社交不是孩子的选修课,主旨是区分慢热与长期隔离并渐进恢复同伴互动。,proposed,专业复核,passed
1771,1569,20a5885770123ab22f785e87686a87db5365ed82378920cde2bf6b0803b4a572,社会联系是学习的催化剂,同伴互动与社会性,社会联系促进共同学习,教学设计与教练方法,把孤立的练习变成有同伴的互动,核心是通过双人、小组、互教和合作提升学习投入。,proposed,专业复核,passed
1772,1570,e8862f0f19482513d4bd5849ab72db12d8a307b6b05e194264e71e74967f6c7c,快乐轻松的氛围能培养能力吗,课堂组织与行为支持,快乐氛围与规则自律,情绪与心理支持,快乐氛围与自律并行不悖,主旨是设计有结构的轻松课堂并促进规则内化。,proposed,专业复核,passed
1773,1571,9e5252cca4bea4c0375b5591620a399d58775db9198ba13c5968559bd1628f4e,混龄班为什么能先进带后进,同伴互动与社会性,混龄互助与教学相长,教学设计与教练方法,混龄是资源,核心是结构化大带小并保护双方个体进度。,proposed,专业复核,passed
1774,1572,f41c7ef819b1a1b1ceb6fc16e95ce502d34425e61e9a227553545fba54379f48,让孩子自己发现错误比纠正更有效吗,教学设计与教练方法,自我发现错误与反馈设计,认知注意与执行功能,让孩子自己发现错误,主旨是根据基础熟练度设计自我觉察和纠错机会。,proposed,专业复核,passed
1775,1573,91ce0bcd6f7566e17f2bb0ed97d8b35e04dca5cb9580b38f2f447575746a8bda,三段式教学怎么用在运动课堂,教学设计与教练方法,三段式动作教学,认知注意与执行功能,命名-识别-确认,核心是将认知台阶用于运动动作学习。,proposed,专业复核,passed
1776,1574,d5913eafba5d7248cd913de7322e8867876893848d2f3555c499b2ef50d3520a,为什么孩子需要接触大自然,教学设计与教练方法,自然探索与开放学习,认知注意与执行功能,大自然是不可替代的学习环境,主旨是保留自然中的自由观察、探索和分享。,proposed,专业复核,passed
1777,1575,1fdc65b3f56994f5e8b66dc440aac0ae5962b4b7d0970a43d33fcbb1c55a603d,教练方法用尽还是没用时，先看什么,教练职业发展,教练无助感与状态觉察,教学设计与教练方法,把焦点从孩子身上转回自己身上,核心是处理方法失效时的教练情绪、期待和倦怠。,proposed,专业复核,passed
1778,1576,c0cab5412f5f5630b902f13334395854541019c925c9193b8ff04c7d2d6491a6,亲子冲突的根源真的在孩子身上吗,家校协同与家庭支持,亲子冲突循环与家长觉察,情绪与心理支持,真正制造冲突的是家长把焦点放在孩子身上而忽视了自己的部分,主旨是将冲突分析焦点转向互动模式并守边界。,proposed,专业复核,passed
1779,1577,d29084bc031cc59ea2e4f86ca12f3c592f518f2951698b37c3b49fc08b3bbf8a,为什么孩子一哭我就特别烦躁,教练职业发展,哭声触发与教练自我觉察,情绪与心理支持,烦躁不是孩子的错，是我们内心的回响,核心是识别教练自身触发源并先安顿自己。,proposed,专业复核,passed
1780,1578,d02b0951574d8fbd478b18282885d931e3c4189fbd2f1281eae6080e02be0eba,对孩子期待太高会有什么代价,家校协同与家庭支持,家长高期待与儿童主体性,情绪与心理支持,电影的主角必须是孩子自己,主旨是把孩子兴趣和声音带回家长规划。,proposed,专业复核,passed
1781,1579,d1e2e5109cf0248f3d6759581a7a108422d56510df95e4a277f100ea8d0a39d4,自己没实现的梦想，要让孩子实现吗,家校协同与家庭支持,代际梦想投射与选择权,情绪与心理支持,让上一代的故事止步于这一代,核心是区分家长遗憾与孩子愿望。,proposed,专业复核,passed
1782,1580,1a2fc1b2e70b8664b8a7284cb5d8b96bff1a03c02f6e6555a812ec177e6e7b2e,关心和控制怎么区分,家校协同与家庭支持,关心控制与自主支持,课堂组织与行为支持,关心是站在孩子旁边,主旨是识别代办控制并把可做的事情还给孩子。,proposed,专业复核,passed
1783,1581,e41347f2fd61e94504d9b1b80cab4ee7a077bc10bd8351ea2ffaaa24c1814bb3,‘我吼你是因为爱你’这句话的问题在哪,家校协同与家庭支持,吼叫伤害与关系修复,情绪与心理支持,爱不需要伤害作证明,核心是拆开爱与伤害并提供非暴力表达和修复。,proposed,专业复核,passed
1784,1582,26d381d3895a0d4e5d2181a372bd48361d1ea290118e72f0b0ff1bcc13421e55,什么是无条件的爱，课堂上做得到吗,情绪与心理支持,无条件接纳与行为边界,课堂组织与行为支持,接纳的是人，约束的是行为,主旨是维持儿童安全感同时坚持课堂规则。,proposed,专业复核,passed
1785,1583,745b676a76e75658ac89b0a5db3e9b0bccc2976e91868f8e44ccdc47b7f04070,追求完美 parenting 为什么有害,教练职业发展,完美主义与持续改进,情绪与心理支持,把标准从完美换成成长,核心是处理教练自我苛责并示范接纳失误。,proposed,专业复核,passed
1786,1584,e534e76ef194b471be683d89475d56c4fb506bdbe51aed4f5201b3bd3eb9a2f6,孩子让你头疼时，先问自己什么,教练职业发展,教练期待与儿童观察,课堂组织与行为支持,头疼源于未满足的幻想与期待,主旨是调整教练理想画像，以事实观察替代评判。,proposed,专业复核,passed
1787,1585,d1e49838d6e6b21ab1e54a8fe047f24f5dc6b04c10304ed6812a9d16a67d2dfe,安静练习怎么做：一堂课练专注和自控,认知注意与执行功能,安静练习与自我控制,课堂组织与行为支持,安静从被要求变成被练习,核心是以预备、示范、渐进练习和分享培养专注自控。,proposed,专业复核,passed
1788,1586,f5e42c1faefe9232325d2ff90188e9bb1460e5ac2e01917593fbc8fb245558a5,三阶段教学法：教任何新动作的通用框架,教学设计与教练方法,三阶段新动作认知框架,认知注意与执行功能,命名（这是什么）—辨认（找出它）—发音（说出它）,主旨是将认识、辨别和输出用于新动作及器材教学。,proposed,专业复核,passed
1789,1587,ac220a097e03683bc2f49a098cd8cb1766954edb512c00bb1b7c2d61ad4274da,线上行走：一条线练平衡、节奏和自控,基础动作与身体控制,线上行走平衡节奏自控,认知注意与执行功能,平衡、节奏、自控同时被训练,核心是直线行走的身体控制和注意训练。,proposed,,passed
1790,1588,847aade02751f862807beb5940604e84a7df169246d87ae9f4546b86a6f886af,蒙眼触摸游戏：练触觉也练勇气,感觉统合,触觉辨别与可控不确定,情绪与心理支持,失去视觉后，触觉被迫承担主要的信息通道,正文明确触觉输入与辨别目标，归入感觉统合。,proposed,专业复核,passed
1791,1589,3f98dab764cbc7a112ec4bb190032ed56d64afbd7cf61172ee9f2c28756f63e6,色彩配对到排序：辨别能力的三级进阶,认知注意与执行功能,配对分类排序进阶,教学设计与教练方法,配对、分类、排序,核心是按认知难度设计辨别能力的逐级练习。,proposed,专业复核,passed
1792,1590,de8c14796c449399c0d6087e5749443c09b3adbc979d735c52c98cadebc76bc2,观察法：教练怎么才能真正看懂孩子,体测与观察评估,结构化观察与行为证据,教学设计与教练方法,看什么、怎么看、看多久、记什么,主旨是建立四维观察框架后再干预。,proposed,,passed
1793,1591,4ede08802e7dff51e7fc68dacb5e8beef8dfa3e99d97e78d8219c423a641bc73,教练的精神自检：上课前先检查自己,教练职业发展,课前自检与成人自我中心,教学设计与教练方法,我的状态如何？我的期待是什么？我在控制还是支持？,核心是通过自检调整教练节奏、期待和控制。,proposed,专业复核,passed
1794,1592,98e1987600f7135050cfc214f5f263da722529f1e748fd9d2719406f8043bc85,喜欢清单与抵制清单：识别孩子真实偏好,体测与观察评估,喜欢与抵制偏好记录,教学设计与教练方法,把偏好变成数据,主旨是用两张清单支持课程取材和渐进改造。,proposed,,passed
1795,1593,16e3df9ab31645fa6cff27d34e6d503929b48d7547255a88809a99cec55724ab,帮助孩子建立自信的日常微实践,情绪与心理支持,自信与真实完成,教学设计与教练方法,自信来自真实的完成,核心是用可完成的微任务积累胜任体验。,proposed,专业复核,passed
1796,1594,a9dad8e4e2a82dd9293e8fedfa0e365404febd6c017bdfb63e700d641d8720b4,孩子一输就哭，教练怎么接,情绪与心理支持,输后情绪收口与恢复,同伴互动与社会性,先接住情绪（收口），再帮孩子恢复（恢复话术）,主旨是按情绪高峰、平复、恢复顺序处理失败。,proposed,,passed
1797,1595,9ef479820901a7edc86c8b02b27a6a277a074205b4ce3cf794558f71b22c7365,孩子输了就不玩了，如何留住参与,情绪与心理支持,失败成本与游戏回归,同伴互动与社会性,让失败变得可承受，让游戏变得可回归,核心是改造淘汰结构并设置重新参与台阶。,proposed,,passed
1798,1596,9dc872603cb9f8c4f6a26491f0ce4f1bbb7d84e7668df10f71c691857d884f90,被拒绝就情绪爆炸，教练当场怎么回应,情绪与心理支持,被拒绝后的即时情绪安顿,同伴互动与社会性,先安顿情绪再处理事情,主旨是提供被拒绝后先安顿情绪的短流程。,proposed,,passed
1799,1597,7c64fbe8eb962d8c685ecb35d102def0a09a3b7a8fa524241fea40e4ca8c7d0a,孩子被拒绝后缓不过来，怎么帮恢复,情绪与心理支持,受挫后的身体恢复流程,同伴互动与社会性,情绪平复（不哭了）和情绪恢复（回到稳定状态）是两回事,核心是先用熟悉成功任务恢复状态，再延后认知复盘。,proposed,,passed
1800,1598,1fd6b2a84202f7d15e3307d1947265f266975e76cecc85ca58816bb27a3c0067,孩子总被排斥不敢再试，怎么重建社交勇气,同伴互动与社会性,社交勇气渐进重建,情绪与心理支持,从低风险接触开始,主旨是通过一对一、小组和成功经验恢复社交尝试。,proposed,,passed
1801,1599,789fe4088462116d9845075240b97f01b016eff62c394b3470f3d713f1825303,孩子站在旁边不敢加入游戏，怎么推一把,同伴互动与社会性,加入游戏的社交脚本,课堂组织与行为支持,给入口——一个固定开场句（我可以和你们一起玩吗？）加上任务式加入,核心是教儿童用句式和角色进入同伴游戏。,proposed,,passed
1802,1600,6f043557871c38c7dc6452b1deec6a0666cccd47894533100b82071cb4067824,交不到朋友的孩子，教练能做什么,同伴互动与社会性,连接技能与交友脚手架,情绪与心理支持,配对、示范、搭桥、演练、反馈,主旨是用五个连接动作教儿童建立同伴关系。,proposed,,passed
1803,1601,3bf6332067a1cbd9245fe7cc28f9014c4281b0dd759e14e529c75168e8584bf5,一到现场规则就守不住，怎么办,课堂组织与行为支持,核心规则与认知负荷,教学设计与教练方法,规则太多等于没有规则,核心是压缩规则并嵌入场景以提升遵守,proposed,,passed
1804,1602,b8377765ed9c12d358729264b407261673312f5739fa490a87f2730cadfe6a48,孩子一被拒绝就哭，先接情绪还是讲道理,情绪与心理支持,情绪接纳与边界,课堂组织与行为支持,先接情绪再守边界,主要教授情绪安顿后进行行为边界教育,proposed,,passed
1805,1603,97947c501a1e71da3075c432b19913b78c390712b6e75c9af633aee9c480a985,孩子2岁还不怎么说话，正常吗,儿童生长与发育,语言发展观察与转介,家校协同与家庭支持,语言发展区间很宽,核心是用趋势和个体差异观察语言发展,needs_review,专业复核,passed
1806,1604,a7653f6143c82c7fae8ff1be8db5c75a70c6d98e30a30e3cee5c65d8d6f95272,孩子在家不听话到处乱跑，怎么让他安静,儿童生长与发育,活动量与行为调节,耐力与体适能;家校协同与家庭支持,活动量需要出口,主要解释运动需求与安静行为的关系,needs_review,专业复核,passed
1807,1605,9f60276c1a9b6f39e5fa0ff231ef1b906446dae52a92d1c2b096ab9b78125999,孩子4岁还不会认字，是不是太晚了,儿童生长与发育,读写准备与亲子阅读,家校协同与家庭支持,兴趣先于认字,核心是读写准备和避免过早识字压力,needs_review,专业复核,passed
1808,1606,69340a949da6ccd20bcc224d66e2039ddb5d0f1947522595f5617fe5e9f39f76,孩子总抢别人东西，是天生贪婪吗,同伴互动与社会性,物权边界与分享,情绪与心理支持,先确认我的，再练习分享,主要解决抢物行为中的边界和社交规则,proposed,,passed
1809,1607,17188b9db1edca9a3221717728217baa9c6efcbc732c7b26b99b56c2af936334,孩子整天跑来跑去一刻不停，正常吗,儿童生长与发育,活动量与专注调节,认知注意与执行功能;家校协同与家庭支持,看切换、看投入,核心是区分高活动量与持续调节困难,needs_review,专业复核,passed
1810,1608,d49143300c462dafc3fcc291e318601fcfb98d5c49ec0f236d29293888041e91,孩子顽皮淘气的真正原因是什么,课堂组织与行为支持,行为需求识别,情绪与心理支持,行为在表达需求,主要教授从行为表象翻译参与、关注和探索需求,proposed,,passed
1811,1609,21f37b95c93f0847169d22f39093abedf90b06e74080b90309fae54e30411f4e,如何设计一堂孩子自己纠正错误的游戏课,教学设计与教练方法,任务内在反馈与自主纠错,认知注意与执行功能,自我纠错是比纠正更高级的教学机制,核心是设计可见结果让儿童自主修正,proposed,,passed
1812,1610,cf905a988bfe04b38a0a8c47363cdf8a7266b03d9b58de4c62d8f14607bdffe0,重量感觉也能训练吗,感觉统合,本体觉与重量辨别,基础动作与身体控制,重量感觉可以训练,正文明确聚焦本体觉和重量辨别训练,needs_review,专业复核,passed
1813,1611,e5a934d2f2863013864465321719435afd7630a57e4683bc733fb4a24b01001c,嗅觉味觉也能进课堂吗,感觉统合,嗅觉味觉辨别与课堂支持,家校协同与家庭支持,嗅觉味觉也能进课堂,核心是把真实用餐转为嗅味觉辨别和语言活动,needs_review,专业复核,passed
1814,1612,ed795be34eb2ea1ae2b67037fd6ec37ccd294ac8d0102ff75efcf5800a5d5dcb,积木怎么玩出尺寸辨识,认知注意与执行功能,视觉尺寸辨别,基础动作与身体控制,积木是尺寸辨识的好教具,主要训练大小比较、配对和排序,proposed,,passed
1815,1613,a05e9a6efdc92748ac8b2e9314afea33b2925791dab96d30de0fd7ecf638e6ee,从涂色到握笔：书写准备怎么做,基础动作与身体控制,精细动作与书写准备,儿童生长与发育;家校协同与家庭支持,书写准备靠精细动作的间接准备,核心是手指力量、手眼协调和控笔准备,needs_review,专业复核,passed
1816,1614,d2f27e98d931b28dfb10b88c8e9ab70d3236bc7dc2e14da50d114cc2f3f7a756,数字概念怎么从游戏里长出来,认知注意与执行功能,数物对应与数感,教学设计与教练方法,数字概念从游戏里长出来,主要教授在真实游戏中建立数量对应,proposed,,passed
1817,1615,083becfbd06715d4bf9b304bbd80da33be6d662fc3e547d7b0fd696220562fd2,怎么给孩子讲清楚情绪是干什么的,情绪与心理支持,情绪功能与情绪素养,基础动作与身体控制,情绪不是敌人，是信使,核心是解释恐惧愤怒等情绪功能并配合调节,proposed,,passed
1818,1616,44f5749c9e04014de0e922176cba733acdc53a9b5e7b8f11e10dac5bd73009c1,帮孩子识别并命名感觉的完整做法,情绪与心理支持,情绪识别与命名,认知注意与执行功能,识别加命名,主要训练身体线索、情境线索和精确情绪词,proposed,,passed
1819,1617,903a79f010ce791340cc7a11469bdc7fc3abc94af80d8d063dca8b9d70f3c20e,情绪日记怎么用在孩子身上,情绪与心理支持,情绪监测与触发模式,家校协同与家庭支持,情绪日记是发现情绪触发模式的工作,核心是记录并回看事件反应规律,proposed,,passed
1820,1618,e7e8a8509ad9b59226bac28e5c80586be8ab6e44a5a24483dc3027ee4219fc67,孩子抗拒自己的情绪时怎么引导,情绪与心理支持,情绪接纳与应对流程,认知注意与执行功能,识别、接受、归因、行动,主要教授IAAA情绪处理流程,proposed,,passed
1821,1619,5170b4e0bf3d5bc59fe2552f48d92aef6a74da58b53e0968abc43a5c70e4024a,孩子只会哭不会说，怎么教他表达感受,情绪与心理支持,感受需求表达,语言发展与沟通,说清需求,核心是情绪平复后用句式表达感受原因和需求,proposed,,passed
1822,1620,adccf3787b4cef277fb146283d0e63ce56f97940c6cc53279b9a0e90e6ef9770,同伴闹矛盾时的情绪怎么教孩子处理,同伴互动与社会性,冲突协商与双向情绪,情绪与心理支持;课堂组织与行为支持,双方都有情绪和立场,主要教授冲突双方表达需求并共同协商,proposed,,passed
1823,1621,f8e231657475836cf70d37f7b926b8225fff5d1d338d0ca7219caa963235006c,教练情绪上头时，怎么快速自我安抚,教练职业发展,教练情绪自我调节,情绪与心理支持,感官、运动、认知三类工具,核心是教练处理自身情绪后再进入课堂,proposed,,passed
1824,1622,8debf5dfbebd855820cced3b579b73aefc34c761dca66b49889cc2f912350828,教练总自责上课没带好，怎么办,教练职业发展,自我同情与复盘改进,情绪与心理支持,五个自我同情原则,主要把职业自责转化为具体改进行动,proposed,,passed
1825,1623,ff44d5ef8b38eefb40d0483e4d41079c8c25f6b5a61a15f34d07376e302af803,怎么通过提问真正理解孩子和家长的内心,家校协同与家庭支持,纵向提问与信息采集,销售与服务沟通;体测与观察评估,提问的深度决定信息的深度,核心是通过经历事件和感受理解儿童家庭,proposed,,passed
1826,1624,c1f76056acae6ee9e17935074b61131a7dd1412ad6e2185220ca06ab42bc485d,教练如何借助好恶清单认清自己的教学偏好,教练职业发展,教学偏好与公平关注,课堂组织与行为支持,好恶清单：写下我喜欢什么类型的孩子、我讨厌什么类型的孩子,主要帮助教练识别关注分配盲区,proposed,,passed
1827,1625,a5f650ea0fea513e622a0db810030d2350132dff18c4e127a4cfb2082f337329,不会拒绝的教练如何说'不',教练职业发展,工作边界与温和拒绝,情绪与心理支持,边界感是避免耗竭的必需品,核心是识别承受范围并练习拒绝,proposed,,passed
1828,1626,abc1cf50db37015d204d4ffe1d0e44008d25e726ee4b24c7d246495f8ed24a16,课始三分钟：晨间运动启动仪式怎么设计,课堂组织与行为支持,仪式化开场与状态切换,教学设计与教练方法,课始三分钟是课堂的启动引擎,主要设计固定信号和序列降低入场切换成本,proposed,,passed
1829,1627,d02b98f7aa001cbce2f5b06f42bf4dfdc6641656838ff080f20fc91e639e39cf,孩子怎么学会感知自己的运动强度,体测与观察评估,运动强度感知与脉搏观察,安全防护与健康边界,摸脉搏数十秒,核心是教儿童用心率线索感知和调整强度,needs_review,专业复核,passed
1830,1628,146c8613768eff00b913431fc024a1a7dcbd485a969ac761b83fff753fe4a6c3,跳绳除了练协调还能减压吗,情绪与心理支持,节奏运动与压力调节,柔韧与活动度;耐力与体适能,跳绳除了练协调，还能减压,主要教学目标是用中低强度节奏跳绳调节情绪,needs_review,专业复核,passed
1831,1629,882be3086d478b9fdf36b45944bf52ad763adb0d60e5496a9488ac5f68dd0cdd,孩子课中情绪激动，呼吸练习怎么做才有效,情绪与心理支持,儿童呼吸调节,基础动作与身体控制,30秒到1分钟的游戏化呼吸,核心是儿童版短时游戏化呼吸支持情绪平复,needs_review,专业复核,passed
1832,1630,722558fae8d1c49495d8599b5d4fd3a51aabde2335ba6c228fc8144cfbb0fc27,考试或测评当天，课前怎么安排运动,安全防护与健康边界,测评前运动安排,耐力与体适能;情绪与心理支持,测评前30-60分钟,核心是测评前运动的时间强度时长控制,needs_review,专业复核,passed
1833,1631,67150ca980265b94120225305f94c926a9b13a8ced5f59543e88c0e0eed463cb,孩子放学就想刷手机，怎么用运动替代,家校协同与家庭支持,屏幕使用替代与家庭运动,情绪与心理支持;耐力与体适能,替代而非禁止,主要提供用有趣同伴运动承接屏幕需求的方法,proposed,,passed
1834,1632,b0fcbe7ddf8516dc75dc2b6d7a2db60d45883bfd44dc2d92c74e8c24241e9ec6,攀岩墙能练信任吗,同伴互动与社会性,信任责任与保护角色,安全防护与健康边界,攀岩墙能练的不只是攀爬,核心是保护者与攀爬者的责任信任教育,needs_review,专业复核,passed
1835,1633,bfcde3cae33369672fa6efc2050e8f15cefdd9db3e9561ac15fc3effdbbf7058,情绪温度计怎么教孩子给自己的状态打分,情绪与心理支持,情绪量表与自我觉察,体测与观察评估,1-10分的自我评估,主要用数字让儿童表达并追踪状态,proposed,,passed
1836,1634,5ccd122a0f3d8832ed8ca0079ee2096114e9275648d9f4058fd1100d0a97cf00,30秒冲刺对孩子有什么特别好处,耐力与体适能,短时高强度间歇,速度敏捷与反应;安全防护与健康边界,短时高强度冲刺（30秒）,核心是儿童冲刺时长、间歇和频率边界,needs_review,专业复核,passed
1837,1635,cabd7139bdee2ceb57eafffe76d455ff5ecb397088ea550cba7eac6990999b25,方块舞能社交什么,同伴互动与社会性,结构化社交与换伴,情绪与心理支持,结构化换伴的设计,主要用固定舞步和换伴降低社交不确定性,proposed,,passed
1838,1636,0cc4a3e8eb365db70dd4dd426ca3c4573a4d86ebb9c463d05e2e8f2b2352312b,运动后到底适不适合马上学东西,认知注意与执行功能,运动后学习与课程顺序,教学设计与教练方法,运动后是专注学习的黄金窗口,核心是把认知学习安排在运动后,needs_review,专业复核,passed
1839,1637,96899db273f972d46d3463e8d82f5eb4a6df88bad1ce3f2e670cb7a5fdf707cf,日行万步对孩子现实吗,耐力与体适能,儿童活动量目标,家校协同与家庭支持,每天至少60分钟中高强度活动,主要纠正成人步数目标并强调儿童活动时间和强度,needs_review,专业复核,passed
1840,1638,9fedccb78a8be3463b98daeb7b39d83f6317655cf51e173545f1a9d498e2c6b3,亲子功夫时间练什么,家校协同与家庭支持,亲子协同运动,同伴互动与社会性,一起动，是家庭运动最好的起点,核心是低门槛亲子协同游戏启动家庭运动,proposed,,passed
1841,1639,7a176d4f826ab391cf8aec728bb6af1e78f5e136fabb0df9837413fa5c5c685a,思维导图能帮孩子理清动作要领吗,教学设计与教练方法,图示化动作教学,认知注意与执行功能,思维导图能帮孩子理清动作要领,主要用图示结构降低动作要领的认知负荷,proposed,,passed
1842,1640,f71976034f64d0c9ef0849d3c4ba8898b11ceddebffcb46164bb7d6065ea429e,学杂耍能练什么：TEFCAS学习法,教学设计与教练方法,尝试反馈调整循环,安全防护与健康边界,尝试-反馈-调整循环,核心是用TEFCAS组织高难动作学习,needs_review,专业复核,passed
1843,1641,e45835747894db5b355e6af36ddd0d78f46572cc455f1803e73ce80d4fa53977,怎么快速记住全班孩子的名字,课堂组织与行为支持,师生关系与名字记忆,情绪与心理支持,名字被记住，孩子感到被重视,主要教授联想和位置锚定以建立公平连接,proposed,,passed
1844,1642,b80c3f554491f3542becf636d97fcd177836999df6879f9b14313acc019447fd,一物多用的头脑风暴怎么带,认知注意与执行功能,发散思维与开放任务,教学设计与教练方法,发散思维的课堂化练习,核心是用一物多玩法训练开放联想,proposed,,passed
1845,1643,c668e7a0654378099e8d9c19ae4f177d1cba080ee644417929ffaa402c71f768,间隔复习怎么设计进课程,教学设计与教练方法,间隔复习与记忆巩固,认知注意与执行功能,间隔复习（在遗忘发生前适时复习）能把记忆的衰减曲线拉平,主要教授按时间间隔嵌入课程的复习设计,proposed,,passed
1846,1644,3574b72280ab91934bc9a256397eafc7912f6401a2cb977291216b8dbb3dd9f2,达·芬奇观察法能练孩子的什么,认知注意与执行功能,精细观察与动作学习,教学设计与教练方法,细看（仔细看细节）—复述（说出看到什么）—验证（再看一次核对）,核心是通过观察闭环提升动作示范理解,proposed,,passed
1847,1645,4be055874fd37f0e74bb5da53f7d4726cf4b20657a95ea23211ac8545ba1bc75,亲子健脑运动计划怎么开,家校协同与家庭支持,家庭有氧运动计划,耐力与体适能;儿童生长与发育,每周3-5次、每次30-40分钟,主要提供家庭运动频率时长强度和形式框架,needs_review,专业复核,passed
1848,1646,c8f07fe85fa19272726af0aa0df04de7dae23ae4b15562543936141e4870f397,‘不许动’游戏：一个游戏练住自控力,认知注意与执行功能,自控与动停控制,课堂组织与行为支持,音乐停止，所有人立刻定住不动,核心是通过游戏反复练习抑制身体冲动,proposed,,passed
1849,1647,8d02eade2b01960f33410710ac6b78812d7fb7bb8537715f7d70a21444ac8845,用颜色帮孩子认识情绪可行吗,情绪与心理支持,颜色符号与情绪识别,儿童生长与发育,颜色是看得见的符号,主要用颜色作为小龄儿童情绪表达桥梁,needs_review,专业复核,passed
